ISO-10303-21;
HEADER;
/* Generated by software containing ST-Developer
 * from STEP Tools, Inc. (www.steptools.com) 
 */

FILE_DESCRIPTION(
/* description */ (''),
/* implementation_level */ '2;1');

FILE_NAME(
/* name */ '',
/* time_stamp */ '2026-08-05T15:50:59+08:00',
/* author */ (''),
/* organization */ (''),
/* preprocessor_version */ 'ST-DEVELOPER v20.1',
/* originating_system */ 'Autodesk Translation Framework v15.8.0.0',
/* authorisation */ '');

FILE_SCHEMA (('AUTOMOTIVE_DESIGN { 1 0 10303 214 3 1 1 }'));
ENDSEC;

DATA;
#10=MECHANICAL_DESIGN_GEOMETRIC_PRESENTATION_REPRESENTATION('',(#13,#14,
#15),#6805);
#11=SHAPE_REPRESENTATION_RELATIONSHIP('SRR','None',#6811,#12);
#12=ADVANCED_BREP_SHAPE_REPRESENTATION('',(#16,#17,#18),#6804);
#13=STYLED_ITEM('',(#6821),#16);
#14=STYLED_ITEM('',(#6821),#17);
#15=STYLED_ITEM('',(#6821),#18);
#16=MANIFOLD_SOLID_BREP('\X2\5E95677F\X0\',#4281);
#17=MANIFOLD_SOLID_BREP('\X2\56FA5B9A593E\X0\L',#4282);
#18=MANIFOLD_SOLID_BREP('\X2\56FA5B9A593E\X0\R',#4283);
#19=CONICAL_SURFACE('',#4324,2.25,0.785398163397449);
#20=CONICAL_SURFACE('',#4328,2.25,0.78539816339745);
#21=CONICAL_SURFACE('',#4349,2.25,0.78539816339745);
#22=CONICAL_SURFACE('',#4353,2.25,0.785398163397449);
#23=CYLINDRICAL_SURFACE('',#4302,0.5);
#24=CYLINDRICAL_SURFACE('',#4310,0.5);
#25=CYLINDRICAL_SURFACE('',#4317,0.5);
#26=CYLINDRICAL_SURFACE('',#4400,1.63718855848198);
#27=CYLINDRICAL_SURFACE('',#4403,1.63718855848265);
#28=CYLINDRICAL_SURFACE('',#4419,2.5);
#29=CYLINDRICAL_SURFACE('',#4421,2.5);
#30=CYLINDRICAL_SURFACE('',#4430,1.03718855848198);
#31=CYLINDRICAL_SURFACE('',#4450,1.03718855848198);
#32=CYLINDRICAL_SURFACE('',#4459,2.5);
#33=CYLINDRICAL_SURFACE('',#4461,2.5);
#34=FACE_BOUND('',#297,.T.);
#35=FACE_BOUND('',#298,.T.);
#36=FACE_BOUND('',#299,.T.);
#37=FACE_BOUND('',#300,.T.);
#38=FACE_BOUND('',#321,.T.);
#39=FACE_BOUND('',#331,.T.);
#40=FACE_BOUND('',#460,.T.);
#41=FACE_BOUND('',#461,.T.);
#42=FACE_BOUND('',#462,.T.);
#43=FACE_BOUND('',#463,.T.);
#44=FACE_BOUND('',#464,.T.);
#45=FACE_BOUND('',#483,.T.);
#46=FACE_BOUND('',#508,.T.);
#47=CIRCLE('',#4292,2.5);
#48=CIRCLE('',#4293,2.5);
#49=CIRCLE('',#4294,1.03718855848198);
#50=CIRCLE('',#4295,1.03718855848198);
#51=CIRCLE('',#4296,2.5);
#52=CIRCLE('',#4297,2.5);
#53=CIRCLE('',#4298,1.63718855848265);
#54=CIRCLE('',#4299,1.63718855848198);
#55=CIRCLE('',#4303,0.5);
#56=CIRCLE('',#4304,0.5);
#57=CIRCLE('',#4307,2.);
#58=CIRCLE('',#4311,0.5);
#59=CIRCLE('',#4312,0.5);
#60=CIRCLE('',#4315,2.);
#61=CIRCLE('',#4318,0.5);
#62=CIRCLE('',#4319,0.5);
#63=CIRCLE('',#4322,2.);
#64=CIRCLE('',#4325,2.5);
#65=CIRCLE('',#4329,2.5);
#66=CIRCLE('',#4331,1.03718855848198);
#67=CIRCLE('',#4332,1.63718855848265);
#68=CIRCLE('',#4339,2.5);
#69=CIRCLE('',#4343,1.03718855848198);
#70=CIRCLE('',#4344,1.63718855848198);
#71=CIRCLE('',#4348,2.5);
#72=CIRCLE('',#4350,2.5);
#73=CIRCLE('',#4354,2.5);
#74=CIRCLE('',#4355,2.);
#75=FACE_OUTER_BOUND('',#290,.T.);
#76=FACE_OUTER_BOUND('',#291,.T.);
#77=FACE_OUTER_BOUND('',#292,.T.);
#78=FACE_OUTER_BOUND('',#293,.T.);
#79=FACE_OUTER_BOUND('',#294,.T.);
#80=FACE_OUTER_BOUND('',#295,.T.);
#81=FACE_OUTER_BOUND('',#296,.T.);
#82=FACE_OUTER_BOUND('',#301,.T.);
#83=FACE_OUTER_BOUND('',#302,.T.);
#84=FACE_OUTER_BOUND('',#303,.T.);
#85=FACE_OUTER_BOUND('',#304,.T.);
#86=FACE_OUTER_BOUND('',#305,.T.);
#87=FACE_OUTER_BOUND('',#306,.T.);
#88=FACE_OUTER_BOUND('',#307,.T.);
#89=FACE_OUTER_BOUND('',#308,.T.);
#90=FACE_OUTER_BOUND('',#309,.T.);
#91=FACE_OUTER_BOUND('',#310,.T.);
#92=FACE_OUTER_BOUND('',#311,.T.);
#93=FACE_OUTER_BOUND('',#312,.T.);
#94=FACE_OUTER_BOUND('',#313,.T.);
#95=FACE_OUTER_BOUND('',#314,.T.);
#96=FACE_OUTER_BOUND('',#315,.T.);
#97=FACE_OUTER_BOUND('',#316,.T.);
#98=FACE_OUTER_BOUND('',#317,.T.);
#99=FACE_OUTER_BOUND('',#318,.T.);
#100=FACE_OUTER_BOUND('',#319,.T.);
#101=FACE_OUTER_BOUND('',#320,.T.);
#102=FACE_OUTER_BOUND('',#322,.T.);
#103=FACE_OUTER_BOUND('',#323,.T.);
#104=FACE_OUTER_BOUND('',#324,.T.);
#105=FACE_OUTER_BOUND('',#325,.T.);
#106=FACE_OUTER_BOUND('',#326,.T.);
#107=FACE_OUTER_BOUND('',#327,.T.);
#108=FACE_OUTER_BOUND('',#328,.T.);
#109=FACE_OUTER_BOUND('',#329,.T.);
#110=FACE_OUTER_BOUND('',#330,.T.);
#111=FACE_OUTER_BOUND('',#332,.T.);
#112=FACE_OUTER_BOUND('',#333,.T.);
#113=FACE_OUTER_BOUND('',#334,.T.);
#114=FACE_OUTER_BOUND('',#335,.T.);
#115=FACE_OUTER_BOUND('',#336,.T.);
#116=FACE_OUTER_BOUND('',#337,.T.);
#117=FACE_OUTER_BOUND('',#338,.T.);
#118=FACE_OUTER_BOUND('',#339,.T.);
#119=FACE_OUTER_BOUND('',#340,.T.);
#120=FACE_OUTER_BOUND('',#341,.T.);
#121=FACE_OUTER_BOUND('',#342,.T.);
#122=FACE_OUTER_BOUND('',#343,.T.);
#123=FACE_OUTER_BOUND('',#344,.T.);
#124=FACE_OUTER_BOUND('',#345,.T.);
#125=FACE_OUTER_BOUND('',#346,.T.);
#126=FACE_OUTER_BOUND('',#347,.T.);
#127=FACE_OUTER_BOUND('',#348,.T.);
#128=FACE_OUTER_BOUND('',#349,.T.);
#129=FACE_OUTER_BOUND('',#350,.T.);
#130=FACE_OUTER_BOUND('',#351,.T.);
#131=FACE_OUTER_BOUND('',#352,.T.);
#132=FACE_OUTER_BOUND('',#353,.T.);
#133=FACE_OUTER_BOUND('',#354,.T.);
#134=FACE_OUTER_BOUND('',#355,.T.);
#135=FACE_OUTER_BOUND('',#356,.T.);
#136=FACE_OUTER_BOUND('',#357,.T.);
#137=FACE_OUTER_BOUND('',#358,.T.);
#138=FACE_OUTER_BOUND('',#359,.T.);
#139=FACE_OUTER_BOUND('',#360,.T.);
#140=FACE_OUTER_BOUND('',#361,.T.);
#141=FACE_OUTER_BOUND('',#362,.T.);
#142=FACE_OUTER_BOUND('',#363,.T.);
#143=FACE_OUTER_BOUND('',#364,.T.);
#144=FACE_OUTER_BOUND('',#365,.T.);
#145=FACE_OUTER_BOUND('',#366,.T.);
#146=FACE_OUTER_BOUND('',#367,.T.);
#147=FACE_OUTER_BOUND('',#368,.T.);
#148=FACE_OUTER_BOUND('',#369,.T.);
#149=FACE_OUTER_BOUND('',#370,.T.);
#150=FACE_OUTER_BOUND('',#371,.T.);
#151=FACE_OUTER_BOUND('',#372,.T.);
#152=FACE_OUTER_BOUND('',#373,.T.);
#153=FACE_OUTER_BOUND('',#374,.T.);
#154=FACE_OUTER_BOUND('',#375,.T.);
#155=FACE_OUTER_BOUND('',#376,.T.);
#156=FACE_OUTER_BOUND('',#377,.T.);
#157=FACE_OUTER_BOUND('',#378,.T.);
#158=FACE_OUTER_BOUND('',#379,.T.);
#159=FACE_OUTER_BOUND('',#380,.T.);
#160=FACE_OUTER_BOUND('',#381,.T.);
#161=FACE_OUTER_BOUND('',#382,.T.);
#162=FACE_OUTER_BOUND('',#383,.T.);
#163=FACE_OUTER_BOUND('',#384,.T.);
#164=FACE_OUTER_BOUND('',#385,.T.);
#165=FACE_OUTER_BOUND('',#386,.T.);
#166=FACE_OUTER_BOUND('',#387,.T.);
#167=FACE_OUTER_BOUND('',#388,.T.);
#168=FACE_OUTER_BOUND('',#389,.T.);
#169=FACE_OUTER_BOUND('',#390,.T.);
#170=FACE_OUTER_BOUND('',#391,.T.);
#171=FACE_OUTER_BOUND('',#392,.T.);
#172=FACE_OUTER_BOUND('',#393,.T.);
#173=FACE_OUTER_BOUND('',#394,.T.);
#174=FACE_OUTER_BOUND('',#395,.T.);
#175=FACE_OUTER_BOUND('',#396,.T.);
#176=FACE_OUTER_BOUND('',#397,.T.);
#177=FACE_OUTER_BOUND('',#398,.T.);
#178=FACE_OUTER_BOUND('',#399,.T.);
#179=FACE_OUTER_BOUND('',#400,.T.);
#180=FACE_OUTER_BOUND('',#401,.T.);
#181=FACE_OUTER_BOUND('',#402,.T.);
#182=FACE_OUTER_BOUND('',#403,.T.);
#183=FACE_OUTER_BOUND('',#404,.T.);
#184=FACE_OUTER_BOUND('',#405,.T.);
#185=FACE_OUTER_BOUND('',#406,.T.);
#186=FACE_OUTER_BOUND('',#407,.T.);
#187=FACE_OUTER_BOUND('',#408,.T.);
#188=FACE_OUTER_BOUND('',#409,.T.);
#189=FACE_OUTER_BOUND('',#410,.T.);
#190=FACE_OUTER_BOUND('',#411,.T.);
#191=FACE_OUTER_BOUND('',#412,.T.);
#192=FACE_OUTER_BOUND('',#413,.T.);
#193=FACE_OUTER_BOUND('',#414,.T.);
#194=FACE_OUTER_BOUND('',#415,.T.);
#195=FACE_OUTER_BOUND('',#416,.T.);
#196=FACE_OUTER_BOUND('',#417,.T.);
#197=FACE_OUTER_BOUND('',#418,.T.);
#198=FACE_OUTER_BOUND('',#419,.T.);
#199=FACE_OUTER_BOUND('',#420,.T.);
#200=FACE_OUTER_BOUND('',#421,.T.);
#201=FACE_OUTER_BOUND('',#422,.T.);
#202=FACE_OUTER_BOUND('',#423,.T.);
#203=FACE_OUTER_BOUND('',#424,.T.);
#204=FACE_OUTER_BOUND('',#425,.T.);
#205=FACE_OUTER_BOUND('',#426,.T.);
#206=FACE_OUTER_BOUND('',#427,.T.);
#207=FACE_OUTER_BOUND('',#428,.T.);
#208=FACE_OUTER_BOUND('',#429,.T.);
#209=FACE_OUTER_BOUND('',#430,.T.);
#210=FACE_OUTER_BOUND('',#431,.T.);
#211=FACE_OUTER_BOUND('',#432,.T.);
#212=FACE_OUTER_BOUND('',#433,.T.);
#213=FACE_OUTER_BOUND('',#434,.T.);
#214=FACE_OUTER_BOUND('',#435,.T.);
#215=FACE_OUTER_BOUND('',#436,.T.);
#216=FACE_OUTER_BOUND('',#437,.T.);
#217=FACE_OUTER_BOUND('',#438,.T.);
#218=FACE_OUTER_BOUND('',#439,.T.);
#219=FACE_OUTER_BOUND('',#440,.T.);
#220=FACE_OUTER_BOUND('',#441,.T.);
#221=FACE_OUTER_BOUND('',#442,.T.);
#222=FACE_OUTER_BOUND('',#443,.T.);
#223=FACE_OUTER_BOUND('',#444,.T.);
#224=FACE_OUTER_BOUND('',#445,.T.);
#225=FACE_OUTER_BOUND('',#446,.T.);
#226=FACE_OUTER_BOUND('',#447,.T.);
#227=FACE_OUTER_BOUND('',#448,.T.);
#228=FACE_OUTER_BOUND('',#449,.T.);
#229=FACE_OUTER_BOUND('',#450,.T.);
#230=FACE_OUTER_BOUND('',#451,.T.);
#231=FACE_OUTER_BOUND('',#452,.T.);
#232=FACE_OUTER_BOUND('',#453,.T.);
#233=FACE_OUTER_BOUND('',#454,.T.);
#234=FACE_OUTER_BOUND('',#455,.T.);
#235=FACE_OUTER_BOUND('',#456,.T.);
#236=FACE_OUTER_BOUND('',#457,.T.);
#237=FACE_OUTER_BOUND('',#458,.T.);
#238=FACE_OUTER_BOUND('',#459,.T.);
#239=FACE_OUTER_BOUND('',#465,.T.);
#240=FACE_OUTER_BOUND('',#466,.T.);
#241=FACE_OUTER_BOUND('',#467,.T.);
#242=FACE_OUTER_BOUND('',#468,.T.);
#243=FACE_OUTER_BOUND('',#469,.T.);
#244=FACE_OUTER_BOUND('',#470,.T.);
#245=FACE_OUTER_BOUND('',#471,.T.);
#246=FACE_OUTER_BOUND('',#472,.T.);
#247=FACE_OUTER_BOUND('',#473,.T.);
#248=FACE_OUTER_BOUND('',#474,.T.);
#249=FACE_OUTER_BOUND('',#475,.T.);
#250=FACE_OUTER_BOUND('',#476,.T.);
#251=FACE_OUTER_BOUND('',#477,.T.);
#252=FACE_OUTER_BOUND('',#478,.T.);
#253=FACE_OUTER_BOUND('',#479,.T.);
#254=FACE_OUTER_BOUND('',#480,.T.);
#255=FACE_OUTER_BOUND('',#481,.T.);
#256=FACE_OUTER_BOUND('',#482,.T.);
#257=FACE_OUTER_BOUND('',#484,.T.);
#258=FACE_OUTER_BOUND('',#485,.T.);
#259=FACE_OUTER_BOUND('',#486,.T.);
#260=FACE_OUTER_BOUND('',#487,.T.);
#261=FACE_OUTER_BOUND('',#488,.T.);
#262=FACE_OUTER_BOUND('',#489,.T.);
#263=FACE_OUTER_BOUND('',#490,.T.);
#264=FACE_OUTER_BOUND('',#491,.T.);
#265=FACE_OUTER_BOUND('',#492,.T.);
#266=FACE_OUTER_BOUND('',#493,.T.);
#267=FACE_OUTER_BOUND('',#494,.T.);
#268=FACE_OUTER_BOUND('',#495,.T.);
#269=FACE_OUTER_BOUND('',#496,.T.);
#270=FACE_OUTER_BOUND('',#497,.T.);
#271=FACE_OUTER_BOUND('',#498,.T.);
#272=FACE_OUTER_BOUND('',#499,.T.);
#273=FACE_OUTER_BOUND('',#500,.T.);
#274=FACE_OUTER_BOUND('',#501,.T.);
#275=FACE_OUTER_BOUND('',#502,.T.);
#276=FACE_OUTER_BOUND('',#503,.T.);
#277=FACE_OUTER_BOUND('',#504,.T.);
#278=FACE_OUTER_BOUND('',#505,.T.);
#279=FACE_OUTER_BOUND('',#506,.T.);
#280=FACE_OUTER_BOUND('',#507,.T.);
#281=FACE_OUTER_BOUND('',#509,.T.);
#282=FACE_OUTER_BOUND('',#510,.T.);
#283=FACE_OUTER_BOUND('',#511,.T.);
#284=FACE_OUTER_BOUND('',#512,.T.);
#285=FACE_OUTER_BOUND('',#513,.T.);
#286=FACE_OUTER_BOUND('',#514,.T.);
#287=FACE_OUTER_BOUND('',#515,.T.);
#288=FACE_OUTER_BOUND('',#516,.T.);
#289=FACE_OUTER_BOUND('',#517,.T.);
#290=EDGE_LOOP('',(#2662,#2663,#2664,#2665));
#291=EDGE_LOOP('',(#2666,#2667,#2668,#2669));
#292=EDGE_LOOP('',(#2670,#2671,#2672,#2673));
#293=EDGE_LOOP('',(#2674,#2675,#2676,#2677));
#294=EDGE_LOOP('',(#2678,#2679,#2680,#2681));
#295=EDGE_LOOP('',(#2682,#2683,#2684,#2685));
#296=EDGE_LOOP('',(#2686,#2687,#2688,#2689,#2690,#2691,#2692,#2693,#2694,
#2695,#2696,#2697,#2698,#2699,#2700,#2701,#2702,#2703,#2704,#2705,#2706,
#2707,#2708,#2709,#2710,#2711,#2712,#2713,#2714,#2715,#2716,#2717,#2718,
#2719,#2720,#2721,#2722,#2723,#2724,#2725,#2726,#2727,#2728,#2729,#2730,
#2731,#2732,#2733,#2734,#2735,#2736,#2737));
#297=EDGE_LOOP('',(#2738,#2739,#2740,#2741,#2742));
#298=EDGE_LOOP('',(#2743,#2744,#2745,#2746,#2747));
#299=EDGE_LOOP('',(#2748,#2749,#2750,#2751,#2752,#2753,#2754,#2755,#2756,
#2757));
#300=EDGE_LOOP('',(#2758,#2759,#2760,#2761,#2762,#2763,#2764,#2765,#2766,
#2767));
#301=EDGE_LOOP('',(#2768,#2769,#2770,#2771));
#302=EDGE_LOOP('',(#2772,#2773,#2774,#2775));
#303=EDGE_LOOP('',(#2776,#2777,#2778,#2779));
#304=EDGE_LOOP('',(#2780,#2781,#2782,#2783));
#305=EDGE_LOOP('',(#2784,#2785,#2786,#2787,#2788,#2789,#2790));
#306=EDGE_LOOP('',(#2791,#2792,#2793,#2794));
#307=EDGE_LOOP('',(#2795,#2796,#2797,#2798));
#308=EDGE_LOOP('',(#2799,#2800,#2801,#2802));
#309=EDGE_LOOP('',(#2803,#2804,#2805,#2806));
#310=EDGE_LOOP('',(#2807,#2808,#2809,#2810,#2811,#2812,#2813));
#311=EDGE_LOOP('',(#2814,#2815,#2816,#2817));
#312=EDGE_LOOP('',(#2818,#2819,#2820,#2821));
#313=EDGE_LOOP('',(#2822,#2823,#2824,#2825));
#314=EDGE_LOOP('',(#2826,#2827,#2828,#2829,#2830,#2831,#2832));
#315=EDGE_LOOP('',(#2833,#2834,#2835,#2836));
#316=EDGE_LOOP('',(#2837,#2838,#2839,#2840));
#317=EDGE_LOOP('',(#2841,#2842,#2843,#2844));
#318=EDGE_LOOP('',(#2845,#2846,#2847,#2848));
#319=EDGE_LOOP('',(#2849,#2850,#2851,#2852));
#320=EDGE_LOOP('',(#2853,#2854,#2855,#2856,#2857,#2858,#2859,#2860,#2861,
#2862,#2863,#2864,#2865,#2866,#2867,#2868));
#321=EDGE_LOOP('',(#2869,#2870,#2871,#2872,#2873,#2874,#2875,#2876,#2877,
#2878));
#322=EDGE_LOOP('',(#2879,#2880,#2881,#2882));
#323=EDGE_LOOP('',(#2883,#2884,#2885,#2886));
#324=EDGE_LOOP('',(#2887,#2888,#2889,#2890,#2891,#2892));
#325=EDGE_LOOP('',(#2893,#2894,#2895,#2896));
#326=EDGE_LOOP('',(#2897,#2898,#2899,#2900));
#327=EDGE_LOOP('',(#2901,#2902,#2903,#2904,#2905,#2906,#2907,#2908,#2909,
#2910));
#328=EDGE_LOOP('',(#2911,#2912,#2913,#2914));
#329=EDGE_LOOP('',(#2915,#2916,#2917,#2918));
#330=EDGE_LOOP('',(#2919,#2920,#2921,#2922,#2923,#2924,#2925,#2926,#2927,
#2928,#2929,#2930,#2931,#2932,#2933,#2934));
#331=EDGE_LOOP('',(#2935,#2936,#2937,#2938,#2939,#2940,#2941,#2942,#2943,
#2944));
#332=EDGE_LOOP('',(#2945,#2946,#2947,#2948));
#333=EDGE_LOOP('',(#2949,#2950,#2951,#2952));
#334=EDGE_LOOP('',(#2953,#2954,#2955,#2956,#2957,#2958,#2959,#2960,#2961,
#2962));
#335=EDGE_LOOP('',(#2963,#2964,#2965,#2966));
#336=EDGE_LOOP('',(#2967,#2968,#2969,#2970));
#337=EDGE_LOOP('',(#2971,#2972,#2973,#2974));
#338=EDGE_LOOP('',(#2975,#2976,#2977,#2978));
#339=EDGE_LOOP('',(#2979,#2980,#2981,#2982,#2983,#2984,#2985));
#340=EDGE_LOOP('',(#2986,#2987,#2988,#2989));
#341=EDGE_LOOP('',(#2990,#2991,#2992,#2993));
#342=EDGE_LOOP('',(#2994,#2995,#2996,#2997));
#343=EDGE_LOOP('',(#2998,#2999,#3000,#3001));
#344=EDGE_LOOP('',(#3002,#3003,#3004,#3005));
#345=EDGE_LOOP('',(#3006,#3007,#3008,#3009));
#346=EDGE_LOOP('',(#3010,#3011,#3012,#3013,#3014));
#347=EDGE_LOOP('',(#3015,#3016,#3017,#3018,#3019));
#348=EDGE_LOOP('',(#3020,#3021,#3022,#3023,#3024,#3025));
#349=EDGE_LOOP('',(#3026,#3027,#3028,#3029));
#350=EDGE_LOOP('',(#3030,#3031,#3032,#3033,#3034,#3035,#3036));
#351=EDGE_LOOP('',(#3037,#3038,#3039,#3040,#3041,#3042,#3043,#3044));
#352=EDGE_LOOP('',(#3045,#3046,#3047,#3048));
#353=EDGE_LOOP('',(#3049,#3050,#3051,#3052));
#354=EDGE_LOOP('',(#3053,#3054,#3055,#3056));
#355=EDGE_LOOP('',(#3057,#3058,#3059,#3060));
#356=EDGE_LOOP('',(#3061,#3062,#3063,#3064));
#357=EDGE_LOOP('',(#3065,#3066,#3067,#3068));
#358=EDGE_LOOP('',(#3069,#3070,#3071,#3072));
#359=EDGE_LOOP('',(#3073,#3074,#3075,#3076,#3077,#3078,#3079,#3080));
#360=EDGE_LOOP('',(#3081,#3082,#3083,#3084,#3085,#3086,#3087));
#361=EDGE_LOOP('',(#3088,#3089,#3090,#3091));
#362=EDGE_LOOP('',(#3092,#3093,#3094,#3095,#3096,#3097));
#363=EDGE_LOOP('',(#3098,#3099,#3100,#3101,#3102));
#364=EDGE_LOOP('',(#3103,#3104,#3105,#3106,#3107));
#365=EDGE_LOOP('',(#3108,#3109,#3110,#3111));
#366=EDGE_LOOP('',(#3112,#3113,#3114,#3115));
#367=EDGE_LOOP('',(#3116,#3117,#3118,#3119));
#368=EDGE_LOOP('',(#3120,#3121,#3122,#3123));
#369=EDGE_LOOP('',(#3124,#3125,#3126,#3127));
#370=EDGE_LOOP('',(#3128,#3129,#3130,#3131));
#371=EDGE_LOOP('',(#3132,#3133,#3134,#3135));
#372=EDGE_LOOP('',(#3136,#3137,#3138,#3139));
#373=EDGE_LOOP('',(#3140,#3141,#3142,#3143));
#374=EDGE_LOOP('',(#3144,#3145,#3146,#3147));
#375=EDGE_LOOP('',(#3148,#3149,#3150,#3151));
#376=EDGE_LOOP('',(#3152,#3153,#3154,#3155));
#377=EDGE_LOOP('',(#3156,#3157,#3158,#3159));
#378=EDGE_LOOP('',(#3160,#3161,#3162,#3163));
#379=EDGE_LOOP('',(#3164,#3165,#3166,#3167));
#380=EDGE_LOOP('',(#3168,#3169,#3170,#3171));
#381=EDGE_LOOP('',(#3172,#3173,#3174,#3175));
#382=EDGE_LOOP('',(#3176,#3177,#3178,#3179));
#383=EDGE_LOOP('',(#3180,#3181,#3182,#3183));
#384=EDGE_LOOP('',(#3184,#3185,#3186,#3187));
#385=EDGE_LOOP('',(#3188,#3189,#3190,#3191));
#386=EDGE_LOOP('',(#3192,#3193,#3194,#3195));
#387=EDGE_LOOP('',(#3196,#3197,#3198,#3199));
#388=EDGE_LOOP('',(#3200,#3201,#3202,#3203));
#389=EDGE_LOOP('',(#3204,#3205,#3206,#3207));
#390=EDGE_LOOP('',(#3208,#3209,#3210,#3211));
#391=EDGE_LOOP('',(#3212,#3213,#3214,#3215));
#392=EDGE_LOOP('',(#3216,#3217,#3218,#3219));
#393=EDGE_LOOP('',(#3220,#3221,#3222,#3223));
#394=EDGE_LOOP('',(#3224,#3225,#3226,#3227));
#395=EDGE_LOOP('',(#3228,#3229,#3230,#3231));
#396=EDGE_LOOP('',(#3232,#3233,#3234,#3235,#3236,#3237,#3238));
#397=EDGE_LOOP('',(#3239,#3240,#3241,#3242));
#398=EDGE_LOOP('',(#3243,#3244,#3245,#3246,#3247,#3248,#3249));
#399=EDGE_LOOP('',(#3250,#3251,#3252,#3253));
#400=EDGE_LOOP('',(#3254,#3255,#3256,#3257,#3258,#3259));
#401=EDGE_LOOP('',(#3260,#3261,#3262,#3263));
#402=EDGE_LOOP('',(#3264,#3265,#3266,#3267));
#403=EDGE_LOOP('',(#3268,#3269,#3270,#3271,#3272,#3273,#3274,#3275));
#404=EDGE_LOOP('',(#3276,#3277,#3278,#3279,#3280,#3281));
#405=EDGE_LOOP('',(#3282,#3283,#3284,#3285));
#406=EDGE_LOOP('',(#3286,#3287,#3288,#3289,#3290,#3291,#3292));
#407=EDGE_LOOP('',(#3293,#3294,#3295,#3296));
#408=EDGE_LOOP('',(#3297,#3298,#3299,#3300));
#409=EDGE_LOOP('',(#3301,#3302,#3303,#3304));
#410=EDGE_LOOP('',(#3305,#3306,#3307,#3308));
#411=EDGE_LOOP('',(#3309,#3310,#3311,#3312));
#412=EDGE_LOOP('',(#3313,#3314,#3315,#3316));
#413=EDGE_LOOP('',(#3317,#3318,#3319,#3320));
#414=EDGE_LOOP('',(#3321,#3322,#3323,#3324));
#415=EDGE_LOOP('',(#3325,#3326,#3327,#3328));
#416=EDGE_LOOP('',(#3329,#3330,#3331,#3332));
#417=EDGE_LOOP('',(#3333,#3334,#3335,#3336));
#418=EDGE_LOOP('',(#3337,#3338,#3339,#3340));
#419=EDGE_LOOP('',(#3341,#3342,#3343,#3344));
#420=EDGE_LOOP('',(#3345,#3346,#3347,#3348,#3349,#3350,#3351));
#421=EDGE_LOOP('',(#3352,#3353,#3354,#3355));
#422=EDGE_LOOP('',(#3356,#3357,#3358,#3359));
#423=EDGE_LOOP('',(#3360,#3361,#3362,#3363,#3364,#3365,#3366,#3367,#3368,
#3369,#3370,#3371,#3372,#3373,#3374,#3375));
#424=EDGE_LOOP('',(#3376,#3377,#3378,#3379));
#425=EDGE_LOOP('',(#3380,#3381,#3382,#3383));
#426=EDGE_LOOP('',(#3384,#3385,#3386,#3387,#3388,#3389,#3390));
#427=EDGE_LOOP('',(#3391,#3392,#3393,#3394));
#428=EDGE_LOOP('',(#3395,#3396,#3397,#3398));
#429=EDGE_LOOP('',(#3399,#3400,#3401,#3402));
#430=EDGE_LOOP('',(#3403,#3404,#3405,#3406));
#431=EDGE_LOOP('',(#3407,#3408,#3409,#3410));
#432=EDGE_LOOP('',(#3411,#3412,#3413,#3414));
#433=EDGE_LOOP('',(#3415,#3416,#3417,#3418));
#434=EDGE_LOOP('',(#3419,#3420,#3421,#3422));
#435=EDGE_LOOP('',(#3423,#3424,#3425,#3426));
#436=EDGE_LOOP('',(#3427,#3428,#3429,#3430));
#437=EDGE_LOOP('',(#3431,#3432,#3433,#3434));
#438=EDGE_LOOP('',(#3435,#3436,#3437,#3438));
#439=EDGE_LOOP('',(#3439,#3440,#3441,#3442));
#440=EDGE_LOOP('',(#3443,#3444,#3445,#3446,#3447,#3448,#3449));
#441=EDGE_LOOP('',(#3450,#3451,#3452,#3453));
#442=EDGE_LOOP('',(#3454,#3455,#3456,#3457,#3458,#3459));
#443=EDGE_LOOP('',(#3460,#3461,#3462,#3463,#3464,#3465,#3466,#3467));
#444=EDGE_LOOP('',(#3468,#3469,#3470,#3471));
#445=EDGE_LOOP('',(#3472,#3473,#3474,#3475));
#446=EDGE_LOOP('',(#3476,#3477,#3478,#3479,#3480,#3481));
#447=EDGE_LOOP('',(#3482,#3483,#3484,#3485,#3486,#3487));
#448=EDGE_LOOP('',(#3488,#3489,#3490,#3491));
#449=EDGE_LOOP('',(#3492,#3493,#3494,#3495,#3496,#3497));
#450=EDGE_LOOP('',(#3498,#3499,#3500,#3501));
#451=EDGE_LOOP('',(#3502,#3503,#3504,#3505));
#452=EDGE_LOOP('',(#3506,#3507,#3508,#3509,#3510,#3511));
#453=EDGE_LOOP('',(#3512,#3513,#3514,#3515));
#454=EDGE_LOOP('',(#3516,#3517,#3518,#3519));
#455=EDGE_LOOP('',(#3520,#3521,#3522,#3523,#3524,#3525));
#456=EDGE_LOOP('',(#3526,#3527,#3528,#3529));
#457=EDGE_LOOP('',(#3530,#3531,#3532,#3533));
#458=EDGE_LOOP('',(#3534,#3535,#3536,#3537));
#459=EDGE_LOOP('',(#3538,#3539,#3540,#3541,#3542,#3543,#3544,#3545,#3546,
#3547,#3548,#3549,#3550,#3551,#3552,#3553,#3554,#3555,#3556,#3557,#3558,
#3559,#3560,#3561,#3562,#3563,#3564,#3565,#3566,#3567));
#460=EDGE_LOOP('',(#3568,#3569,#3570,#3571,#3572));
#461=EDGE_LOOP('',(#3573,#3574,#3575,#3576,#3577));
#462=EDGE_LOOP('',(#3578,#3579,#3580,#3581));
#463=EDGE_LOOP('',(#3582,#3583,#3584,#3585));
#464=EDGE_LOOP('',(#3586,#3587,#3588,#3589));
#465=EDGE_LOOP('',(#3590,#3591,#3592,#3593));
#466=EDGE_LOOP('',(#3594,#3595,#3596,#3597));
#467=EDGE_LOOP('',(#3598,#3599,#3600,#3601));
#468=EDGE_LOOP('',(#3602,#3603,#3604,#3605));
#469=EDGE_LOOP('',(#3606,#3607,#3608,#3609));
#470=EDGE_LOOP('',(#3610,#3611,#3612,#3613));
#471=EDGE_LOOP('',(#3614,#3615,#3616,#3617));
#472=EDGE_LOOP('',(#3618,#3619,#3620,#3621));
#473=EDGE_LOOP('',(#3622,#3623,#3624,#3625,#3626,#3627));
#474=EDGE_LOOP('',(#3628,#3629,#3630,#3631,#3632,#3633,#3634,#3635));
#475=EDGE_LOOP('',(#3636,#3637,#3638,#3639));
#476=EDGE_LOOP('',(#3640,#3641,#3642,#3643,#3644,#3645,#3646));
#477=EDGE_LOOP('',(#3647,#3648,#3649,#3650));
#478=EDGE_LOOP('',(#3651,#3652,#3653,#3654));
#479=EDGE_LOOP('',(#3655,#3656,#3657,#3658));
#480=EDGE_LOOP('',(#3659,#3660,#3661,#3662,#3663,#3664,#3665));
#481=EDGE_LOOP('',(#3666,#3667,#3668,#3669));
#482=EDGE_LOOP('',(#3670,#3671,#3672,#3673,#3674,#3675,#3676,#3677,#3678,
#3679));
#483=EDGE_LOOP('',(#3680,#3681,#3682,#3683));
#484=EDGE_LOOP('',(#3684,#3685,#3686,#3687,#3688,#3689,#3690,#3691,#3692,
#3693,#3694,#3695,#3696,#3697));
#485=EDGE_LOOP('',(#3698,#3699,#3700,#3701));
#486=EDGE_LOOP('',(#3702,#3703,#3704,#3705));
#487=EDGE_LOOP('',(#3706,#3707,#3708,#3709));
#488=EDGE_LOOP('',(#3710,#3711,#3712,#3713));
#489=EDGE_LOOP('',(#3714,#3715,#3716,#3717));
#490=EDGE_LOOP('',(#3718,#3719,#3720,#3721,#3722,#3723,#3724,#3725));
#491=EDGE_LOOP('',(#3726,#3727,#3728,#3729));
#492=EDGE_LOOP('',(#3730,#3731,#3732,#3733));
#493=EDGE_LOOP('',(#3734,#3735,#3736,#3737));
#494=EDGE_LOOP('',(#3738,#3739,#3740,#3741));
#495=EDGE_LOOP('',(#3742,#3743,#3744,#3745));
#496=EDGE_LOOP('',(#3746,#3747,#3748,#3749));
#497=EDGE_LOOP('',(#3750,#3751,#3752,#3753));
#498=EDGE_LOOP('',(#3754,#3755,#3756,#3757));
#499=EDGE_LOOP('',(#3758,#3759,#3760,#3761,#3762,#3763));
#500=EDGE_LOOP('',(#3764,#3765,#3766,#3767,#3768,#3769,#3770,#3771));
#501=EDGE_LOOP('',(#3772,#3773,#3774,#3775));
#502=EDGE_LOOP('',(#3776,#3777,#3778,#3779,#3780,#3781,#3782));
#503=EDGE_LOOP('',(#3783,#3784,#3785,#3786));
#504=EDGE_LOOP('',(#3787,#3788,#3789,#3790));
#505=EDGE_LOOP('',(#3791,#3792,#3793,#3794));
#506=EDGE_LOOP('',(#3795,#3796,#3797,#3798,#3799,#3800,#3801));
#507=EDGE_LOOP('',(#3802,#3803,#3804,#3805,#3806,#3807,#3808,#3809,#3810,
#3811));
#508=EDGE_LOOP('',(#3812,#3813,#3814,#3815));
#509=EDGE_LOOP('',(#3816,#3817,#3818,#3819,#3820,#3821,#3822,#3823,#3824,
#3825,#3826,#3827,#3828,#3829));
#510=EDGE_LOOP('',(#3830,#3831,#3832,#3833));
#511=EDGE_LOOP('',(#3834,#3835,#3836,#3837));
#512=EDGE_LOOP('',(#3838,#3839,#3840,#3841));
#513=EDGE_LOOP('',(#3842,#3843,#3844,#3845));
#514=EDGE_LOOP('',(#3846,#3847,#3848,#3849));
#515=EDGE_LOOP('',(#3850,#3851,#3852,#3853));
#516=EDGE_LOOP('',(#3854,#3855,#3856,#3857));
#517=EDGE_LOOP('',(#3858,#3859,#3860,#3861,#3862,#3863,#3864,#3865));
#518=LINE('',#5594,#1092);
#519=LINE('',#5596,#1093);
#520=LINE('',#5598,#1094);
#521=LINE('',#5599,#1095);
#522=LINE('',#5602,#1096);
#523=LINE('',#5604,#1097);
#524=LINE('',#5605,#1098);
#525=LINE('',#5608,#1099);
#526=LINE('',#5609,#1100);
#527=LINE('',#5613,#1101);
#528=LINE('',#5615,#1102);
#529=LINE('',#5617,#1103);
#530=LINE('',#5618,#1104);
#531=LINE('',#5621,#1105);
#532=LINE('',#5623,#1106);
#533=LINE('',#5624,#1107);
#534=LINE('',#5627,#1108);
#535=LINE('',#5628,#1109);
#536=LINE('',#5632,#1110);
#537=LINE('',#5634,#1111);
#538=LINE('',#5638,#1112);
#539=LINE('',#5642,#1113);
#540=LINE('',#5644,#1114);
#541=LINE('',#5646,#1115);
#542=LINE('',#5648,#1116);
#543=LINE('',#5650,#1117);
#544=LINE('',#5652,#1118);
#545=LINE('',#5654,#1119);
#546=LINE('',#5656,#1120);
#547=LINE('',#5660,#1121);
#548=LINE('',#5662,#1122);
#549=LINE('',#5664,#1123);
#550=LINE('',#5666,#1124);
#551=LINE('',#5668,#1125);
#552=LINE('',#5670,#1126);
#553=LINE('',#5672,#1127);
#554=LINE('',#5674,#1128);
#555=LINE('',#5676,#1129);
#556=LINE('',#5678,#1130);
#557=LINE('',#5680,#1131);
#558=LINE('',#5682,#1132);
#559=LINE('',#5684,#1133);
#560=LINE('',#5686,#1134);
#561=LINE('',#5688,#1135);
#562=LINE('',#5690,#1136);
#563=LINE('',#5692,#1137);
#564=LINE('',#5694,#1138);
#565=LINE('',#5696,#1139);
#566=LINE('',#5700,#1140);
#567=LINE('',#5702,#1141);
#568=LINE('',#5704,#1142);
#569=LINE('',#5706,#1143);
#570=LINE('',#5708,#1144);
#571=LINE('',#5710,#1145);
#572=LINE('',#5712,#1146);
#573=LINE('',#5714,#1147);
#574=LINE('',#5718,#1148);
#575=LINE('',#5722,#1149);
#576=LINE('',#5724,#1150);
#577=LINE('',#5726,#1151);
#578=LINE('',#5728,#1152);
#579=LINE('',#5730,#1153);
#580=LINE('',#5732,#1154);
#581=LINE('',#5733,#1155);
#582=LINE('',#5736,#1156);
#583=LINE('',#5738,#1157);
#584=LINE('',#5740,#1158);
#585=LINE('',#5742,#1159);
#586=LINE('',#5743,#1160);
#587=LINE('',#5746,#1161);
#588=LINE('',#5748,#1162);
#589=LINE('',#5750,#1163);
#590=LINE('',#5752,#1164);
#591=LINE('',#5753,#1165);
#592=LINE('',#5756,#1166);
#593=LINE('',#5758,#1167);
#594=LINE('',#5760,#1168);
#595=LINE('',#5762,#1169);
#596=LINE('',#5764,#1170);
#597=LINE('',#5766,#1171);
#598=LINE('',#5768,#1172);
#599=LINE('',#5770,#1173);
#600=LINE('',#5773,#1174);
#601=LINE('',#5776,#1175);
#602=LINE('',#5780,#1176);
#603=LINE('',#5782,#1177);
#604=LINE('',#5784,#1178);
#605=LINE('',#5786,#1179);
#606=LINE('',#5788,#1180);
#607=LINE('',#5790,#1181);
#608=LINE('',#5792,#1182);
#609=LINE('',#5793,#1183);
#610=LINE('',#5796,#1184);
#611=LINE('',#5797,#1185);
#612=LINE('',#5801,#1186);
#613=LINE('',#5803,#1187);
#614=LINE('',#5805,#1188);
#615=LINE('',#5806,#1189);
#616=LINE('',#5812,#1190);
#617=LINE('',#5815,#1191);
#618=LINE('',#5818,#1192);
#619=LINE('',#5820,#1193);
#620=LINE('',#5821,#1194);
#621=LINE('',#5825,#1195);
#622=LINE('',#5829,#1196);
#623=LINE('',#5831,#1197);
#624=LINE('',#5832,#1198);
#625=LINE('',#5833,#1199);
#626=LINE('',#5836,#1200);
#627=LINE('',#5838,#1201);
#628=LINE('',#5839,#1202);
#629=LINE('',#5843,#1203);
#630=LINE('',#5845,#1204);
#631=LINE('',#5847,#1205);
#632=LINE('',#5848,#1206);
#633=LINE('',#5854,#1207);
#634=LINE('',#5857,#1208);
#635=LINE('',#5860,#1209);
#636=LINE('',#5862,#1210);
#637=LINE('',#5863,#1211);
#638=LINE('',#5867,#1212);
#639=LINE('',#5869,#1213);
#640=LINE('',#5871,#1214);
#641=LINE('',#5872,#1215);
#642=LINE('',#5876,#1216);
#643=LINE('',#5878,#1217);
#644=LINE('',#5880,#1218);
#645=LINE('',#5881,#1219);
#646=LINE('',#5887,#1220);
#647=LINE('',#5890,#1221);
#648=LINE('',#5892,#1222);
#649=LINE('',#5893,#1223);
#650=LINE('',#5897,#1224);
#651=LINE('',#5899,#1225);
#652=LINE('',#5901,#1226);
#653=LINE('',#5903,#1227);
#654=LINE('',#5905,#1228);
#655=LINE('',#5907,#1229);
#656=LINE('',#5911,#1230);
#657=LINE('',#5913,#1231);
#658=LINE('',#5914,#1232);
#659=LINE('',#5918,#1233);
#660=LINE('',#5921,#1234);
#661=LINE('',#5922,#1235);
#662=LINE('',#5925,#1236);
#663=LINE('',#5927,#1237);
#664=LINE('',#5928,#1238);
#665=LINE('',#5934,#1239);
#666=LINE('',#5936,#1240);
#667=LINE('',#5938,#1241);
#668=LINE('',#5940,#1242);
#669=LINE('',#5942,#1243);
#670=LINE('',#5944,#1244);
#671=LINE('',#5946,#1245);
#672=LINE('',#5948,#1246);
#673=LINE('',#5950,#1247);
#674=LINE('',#5952,#1248);
#675=LINE('',#5954,#1249);
#676=LINE('',#5956,#1250);
#677=LINE('',#5958,#1251);
#678=LINE('',#5960,#1252);
#679=LINE('',#5963,#1253);
#680=LINE('',#5966,#1254);
#681=LINE('',#5970,#1255);
#682=LINE('',#5972,#1256);
#683=LINE('',#5974,#1257);
#684=LINE('',#5976,#1258);
#685=LINE('',#5978,#1259);
#686=LINE('',#5980,#1260);
#687=LINE('',#5982,#1261);
#688=LINE('',#5983,#1262);
#689=LINE('',#5987,#1263);
#690=LINE('',#5988,#1264);
#691=LINE('',#5989,#1265);
#692=LINE('',#5992,#1266);
#693=LINE('',#5994,#1267);
#694=LINE('',#5995,#1268);
#695=LINE('',#5999,#1269);
#696=LINE('',#6001,#1270);
#697=LINE('',#6003,#1271);
#698=LINE('',#6005,#1272);
#699=LINE('',#6007,#1273);
#700=LINE('',#6008,#1274);
#701=LINE('',#6012,#1275);
#702=LINE('',#6014,#1276);
#703=LINE('',#6016,#1277);
#704=LINE('',#6017,#1278);
#705=LINE('',#6021,#1279);
#706=LINE('',#6022,#1280);
#707=LINE('',#6023,#1281);
#708=LINE('',#6027,#1282);
#709=LINE('',#6029,#1283);
#710=LINE('',#6031,#1284);
#711=LINE('',#6033,#1285);
#712=LINE('',#6037,#1286);
#713=LINE('',#6038,#1287);
#714=LINE('',#6040,#1288);
#715=LINE('',#6041,#1289);
#716=LINE('',#6044,#1290);
#717=LINE('',#6046,#1291);
#718=LINE('',#6047,#1292);
#719=LINE('',#6050,#1293);
#720=LINE('',#6052,#1294);
#721=LINE('',#6053,#1295);
#722=LINE('',#6057,#1296);
#723=LINE('',#6061,#1297);
#724=LINE('',#6063,#1298);
#725=LINE('',#6065,#1299);
#726=LINE('',#6067,#1300);
#727=LINE('',#6069,#1301);
#728=LINE('',#6071,#1302);
#729=LINE('',#6073,#1303);
#730=LINE('',#6075,#1304);
#731=LINE('',#6077,#1305);
#732=LINE('',#6079,#1306);
#733=LINE('',#6081,#1307);
#734=LINE('',#6083,#1308);
#735=LINE('',#6085,#1309);
#736=LINE('',#6086,#1310);
#737=LINE('',#6089,#1311);
#738=LINE('',#6091,#1312);
#739=LINE('',#6093,#1313);
#740=LINE('',#6095,#1314);
#741=LINE('',#6097,#1315);
#742=LINE('',#6099,#1316);
#743=LINE('',#6101,#1317);
#744=LINE('',#6103,#1318);
#745=LINE('',#6106,#1319);
#746=LINE('',#6110,#1320);
#747=LINE('',#6111,#1321);
#748=LINE('',#6112,#1322);
#749=LINE('',#6115,#1323);
#750=LINE('',#6117,#1324);
#751=LINE('',#6118,#1325);
#752=LINE('',#6123,#1326);
#753=LINE('',#6125,#1327);
#754=LINE('',#6127,#1328);
#755=LINE('',#6129,#1329);
#756=LINE('',#6130,#1330);
#757=LINE('',#6132,#1331);
#758=LINE('',#6133,#1332);
#759=LINE('',#6137,#1333);
#760=LINE('',#6141,#1334);
#761=LINE('',#6143,#1335);
#762=LINE('',#6145,#1336);
#763=LINE('',#6146,#1337);
#764=LINE('',#6149,#1338);
#765=LINE('',#6150,#1339);
#766=LINE('',#6155,#1340);
#767=LINE('',#6159,#1341);
#768=LINE('',#6161,#1342);
#769=LINE('',#6163,#1343);
#770=LINE('',#6165,#1344);
#771=LINE('',#6166,#1345);
#772=LINE('',#6169,#1346);
#773=LINE('',#6170,#1347);
#774=LINE('',#6174,#1348);
#775=LINE('',#6175,#1349);
#776=LINE('',#6176,#1350);
#777=LINE('',#6179,#1351);
#778=LINE('',#6180,#1352);
#779=LINE('',#6183,#1353);
#780=LINE('',#6184,#1354);
#781=LINE('',#6186,#1355);
#782=LINE('',#6190,#1356);
#783=LINE('',#6191,#1357);
#784=LINE('',#6192,#1358);
#785=LINE('',#6195,#1359);
#786=LINE('',#6196,#1360);
#787=LINE('',#6199,#1361);
#788=LINE('',#6201,#1362);
#789=LINE('',#6202,#1363);
#790=LINE('',#6205,#1364);
#791=LINE('',#6206,#1365);
#792=LINE('',#6209,#1366);
#793=LINE('',#6210,#1367);
#794=LINE('',#6213,#1368);
#795=LINE('',#6214,#1369);
#796=LINE('',#6217,#1370);
#797=LINE('',#6218,#1371);
#798=LINE('',#6219,#1372);
#799=LINE('',#6222,#1373);
#800=LINE('',#6223,#1374);
#801=LINE('',#6227,#1375);
#802=LINE('',#6228,#1376);
#803=LINE('',#6229,#1377);
#804=LINE('',#6232,#1378);
#805=LINE('',#6233,#1379);
#806=LINE('',#6236,#1380);
#807=LINE('',#6237,#1381);
#808=LINE('',#6240,#1382);
#809=LINE('',#6241,#1383);
#810=LINE('',#6244,#1384);
#811=LINE('',#6245,#1385);
#812=LINE('',#6249,#1386);
#813=LINE('',#6250,#1387);
#814=LINE('',#6251,#1388);
#815=LINE('',#6253,#1389);
#816=LINE('',#6255,#1390);
#817=LINE('',#6256,#1391);
#818=LINE('',#6259,#1392);
#819=LINE('',#6260,#1393);
#820=LINE('',#6263,#1394);
#821=LINE('',#6264,#1395);
#822=LINE('',#6267,#1396);
#823=LINE('',#6268,#1397);
#824=LINE('',#6271,#1398);
#825=LINE('',#6272,#1399);
#826=LINE('',#6275,#1400);
#827=LINE('',#6277,#1401);
#828=LINE('',#6278,#1402);
#829=LINE('',#6281,#1403);
#830=LINE('',#6282,#1404);
#831=LINE('',#6285,#1405);
#832=LINE('',#6286,#1406);
#833=LINE('',#6289,#1407);
#834=LINE('',#6291,#1408);
#835=LINE('',#6292,#1409);
#836=LINE('',#6295,#1410);
#837=LINE('',#6296,#1411);
#838=LINE('',#6300,#1412);
#839=LINE('',#6302,#1413);
#840=LINE('',#6304,#1414);
#841=LINE('',#6305,#1415);
#842=LINE('',#6309,#1416);
#843=LINE('',#6311,#1417);
#844=LINE('',#6313,#1418);
#845=LINE('',#6314,#1419);
#846=LINE('',#6317,#1420);
#847=LINE('',#6319,#1421);
#848=LINE('',#6320,#1422);
#849=LINE('',#6324,#1423);
#850=LINE('',#6326,#1424);
#851=LINE('',#6328,#1425);
#852=LINE('',#6329,#1426);
#853=LINE('',#6332,#1427);
#854=LINE('',#6334,#1428);
#855=LINE('',#6335,#1429);
#856=LINE('',#6339,#1430);
#857=LINE('',#6341,#1431);
#858=LINE('',#6343,#1432);
#859=LINE('',#6344,#1433);
#860=LINE('',#6346,#1434);
#861=LINE('',#6347,#1435);
#862=LINE('',#6349,#1436);
#863=LINE('',#6351,#1437);
#864=LINE('',#6353,#1438);
#865=LINE('',#6355,#1439);
#866=LINE('',#6357,#1440);
#867=LINE('',#6359,#1441);
#868=LINE('',#6361,#1442);
#869=LINE('',#6363,#1443);
#870=LINE('',#6366,#1444);
#871=LINE('',#6367,#1445);
#872=LINE('',#6369,#1446);
#873=LINE('',#6371,#1447);
#874=LINE('',#6373,#1448);
#875=LINE('',#6375,#1449);
#876=LINE('',#6377,#1450);
#877=LINE('',#6379,#1451);
#878=LINE('',#6381,#1452);
#879=LINE('',#6383,#1453);
#880=LINE('',#6386,#1454);
#881=LINE('',#6387,#1455);
#882=LINE('',#6388,#1456);
#883=LINE('',#6390,#1457);
#884=LINE('',#6392,#1458);
#885=LINE('',#6394,#1459);
#886=LINE('',#6396,#1460);
#887=LINE('',#6397,#1461);
#888=LINE('',#6399,#1462);
#889=LINE('',#6401,#1463);
#890=LINE('',#6403,#1464);
#891=LINE('',#6405,#1465);
#892=LINE('',#6406,#1466);
#893=LINE('',#6408,#1467);
#894=LINE('',#6410,#1468);
#895=LINE('',#6412,#1469);
#896=LINE('',#6414,#1470);
#897=LINE('',#6416,#1471);
#898=LINE('',#6418,#1472);
#899=LINE('',#6420,#1473);
#900=LINE('',#6422,#1474);
#901=LINE('',#6424,#1475);
#902=LINE('',#6426,#1476);
#903=LINE('',#6428,#1477);
#904=LINE('',#6430,#1478);
#905=LINE('',#6432,#1479);
#906=LINE('',#6434,#1480);
#907=LINE('',#6436,#1481);
#908=LINE('',#6438,#1482);
#909=LINE('',#6440,#1483);
#910=LINE('',#6442,#1484);
#911=LINE('',#6444,#1485);
#912=LINE('',#6446,#1486);
#913=LINE('',#6447,#1487);
#914=LINE('',#6448,#1488);
#915=LINE('',#6450,#1489);
#916=LINE('',#6452,#1490);
#917=LINE('',#6454,#1491);
#918=LINE('',#6456,#1492);
#919=LINE('',#6458,#1493);
#920=LINE('',#6460,#1494);
#921=LINE('',#6462,#1495);
#922=LINE('',#6464,#1496);
#923=LINE('',#6466,#1497);
#924=LINE('',#6468,#1498);
#925=LINE('',#6470,#1499);
#926=LINE('',#6472,#1500);
#927=LINE('',#6474,#1501);
#928=LINE('',#6476,#1502);
#929=LINE('',#6478,#1503);
#930=LINE('',#6480,#1504);
#931=LINE('',#6482,#1505);
#932=LINE('',#6484,#1506);
#933=LINE('',#6486,#1507);
#934=LINE('',#6488,#1508);
#935=LINE('',#6489,#1509);
#936=LINE('',#6491,#1510);
#937=LINE('',#6493,#1511);
#938=LINE('',#6496,#1512);
#939=LINE('',#6497,#1513);
#940=LINE('',#6498,#1514);
#941=LINE('',#6500,#1515);
#942=LINE('',#6502,#1516);
#943=LINE('',#6503,#1517);
#944=LINE('',#6505,#1518);
#945=LINE('',#6508,#1519);
#946=LINE('',#6509,#1520);
#947=LINE('',#6510,#1521);
#948=LINE('',#6512,#1522);
#949=LINE('',#6514,#1523);
#950=LINE('',#6516,#1524);
#951=LINE('',#6517,#1525);
#952=LINE('',#6521,#1526);
#953=LINE('',#6522,#1527);
#954=LINE('',#6524,#1528);
#955=LINE('',#6526,#1529);
#956=LINE('',#6531,#1530);
#957=LINE('',#6533,#1531);
#958=LINE('',#6535,#1532);
#959=LINE('',#6536,#1533);
#960=LINE('',#6540,#1534);
#961=LINE('',#6542,#1535);
#962=LINE('',#6544,#1536);
#963=LINE('',#6545,#1537);
#964=LINE('',#6548,#1538);
#965=LINE('',#6550,#1539);
#966=LINE('',#6551,#1540);
#967=LINE('',#6554,#1541);
#968=LINE('',#6556,#1542);
#969=LINE('',#6557,#1543);
#970=LINE('',#6560,#1544);
#971=LINE('',#6561,#1545);
#972=LINE('',#6565,#1546);
#973=LINE('',#6567,#1547);
#974=LINE('',#6569,#1548);
#975=LINE('',#6570,#1549);
#976=LINE('',#6573,#1550);
#977=LINE('',#6575,#1551);
#978=LINE('',#6576,#1552);
#979=LINE('',#6579,#1553);
#980=LINE('',#6580,#1554);
#981=LINE('',#6581,#1555);
#982=LINE('',#6584,#1556);
#983=LINE('',#6586,#1557);
#984=LINE('',#6587,#1558);
#985=LINE('',#6591,#1559);
#986=LINE('',#6593,#1560);
#987=LINE('',#6595,#1561);
#988=LINE('',#6596,#1562);
#989=LINE('',#6599,#1563);
#990=LINE('',#6601,#1564);
#991=LINE('',#6602,#1565);
#992=LINE('',#6603,#1566);
#993=LINE('',#6606,#1567);
#994=LINE('',#6607,#1568);
#995=LINE('',#6610,#1569);
#996=LINE('',#6611,#1570);
#997=LINE('',#6613,#1571);
#998=LINE('',#6615,#1572);
#999=LINE('',#6618,#1573);
#1000=LINE('',#6620,#1574);
#1001=LINE('',#6621,#1575);
#1002=LINE('',#6624,#1576);
#1003=LINE('',#6625,#1577);
#1004=LINE('',#6627,#1578);
#1005=LINE('',#6628,#1579);
#1006=LINE('',#6631,#1580);
#1007=LINE('',#6633,#1581);
#1008=LINE('',#6635,#1582);
#1009=LINE('',#6636,#1583);
#1010=LINE('',#6638,#1584);
#1011=LINE('',#6640,#1585);
#1012=LINE('',#6642,#1586);
#1013=LINE('',#6643,#1587);
#1014=LINE('',#6645,#1588);
#1015=LINE('',#6647,#1589);
#1016=LINE('',#6648,#1590);
#1017=LINE('',#6651,#1591);
#1018=LINE('',#6653,#1592);
#1019=LINE('',#6654,#1593);
#1020=LINE('',#6656,#1594);
#1021=LINE('',#6658,#1595);
#1022=LINE('',#6660,#1596);
#1023=LINE('',#6662,#1597);
#1024=LINE('',#6668,#1598);
#1025=LINE('',#6670,#1599);
#1026=LINE('',#6672,#1600);
#1027=LINE('',#6673,#1601);
#1028=LINE('',#6677,#1602);
#1029=LINE('',#6679,#1603);
#1030=LINE('',#6681,#1604);
#1031=LINE('',#6682,#1605);
#1032=LINE('',#6685,#1606);
#1033=LINE('',#6687,#1607);
#1034=LINE('',#6688,#1608);
#1035=LINE('',#6691,#1609);
#1036=LINE('',#6693,#1610);
#1037=LINE('',#6694,#1611);
#1038=LINE('',#6697,#1612);
#1039=LINE('',#6698,#1613);
#1040=LINE('',#6702,#1614);
#1041=LINE('',#6704,#1615);
#1042=LINE('',#6706,#1616);
#1043=LINE('',#6707,#1617);
#1044=LINE('',#6710,#1618);
#1045=LINE('',#6712,#1619);
#1046=LINE('',#6713,#1620);
#1047=LINE('',#6716,#1621);
#1048=LINE('',#6717,#1622);
#1049=LINE('',#6718,#1623);
#1050=LINE('',#6721,#1624);
#1051=LINE('',#6723,#1625);
#1052=LINE('',#6724,#1626);
#1053=LINE('',#6728,#1627);
#1054=LINE('',#6730,#1628);
#1055=LINE('',#6732,#1629);
#1056=LINE('',#6733,#1630);
#1057=LINE('',#6735,#1631);
#1058=LINE('',#6737,#1632);
#1059=LINE('',#6739,#1633);
#1060=LINE('',#6740,#1634);
#1061=LINE('',#6743,#1635);
#1062=LINE('',#6744,#1636);
#1063=LINE('',#6747,#1637);
#1064=LINE('',#6748,#1638);
#1065=LINE('',#6750,#1639);
#1066=LINE('',#6752,#1640);
#1067=LINE('',#6755,#1641);
#1068=LINE('',#6757,#1642);
#1069=LINE('',#6758,#1643);
#1070=LINE('',#6760,#1644);
#1071=LINE('',#6761,#1645);
#1072=LINE('',#6764,#1646);
#1073=LINE('',#6766,#1647);
#1074=LINE('',#6768,#1648);
#1075=LINE('',#6769,#1649);
#1076=LINE('',#6772,#1650);
#1077=LINE('',#6774,#1651);
#1078=LINE('',#6775,#1652);
#1079=LINE('',#6777,#1653);
#1080=LINE('',#6779,#1654);
#1081=LINE('',#6780,#1655);
#1082=LINE('',#6782,#1656);
#1083=LINE('',#6783,#1657);
#1084=LINE('',#6785,#1658);
#1085=LINE('',#6789,#1659);
#1086=LINE('',#6791,#1660);
#1087=LINE('',#6792,#1661);
#1088=LINE('',#6794,#1662);
#1089=LINE('',#6796,#1663);
#1090=LINE('',#6798,#1664);
#1091=LINE('',#6800,#1665);
#1092=VECTOR('',#4532,10.);
#1093=VECTOR('',#4533,10.);
#1094=VECTOR('',#4534,10.);
#1095=VECTOR('',#4535,10.);
#1096=VECTOR('',#4538,10.);
#1097=VECTOR('',#4539,10.);
#1098=VECTOR('',#4540,10.);
#1099=VECTOR('',#4543,10.);
#1100=VECTOR('',#4544,10.);
#1101=VECTOR('',#4547,10.);
#1102=VECTOR('',#4548,10.);
#1103=VECTOR('',#4549,10.);
#1104=VECTOR('',#4550,10.);
#1105=VECTOR('',#4553,10.);
#1106=VECTOR('',#4554,10.);
#1107=VECTOR('',#4555,10.);
#1108=VECTOR('',#4558,10.);
#1109=VECTOR('',#4559,10.);
#1110=VECTOR('',#4562,10.);
#1111=VECTOR('',#4563,10.);
#1112=VECTOR('',#4566,10.);
#1113=VECTOR('',#4569,10.);
#1114=VECTOR('',#4570,10.);
#1115=VECTOR('',#4571,10.);
#1116=VECTOR('',#4572,10.);
#1117=VECTOR('',#4573,10.);
#1118=VECTOR('',#4574,10.);
#1119=VECTOR('',#4575,10.);
#1120=VECTOR('',#4576,10.);
#1121=VECTOR('',#4579,10.);
#1122=VECTOR('',#4580,10.);
#1123=VECTOR('',#4581,10.);
#1124=VECTOR('',#4582,10.);
#1125=VECTOR('',#4583,10.);
#1126=VECTOR('',#4584,10.);
#1127=VECTOR('',#4585,10.);
#1128=VECTOR('',#4586,10.);
#1129=VECTOR('',#4587,10.);
#1130=VECTOR('',#4588,10.);
#1131=VECTOR('',#4589,10.);
#1132=VECTOR('',#4590,10.);
#1133=VECTOR('',#4591,10.);
#1134=VECTOR('',#4592,10.);
#1135=VECTOR('',#4593,10.);
#1136=VECTOR('',#4594,10.);
#1137=VECTOR('',#4595,10.);
#1138=VECTOR('',#4596,10.);
#1139=VECTOR('',#4597,10.);
#1140=VECTOR('',#4600,10.);
#1141=VECTOR('',#4601,10.);
#1142=VECTOR('',#4602,10.);
#1143=VECTOR('',#4603,10.);
#1144=VECTOR('',#4604,10.);
#1145=VECTOR('',#4605,10.);
#1146=VECTOR('',#4606,10.);
#1147=VECTOR('',#4607,10.);
#1148=VECTOR('',#4610,10.);
#1149=VECTOR('',#4613,10.);
#1150=VECTOR('',#4614,10.);
#1151=VECTOR('',#4615,10.);
#1152=VECTOR('',#4616,10.);
#1153=VECTOR('',#4617,10.);
#1154=VECTOR('',#4618,10.);
#1155=VECTOR('',#4619,10.);
#1156=VECTOR('',#4620,10.);
#1157=VECTOR('',#4621,10.);
#1158=VECTOR('',#4622,10.);
#1159=VECTOR('',#4623,10.);
#1160=VECTOR('',#4624,10.);
#1161=VECTOR('',#4625,10.);
#1162=VECTOR('',#4626,10.);
#1163=VECTOR('',#4627,10.);
#1164=VECTOR('',#4628,10.);
#1165=VECTOR('',#4629,10.);
#1166=VECTOR('',#4630,10.);
#1167=VECTOR('',#4631,10.);
#1168=VECTOR('',#4632,10.);
#1169=VECTOR('',#4633,10.);
#1170=VECTOR('',#4634,10.);
#1171=VECTOR('',#4635,10.);
#1172=VECTOR('',#4636,10.);
#1173=VECTOR('',#4637,10.);
#1174=VECTOR('',#4640,10.);
#1175=VECTOR('',#4641,10.);
#1176=VECTOR('',#4644,10.);
#1177=VECTOR('',#4645,10.);
#1178=VECTOR('',#4646,10.);
#1179=VECTOR('',#4647,10.);
#1180=VECTOR('',#4648,10.);
#1181=VECTOR('',#4649,10.);
#1182=VECTOR('',#4650,10.);
#1183=VECTOR('',#4651,10.);
#1184=VECTOR('',#4654,10.);
#1185=VECTOR('',#4655,10.);
#1186=VECTOR('',#4658,10.);
#1187=VECTOR('',#4659,10.);
#1188=VECTOR('',#4660,10.);
#1189=VECTOR('',#4661,10.);
#1190=VECTOR('',#4666,10.);
#1191=VECTOR('',#4669,10.);
#1192=VECTOR('',#4672,10.);
#1193=VECTOR('',#4673,10.);
#1194=VECTOR('',#4674,10.);
#1195=VECTOR('',#4677,10.);
#1196=VECTOR('',#4680,10.);
#1197=VECTOR('',#4681,10.);
#1198=VECTOR('',#4682,10.);
#1199=VECTOR('',#4683,10.);
#1200=VECTOR('',#4686,10.);
#1201=VECTOR('',#4687,10.);
#1202=VECTOR('',#4688,10.);
#1203=VECTOR('',#4691,10.);
#1204=VECTOR('',#4692,10.);
#1205=VECTOR('',#4693,10.);
#1206=VECTOR('',#4694,10.);
#1207=VECTOR('',#4699,10.);
#1208=VECTOR('',#4702,10.);
#1209=VECTOR('',#4705,10.);
#1210=VECTOR('',#4706,10.);
#1211=VECTOR('',#4707,10.);
#1212=VECTOR('',#4710,10.);
#1213=VECTOR('',#4713,10.);
#1214=VECTOR('',#4714,10.);
#1215=VECTOR('',#4715,10.);
#1216=VECTOR('',#4718,10.);
#1217=VECTOR('',#4719,10.);
#1218=VECTOR('',#4720,10.);
#1219=VECTOR('',#4721,10.);
#1220=VECTOR('',#4728,10.);
#1221=VECTOR('',#4731,10.);
#1222=VECTOR('',#4732,10.);
#1223=VECTOR('',#4733,10.);
#1224=VECTOR('',#4736,10.);
#1225=VECTOR('',#4737,10.);
#1226=VECTOR('',#4738,10.);
#1227=VECTOR('',#4739,10.);
#1228=VECTOR('',#4740,10.);
#1229=VECTOR('',#4741,10.);
#1230=VECTOR('',#4746,10.);
#1231=VECTOR('',#4747,10.);
#1232=VECTOR('',#4748,10.);
#1233=VECTOR('',#4753,10.);
#1234=VECTOR('',#4756,10.);
#1235=VECTOR('',#4757,10.);
#1236=VECTOR('',#4760,10.);
#1237=VECTOR('',#4761,10.);
#1238=VECTOR('',#4762,10.);
#1239=VECTOR('',#4769,10.);
#1240=VECTOR('',#4770,10.);
#1241=VECTOR('',#4771,10.);
#1242=VECTOR('',#4772,10.);
#1243=VECTOR('',#4773,10.);
#1244=VECTOR('',#4774,10.);
#1245=VECTOR('',#4775,10.);
#1246=VECTOR('',#4776,10.);
#1247=VECTOR('',#4777,10.);
#1248=VECTOR('',#4778,10.);
#1249=VECTOR('',#4779,10.);
#1250=VECTOR('',#4780,10.);
#1251=VECTOR('',#4781,10.);
#1252=VECTOR('',#4782,10.);
#1253=VECTOR('',#4785,10.);
#1254=VECTOR('',#4786,10.);
#1255=VECTOR('',#4789,10.);
#1256=VECTOR('',#4790,10.);
#1257=VECTOR('',#4791,10.);
#1258=VECTOR('',#4792,10.);
#1259=VECTOR('',#4793,10.);
#1260=VECTOR('',#4794,10.);
#1261=VECTOR('',#4795,10.);
#1262=VECTOR('',#4796,10.);
#1263=VECTOR('',#4799,10.);
#1264=VECTOR('',#4800,10.);
#1265=VECTOR('',#4801,10.);
#1266=VECTOR('',#4804,10.);
#1267=VECTOR('',#4805,10.);
#1268=VECTOR('',#4806,10.);
#1269=VECTOR('',#4809,10.);
#1270=VECTOR('',#4810,10.);
#1271=VECTOR('',#4811,10.);
#1272=VECTOR('',#4812,10.);
#1273=VECTOR('',#4813,10.);
#1274=VECTOR('',#4814,10.);
#1275=VECTOR('',#4817,10.);
#1276=VECTOR('',#4818,10.);
#1277=VECTOR('',#4819,10.);
#1278=VECTOR('',#4820,10.);
#1279=VECTOR('',#4823,10.);
#1280=VECTOR('',#4824,10.);
#1281=VECTOR('',#4825,10.);
#1282=VECTOR('',#4828,10.);
#1283=VECTOR('',#4829,10.);
#1284=VECTOR('',#4830,10.);
#1285=VECTOR('',#4831,10.);
#1286=VECTOR('',#4834,10.);
#1287=VECTOR('',#4835,10.);
#1288=VECTOR('',#4836,10.);
#1289=VECTOR('',#4837,10.);
#1290=VECTOR('',#4840,10.);
#1291=VECTOR('',#4841,10.);
#1292=VECTOR('',#4842,10.);
#1293=VECTOR('',#4845,10.);
#1294=VECTOR('',#4846,10.);
#1295=VECTOR('',#4847,10.);
#1296=VECTOR('',#4850,10.);
#1297=VECTOR('',#4853,10.);
#1298=VECTOR('',#4854,10.);
#1299=VECTOR('',#4855,10.);
#1300=VECTOR('',#4856,10.);
#1301=VECTOR('',#4857,10.);
#1302=VECTOR('',#4858,10.);
#1303=VECTOR('',#4859,10.);
#1304=VECTOR('',#4860,10.);
#1305=VECTOR('',#4861,10.);
#1306=VECTOR('',#4862,10.);
#1307=VECTOR('',#4863,10.);
#1308=VECTOR('',#4864,10.);
#1309=VECTOR('',#4865,10.);
#1310=VECTOR('',#4866,10.);
#1311=VECTOR('',#4867,10.);
#1312=VECTOR('',#4868,10.);
#1313=VECTOR('',#4869,10.);
#1314=VECTOR('',#4870,10.);
#1315=VECTOR('',#4871,10.);
#1316=VECTOR('',#4872,10.);
#1317=VECTOR('',#4873,10.);
#1318=VECTOR('',#4874,10.);
#1319=VECTOR('',#4877,10.);
#1320=VECTOR('',#4880,10.);
#1321=VECTOR('',#4881,10.);
#1322=VECTOR('',#4882,10.);
#1323=VECTOR('',#4885,10.);
#1324=VECTOR('',#4886,10.);
#1325=VECTOR('',#4887,10.);
#1326=VECTOR('',#4892,10.);
#1327=VECTOR('',#4893,10.);
#1328=VECTOR('',#4894,10.);
#1329=VECTOR('',#4895,10.);
#1330=VECTOR('',#4896,10.);
#1331=VECTOR('',#4897,10.);
#1332=VECTOR('',#4898,10.);
#1333=VECTOR('',#4903,10.);
#1334=VECTOR('',#4906,10.);
#1335=VECTOR('',#4907,10.);
#1336=VECTOR('',#4908,10.);
#1337=VECTOR('',#4909,10.);
#1338=VECTOR('',#4912,10.);
#1339=VECTOR('',#4913,10.);
#1340=VECTOR('',#4918,10.);
#1341=VECTOR('',#4923,10.);
#1342=VECTOR('',#4924,10.);
#1343=VECTOR('',#4925,10.);
#1344=VECTOR('',#4926,10.);
#1345=VECTOR('',#4927,10.);
#1346=VECTOR('',#4930,10.);
#1347=VECTOR('',#4931,10.);
#1348=VECTOR('',#4934,10.);
#1349=VECTOR('',#4935,10.);
#1350=VECTOR('',#4936,10.);
#1351=VECTOR('',#4939,10.);
#1352=VECTOR('',#4940,10.);
#1353=VECTOR('',#4943,10.);
#1354=VECTOR('',#4944,10.);
#1355=VECTOR('',#4947,10.);
#1356=VECTOR('',#4950,10.);
#1357=VECTOR('',#4951,10.);
#1358=VECTOR('',#4952,10.);
#1359=VECTOR('',#4955,10.);
#1360=VECTOR('',#4956,10.);
#1361=VECTOR('',#4959,10.);
#1362=VECTOR('',#4960,10.);
#1363=VECTOR('',#4961,10.);
#1364=VECTOR('',#4964,10.);
#1365=VECTOR('',#4965,10.);
#1366=VECTOR('',#4968,10.);
#1367=VECTOR('',#4969,10.);
#1368=VECTOR('',#4972,10.);
#1369=VECTOR('',#4973,10.);
#1370=VECTOR('',#4976,10.);
#1371=VECTOR('',#4977,10.);
#1372=VECTOR('',#4978,10.);
#1373=VECTOR('',#4981,10.);
#1374=VECTOR('',#4982,10.);
#1375=VECTOR('',#4985,10.);
#1376=VECTOR('',#4986,10.);
#1377=VECTOR('',#4987,10.);
#1378=VECTOR('',#4990,10.);
#1379=VECTOR('',#4991,10.);
#1380=VECTOR('',#4994,10.);
#1381=VECTOR('',#4995,10.);
#1382=VECTOR('',#4998,10.);
#1383=VECTOR('',#4999,10.);
#1384=VECTOR('',#5002,10.);
#1385=VECTOR('',#5003,10.);
#1386=VECTOR('',#5006,10.);
#1387=VECTOR('',#5007,10.);
#1388=VECTOR('',#5008,10.);
#1389=VECTOR('',#5011,10.);
#1390=VECTOR('',#5012,10.);
#1391=VECTOR('',#5013,10.);
#1392=VECTOR('',#5016,10.);
#1393=VECTOR('',#5017,10.);
#1394=VECTOR('',#5020,10.);
#1395=VECTOR('',#5021,10.);
#1396=VECTOR('',#5024,10.);
#1397=VECTOR('',#5025,10.);
#1398=VECTOR('',#5028,10.);
#1399=VECTOR('',#5029,10.);
#1400=VECTOR('',#5032,10.);
#1401=VECTOR('',#5033,10.);
#1402=VECTOR('',#5034,10.);
#1403=VECTOR('',#5037,10.);
#1404=VECTOR('',#5038,10.);
#1405=VECTOR('',#5041,10.);
#1406=VECTOR('',#5042,10.);
#1407=VECTOR('',#5045,10.);
#1408=VECTOR('',#5046,10.);
#1409=VECTOR('',#5047,10.);
#1410=VECTOR('',#5050,10.);
#1411=VECTOR('',#5051,10.);
#1412=VECTOR('',#5054,10.);
#1413=VECTOR('',#5055,10.);
#1414=VECTOR('',#5056,10.);
#1415=VECTOR('',#5057,10.);
#1416=VECTOR('',#5060,10.);
#1417=VECTOR('',#5061,10.);
#1418=VECTOR('',#5062,10.);
#1419=VECTOR('',#5063,10.);
#1420=VECTOR('',#5066,10.);
#1421=VECTOR('',#5067,10.);
#1422=VECTOR('',#5068,10.);
#1423=VECTOR('',#5071,10.);
#1424=VECTOR('',#5072,10.);
#1425=VECTOR('',#5073,10.);
#1426=VECTOR('',#5074,10.);
#1427=VECTOR('',#5077,10.);
#1428=VECTOR('',#5078,10.);
#1429=VECTOR('',#5079,10.);
#1430=VECTOR('',#5082,10.);
#1431=VECTOR('',#5083,10.);
#1432=VECTOR('',#5084,10.);
#1433=VECTOR('',#5085,10.);
#1434=VECTOR('',#5088,10.);
#1435=VECTOR('',#5089,10.);
#1436=VECTOR('',#5092,10.);
#1437=VECTOR('',#5095,10.);
#1438=VECTOR('',#5098,10.);
#1439=VECTOR('',#5101,10.);
#1440=VECTOR('',#5104,10.);
#1441=VECTOR('',#5107,10.);
#1442=VECTOR('',#5110,10.);
#1443=VECTOR('',#5113,10.);
#1444=VECTOR('',#5118,10.);
#1445=VECTOR('',#5119,10.);
#1446=VECTOR('',#5122,10.);
#1447=VECTOR('',#5125,10.);
#1448=VECTOR('',#5128,10.);
#1449=VECTOR('',#5131,10.);
#1450=VECTOR('',#5134,10.);
#1451=VECTOR('',#5137,10.);
#1452=VECTOR('',#5140,10.);
#1453=VECTOR('',#5143,10.);
#1454=VECTOR('',#5148,10.);
#1455=VECTOR('',#5149,10.);
#1456=VECTOR('',#5150,10.);
#1457=VECTOR('',#5153,10.);
#1458=VECTOR('',#5156,10.);
#1459=VECTOR('',#5159,10.);
#1460=VECTOR('',#5162,10.);
#1461=VECTOR('',#5163,10.);
#1462=VECTOR('',#5166,10.);
#1463=VECTOR('',#5169,10.);
#1464=VECTOR('',#5172,10.);
#1465=VECTOR('',#5175,10.);
#1466=VECTOR('',#5176,10.);
#1467=VECTOR('',#5179,10.);
#1468=VECTOR('',#5182,10.);
#1469=VECTOR('',#5185,10.);
#1470=VECTOR('',#5188,10.);
#1471=VECTOR('',#5191,10.);
#1472=VECTOR('',#5194,10.);
#1473=VECTOR('',#5197,10.);
#1474=VECTOR('',#5200,10.);
#1475=VECTOR('',#5203,10.);
#1476=VECTOR('',#5206,10.);
#1477=VECTOR('',#5209,10.);
#1478=VECTOR('',#5212,10.);
#1479=VECTOR('',#5215,10.);
#1480=VECTOR('',#5218,10.);
#1481=VECTOR('',#5221,10.);
#1482=VECTOR('',#5224,10.);
#1483=VECTOR('',#5227,10.);
#1484=VECTOR('',#5230,10.);
#1485=VECTOR('',#5233,10.);
#1486=VECTOR('',#5236,10.);
#1487=VECTOR('',#5237,10.);
#1488=VECTOR('',#5238,10.);
#1489=VECTOR('',#5241,10.);
#1490=VECTOR('',#5244,10.);
#1491=VECTOR('',#5247,10.);
#1492=VECTOR('',#5250,10.);
#1493=VECTOR('',#5253,10.);
#1494=VECTOR('',#5256,10.);
#1495=VECTOR('',#5259,10.);
#1496=VECTOR('',#5262,10.);
#1497=VECTOR('',#5265,10.);
#1498=VECTOR('',#5268,10.);
#1499=VECTOR('',#5271,10.);
#1500=VECTOR('',#5274,10.);
#1501=VECTOR('',#5277,10.);
#1502=VECTOR('',#5280,10.);
#1503=VECTOR('',#5283,10.);
#1504=VECTOR('',#5286,10.);
#1505=VECTOR('',#5289,10.);
#1506=VECTOR('',#5292,10.);
#1507=VECTOR('',#5295,10.);
#1508=VECTOR('',#5298,10.);
#1509=VECTOR('',#5299,10.);
#1510=VECTOR('',#5302,10.);
#1511=VECTOR('',#5305,10.);
#1512=VECTOR('',#5310,10.);
#1513=VECTOR('',#5311,10.);
#1514=VECTOR('',#5312,10.);
#1515=VECTOR('',#5315,10.);
#1516=VECTOR('',#5318,10.);
#1517=VECTOR('',#5319,10.);
#1518=VECTOR('',#5322,10.);
#1519=VECTOR('',#5327,10.);
#1520=VECTOR('',#5328,10.);
#1521=VECTOR('',#5329,10.);
#1522=VECTOR('',#5332,10.);
#1523=VECTOR('',#5335,10.);
#1524=VECTOR('',#5338,10.);
#1525=VECTOR('',#5339,10.);
#1526=VECTOR('',#5344,10.);
#1527=VECTOR('',#5345,10.);
#1528=VECTOR('',#5348,10.);
#1529=VECTOR('',#5351,10.);
#1530=VECTOR('',#5356,10.);
#1531=VECTOR('',#5357,10.);
#1532=VECTOR('',#5358,10.);
#1533=VECTOR('',#5359,10.);
#1534=VECTOR('',#5362,10.);
#1535=VECTOR('',#5363,10.);
#1536=VECTOR('',#5364,10.);
#1537=VECTOR('',#5365,10.);
#1538=VECTOR('',#5368,10.);
#1539=VECTOR('',#5369,10.);
#1540=VECTOR('',#5370,10.);
#1541=VECTOR('',#5373,10.);
#1542=VECTOR('',#5374,10.);
#1543=VECTOR('',#5375,10.);
#1544=VECTOR('',#5378,10.);
#1545=VECTOR('',#5379,10.);
#1546=VECTOR('',#5382,10.);
#1547=VECTOR('',#5383,10.);
#1548=VECTOR('',#5384,10.);
#1549=VECTOR('',#5385,10.);
#1550=VECTOR('',#5388,10.);
#1551=VECTOR('',#5389,10.);
#1552=VECTOR('',#5390,10.);
#1553=VECTOR('',#5393,10.);
#1554=VECTOR('',#5394,10.);
#1555=VECTOR('',#5395,10.);
#1556=VECTOR('',#5398,10.);
#1557=VECTOR('',#5399,10.);
#1558=VECTOR('',#5400,10.);
#1559=VECTOR('',#5403,10.);
#1560=VECTOR('',#5404,10.);
#1561=VECTOR('',#5405,10.);
#1562=VECTOR('',#5406,10.);
#1563=VECTOR('',#5409,10.);
#1564=VECTOR('',#5410,10.);
#1565=VECTOR('',#5411,10.);
#1566=VECTOR('',#5412,10.);
#1567=VECTOR('',#5415,10.);
#1568=VECTOR('',#5416,10.);
#1569=VECTOR('',#5419,10.);
#1570=VECTOR('',#5420,10.);
#1571=VECTOR('',#5423,10.);
#1572=VECTOR('',#5426,10.);
#1573=VECTOR('',#5429,10.);
#1574=VECTOR('',#5430,10.);
#1575=VECTOR('',#5431,10.);
#1576=VECTOR('',#5434,10.);
#1577=VECTOR('',#5435,10.);
#1578=VECTOR('',#5436,10.);
#1579=VECTOR('',#5437,10.);
#1580=VECTOR('',#5438,10.);
#1581=VECTOR('',#5439,10.);
#1582=VECTOR('',#5440,10.);
#1583=VECTOR('',#5441,10.);
#1584=VECTOR('',#5444,10.);
#1585=VECTOR('',#5445,10.);
#1586=VECTOR('',#5446,10.);
#1587=VECTOR('',#5447,10.);
#1588=VECTOR('',#5448,10.);
#1589=VECTOR('',#5449,10.);
#1590=VECTOR('',#5450,10.);
#1591=VECTOR('',#5453,10.);
#1592=VECTOR('',#5454,10.);
#1593=VECTOR('',#5455,10.);
#1594=VECTOR('',#5458,10.);
#1595=VECTOR('',#5461,10.);
#1596=VECTOR('',#5464,10.);
#1597=VECTOR('',#5467,10.);
#1598=VECTOR('',#5474,10.);
#1599=VECTOR('',#5475,10.);
#1600=VECTOR('',#5476,10.);
#1601=VECTOR('',#5477,10.);
#1602=VECTOR('',#5480,10.);
#1603=VECTOR('',#5481,10.);
#1604=VECTOR('',#5482,10.);
#1605=VECTOR('',#5483,10.);
#1606=VECTOR('',#5486,10.);
#1607=VECTOR('',#5487,10.);
#1608=VECTOR('',#5488,10.);
#1609=VECTOR('',#5491,10.);
#1610=VECTOR('',#5492,10.);
#1611=VECTOR('',#5493,10.);
#1612=VECTOR('',#5496,10.);
#1613=VECTOR('',#5497,10.);
#1614=VECTOR('',#5500,10.);
#1615=VECTOR('',#5501,10.);
#1616=VECTOR('',#5502,10.);
#1617=VECTOR('',#5503,10.);
#1618=VECTOR('',#5506,10.);
#1619=VECTOR('',#5507,10.);
#1620=VECTOR('',#5508,10.);
#1621=VECTOR('',#5511,10.);
#1622=VECTOR('',#5512,10.);
#1623=VECTOR('',#5513,10.);
#1624=VECTOR('',#5516,10.);
#1625=VECTOR('',#5517,10.);
#1626=VECTOR('',#5518,10.);
#1627=VECTOR('',#5521,10.);
#1628=VECTOR('',#5522,10.);
#1629=VECTOR('',#5523,10.);
#1630=VECTOR('',#5524,10.);
#1631=VECTOR('',#5527,10.);
#1632=VECTOR('',#5528,10.);
#1633=VECTOR('',#5529,10.);
#1634=VECTOR('',#5530,10.);
#1635=VECTOR('',#5533,10.);
#1636=VECTOR('',#5534,10.);
#1637=VECTOR('',#5537,10.);
#1638=VECTOR('',#5538,10.);
#1639=VECTOR('',#5541,10.);
#1640=VECTOR('',#5544,10.);
#1641=VECTOR('',#5547,10.);
#1642=VECTOR('',#5548,10.);
#1643=VECTOR('',#5549,10.);
#1644=VECTOR('',#5550,10.);
#1645=VECTOR('',#5551,10.);
#1646=VECTOR('',#5552,10.);
#1647=VECTOR('',#5553,10.);
#1648=VECTOR('',#5554,10.);
#1649=VECTOR('',#5555,10.);
#1650=VECTOR('',#5558,10.);
#1651=VECTOR('',#5559,10.);
#1652=VECTOR('',#5560,10.);
#1653=VECTOR('',#5561,10.);
#1654=VECTOR('',#5562,10.);
#1655=VECTOR('',#5563,10.);
#1656=VECTOR('',#5564,10.);
#1657=VECTOR('',#5565,10.);
#1658=VECTOR('',#5568,10.);
#1659=VECTOR('',#5573,10.);
#1660=VECTOR('',#5574,10.);
#1661=VECTOR('',#5575,10.);
#1662=VECTOR('',#5578,10.);
#1663=VECTOR('',#5581,10.);
#1664=VECTOR('',#5584,10.);
#1665=VECTOR('',#5587,10.);
#1666=VERTEX_POINT('',#5592);
#1667=VERTEX_POINT('',#5593);
#1668=VERTEX_POINT('',#5595);
#1669=VERTEX_POINT('',#5597);
#1670=VERTEX_POINT('',#5601);
#1671=VERTEX_POINT('',#5603);
#1672=VERTEX_POINT('',#5607);
#1673=VERTEX_POINT('',#5611);
#1674=VERTEX_POINT('',#5612);
#1675=VERTEX_POINT('',#5614);
#1676=VERTEX_POINT('',#5616);
#1677=VERTEX_POINT('',#5620);
#1678=VERTEX_POINT('',#5622);
#1679=VERTEX_POINT('',#5626);
#1680=VERTEX_POINT('',#5630);
#1681=VERTEX_POINT('',#5631);
#1682=VERTEX_POINT('',#5633);
#1683=VERTEX_POINT('',#5635);
#1684=VERTEX_POINT('',#5637);
#1685=VERTEX_POINT('',#5639);
#1686=VERTEX_POINT('',#5641);
#1687=VERTEX_POINT('',#5643);
#1688=VERTEX_POINT('',#5645);
#1689=VERTEX_POINT('',#5647);
#1690=VERTEX_POINT('',#5649);
#1691=VERTEX_POINT('',#5651);
#1692=VERTEX_POINT('',#5653);
#1693=VERTEX_POINT('',#5655);
#1694=VERTEX_POINT('',#5657);
#1695=VERTEX_POINT('',#5659);
#1696=VERTEX_POINT('',#5661);
#1697=VERTEX_POINT('',#5663);
#1698=VERTEX_POINT('',#5665);
#1699=VERTEX_POINT('',#5667);
#1700=VERTEX_POINT('',#5669);
#1701=VERTEX_POINT('',#5671);
#1702=VERTEX_POINT('',#5673);
#1703=VERTEX_POINT('',#5675);
#1704=VERTEX_POINT('',#5677);
#1705=VERTEX_POINT('',#5679);
#1706=VERTEX_POINT('',#5681);
#1707=VERTEX_POINT('',#5683);
#1708=VERTEX_POINT('',#5685);
#1709=VERTEX_POINT('',#5687);
#1710=VERTEX_POINT('',#5689);
#1711=VERTEX_POINT('',#5691);
#1712=VERTEX_POINT('',#5693);
#1713=VERTEX_POINT('',#5695);
#1714=VERTEX_POINT('',#5697);
#1715=VERTEX_POINT('',#5699);
#1716=VERTEX_POINT('',#5701);
#1717=VERTEX_POINT('',#5703);
#1718=VERTEX_POINT('',#5705);
#1719=VERTEX_POINT('',#5707);
#1720=VERTEX_POINT('',#5709);
#1721=VERTEX_POINT('',#5711);
#1722=VERTEX_POINT('',#5713);
#1723=VERTEX_POINT('',#5715);
#1724=VERTEX_POINT('',#5717);
#1725=VERTEX_POINT('',#5719);
#1726=VERTEX_POINT('',#5721);
#1727=VERTEX_POINT('',#5723);
#1728=VERTEX_POINT('',#5725);
#1729=VERTEX_POINT('',#5727);
#1730=VERTEX_POINT('',#5729);
#1731=VERTEX_POINT('',#5731);
#1732=VERTEX_POINT('',#5734);
#1733=VERTEX_POINT('',#5735);
#1734=VERTEX_POINT('',#5737);
#1735=VERTEX_POINT('',#5739);
#1736=VERTEX_POINT('',#5741);
#1737=VERTEX_POINT('',#5744);
#1738=VERTEX_POINT('',#5745);
#1739=VERTEX_POINT('',#5747);
#1740=VERTEX_POINT('',#5749);
#1741=VERTEX_POINT('',#5751);
#1742=VERTEX_POINT('',#5754);
#1743=VERTEX_POINT('',#5755);
#1744=VERTEX_POINT('',#5757);
#1745=VERTEX_POINT('',#5759);
#1746=VERTEX_POINT('',#5761);
#1747=VERTEX_POINT('',#5763);
#1748=VERTEX_POINT('',#5765);
#1749=VERTEX_POINT('',#5767);
#1750=VERTEX_POINT('',#5769);
#1751=VERTEX_POINT('',#5771);
#1752=VERTEX_POINT('',#5774);
#1753=VERTEX_POINT('',#5775);
#1754=VERTEX_POINT('',#5777);
#1755=VERTEX_POINT('',#5779);
#1756=VERTEX_POINT('',#5781);
#1757=VERTEX_POINT('',#5783);
#1758=VERTEX_POINT('',#5785);
#1759=VERTEX_POINT('',#5787);
#1760=VERTEX_POINT('',#5789);
#1761=VERTEX_POINT('',#5791);
#1762=VERTEX_POINT('',#5795);
#1763=VERTEX_POINT('',#5799);
#1764=VERTEX_POINT('',#5800);
#1765=VERTEX_POINT('',#5802);
#1766=VERTEX_POINT('',#5804);
#1767=VERTEX_POINT('',#5808);
#1768=VERTEX_POINT('',#5809);
#1769=VERTEX_POINT('',#5811);
#1770=VERTEX_POINT('',#5813);
#1771=VERTEX_POINT('',#5817);
#1772=VERTEX_POINT('',#5819);
#1773=VERTEX_POINT('',#5823);
#1774=VERTEX_POINT('',#5824);
#1775=VERTEX_POINT('',#5826);
#1776=VERTEX_POINT('',#5828);
#1777=VERTEX_POINT('',#5830);
#1778=VERTEX_POINT('',#5835);
#1779=VERTEX_POINT('',#5837);
#1780=VERTEX_POINT('',#5841);
#1781=VERTEX_POINT('',#5842);
#1782=VERTEX_POINT('',#5844);
#1783=VERTEX_POINT('',#5846);
#1784=VERTEX_POINT('',#5850);
#1785=VERTEX_POINT('',#5851);
#1786=VERTEX_POINT('',#5853);
#1787=VERTEX_POINT('',#5855);
#1788=VERTEX_POINT('',#5859);
#1789=VERTEX_POINT('',#5861);
#1790=VERTEX_POINT('',#5865);
#1791=VERTEX_POINT('',#5866);
#1792=VERTEX_POINT('',#5870);
#1793=VERTEX_POINT('',#5874);
#1794=VERTEX_POINT('',#5875);
#1795=VERTEX_POINT('',#5877);
#1796=VERTEX_POINT('',#5879);
#1797=VERTEX_POINT('',#5883);
#1798=VERTEX_POINT('',#5885);
#1799=VERTEX_POINT('',#5889);
#1800=VERTEX_POINT('',#5891);
#1801=VERTEX_POINT('',#5895);
#1802=VERTEX_POINT('',#5896);
#1803=VERTEX_POINT('',#5898);
#1804=VERTEX_POINT('',#5900);
#1805=VERTEX_POINT('',#5902);
#1806=VERTEX_POINT('',#5904);
#1807=VERTEX_POINT('',#5906);
#1808=VERTEX_POINT('',#5910);
#1809=VERTEX_POINT('',#5912);
#1810=VERTEX_POINT('',#5916);
#1811=VERTEX_POINT('',#5920);
#1812=VERTEX_POINT('',#5924);
#1813=VERTEX_POINT('',#5926);
#1814=VERTEX_POINT('',#5932);
#1815=VERTEX_POINT('',#5933);
#1816=VERTEX_POINT('',#5935);
#1817=VERTEX_POINT('',#5937);
#1818=VERTEX_POINT('',#5939);
#1819=VERTEX_POINT('',#5941);
#1820=VERTEX_POINT('',#5943);
#1821=VERTEX_POINT('',#5945);
#1822=VERTEX_POINT('',#5947);
#1823=VERTEX_POINT('',#5949);
#1824=VERTEX_POINT('',#5951);
#1825=VERTEX_POINT('',#5953);
#1826=VERTEX_POINT('',#5955);
#1827=VERTEX_POINT('',#5957);
#1828=VERTEX_POINT('',#5959);
#1829=VERTEX_POINT('',#5961);
#1830=VERTEX_POINT('',#5964);
#1831=VERTEX_POINT('',#5965);
#1832=VERTEX_POINT('',#5967);
#1833=VERTEX_POINT('',#5969);
#1834=VERTEX_POINT('',#5971);
#1835=VERTEX_POINT('',#5973);
#1836=VERTEX_POINT('',#5975);
#1837=VERTEX_POINT('',#5977);
#1838=VERTEX_POINT('',#5979);
#1839=VERTEX_POINT('',#5981);
#1840=VERTEX_POINT('',#5985);
#1841=VERTEX_POINT('',#5986);
#1842=VERTEX_POINT('',#5991);
#1843=VERTEX_POINT('',#5993);
#1844=VERTEX_POINT('',#5997);
#1845=VERTEX_POINT('',#5998);
#1846=VERTEX_POINT('',#6000);
#1847=VERTEX_POINT('',#6002);
#1848=VERTEX_POINT('',#6004);
#1849=VERTEX_POINT('',#6006);
#1850=VERTEX_POINT('',#6010);
#1851=VERTEX_POINT('',#6011);
#1852=VERTEX_POINT('',#6013);
#1853=VERTEX_POINT('',#6015);
#1854=VERTEX_POINT('',#6019);
#1855=VERTEX_POINT('',#6020);
#1856=VERTEX_POINT('',#6025);
#1857=VERTEX_POINT('',#6026);
#1858=VERTEX_POINT('',#6028);
#1859=VERTEX_POINT('',#6030);
#1860=VERTEX_POINT('',#6032);
#1861=VERTEX_POINT('',#6034);
#1862=VERTEX_POINT('',#6036);
#1863=VERTEX_POINT('',#6039);
#1864=VERTEX_POINT('',#6043);
#1865=VERTEX_POINT('',#6045);
#1866=VERTEX_POINT('',#6049);
#1867=VERTEX_POINT('',#6051);
#1868=VERTEX_POINT('',#6055);
#1869=VERTEX_POINT('',#6056);
#1870=VERTEX_POINT('',#6058);
#1871=VERTEX_POINT('',#6060);
#1872=VERTEX_POINT('',#6062);
#1873=VERTEX_POINT('',#6064);
#1874=VERTEX_POINT('',#6066);
#1875=VERTEX_POINT('',#6068);
#1876=VERTEX_POINT('',#6070);
#1877=VERTEX_POINT('',#6072);
#1878=VERTEX_POINT('',#6074);
#1879=VERTEX_POINT('',#6076);
#1880=VERTEX_POINT('',#6078);
#1881=VERTEX_POINT('',#6080);
#1882=VERTEX_POINT('',#6082);
#1883=VERTEX_POINT('',#6084);
#1884=VERTEX_POINT('',#6087);
#1885=VERTEX_POINT('',#6088);
#1886=VERTEX_POINT('',#6090);
#1887=VERTEX_POINT('',#6092);
#1888=VERTEX_POINT('',#6094);
#1889=VERTEX_POINT('',#6096);
#1890=VERTEX_POINT('',#6098);
#1891=VERTEX_POINT('',#6100);
#1892=VERTEX_POINT('',#6102);
#1893=VERTEX_POINT('',#6104);
#1894=VERTEX_POINT('',#6108);
#1895=VERTEX_POINT('',#6109);
#1896=VERTEX_POINT('',#6114);
#1897=VERTEX_POINT('',#6116);
#1898=VERTEX_POINT('',#6120);
#1899=VERTEX_POINT('',#6121);
#1900=VERTEX_POINT('',#6124);
#1901=VERTEX_POINT('',#6126);
#1902=VERTEX_POINT('',#6128);
#1903=VERTEX_POINT('',#6131);
#1904=VERTEX_POINT('',#6135);
#1905=VERTEX_POINT('',#6139);
#1906=VERTEX_POINT('',#6140);
#1907=VERTEX_POINT('',#6142);
#1908=VERTEX_POINT('',#6144);
#1909=VERTEX_POINT('',#6148);
#1910=VERTEX_POINT('',#6152);
#1911=VERTEX_POINT('',#6154);
#1912=VERTEX_POINT('',#6158);
#1913=VERTEX_POINT('',#6160);
#1914=VERTEX_POINT('',#6162);
#1915=VERTEX_POINT('',#6164);
#1916=VERTEX_POINT('',#6168);
#1917=VERTEX_POINT('',#6172);
#1918=VERTEX_POINT('',#6173);
#1919=VERTEX_POINT('',#6178);
#1920=VERTEX_POINT('',#6182);
#1921=VERTEX_POINT('',#6188);
#1922=VERTEX_POINT('',#6189);
#1923=VERTEX_POINT('',#6194);
#1924=VERTEX_POINT('',#6198);
#1925=VERTEX_POINT('',#6200);
#1926=VERTEX_POINT('',#6204);
#1927=VERTEX_POINT('',#6208);
#1928=VERTEX_POINT('',#6212);
#1929=VERTEX_POINT('',#6216);
#1930=VERTEX_POINT('',#6221);
#1931=VERTEX_POINT('',#6225);
#1932=VERTEX_POINT('',#6226);
#1933=VERTEX_POINT('',#6231);
#1934=VERTEX_POINT('',#6235);
#1935=VERTEX_POINT('',#6239);
#1936=VERTEX_POINT('',#6243);
#1937=VERTEX_POINT('',#6247);
#1938=VERTEX_POINT('',#6248);
#1939=VERTEX_POINT('',#6254);
#1940=VERTEX_POINT('',#6258);
#1941=VERTEX_POINT('',#6262);
#1942=VERTEX_POINT('',#6266);
#1943=VERTEX_POINT('',#6270);
#1944=VERTEX_POINT('',#6274);
#1945=VERTEX_POINT('',#6276);
#1946=VERTEX_POINT('',#6280);
#1947=VERTEX_POINT('',#6284);
#1948=VERTEX_POINT('',#6288);
#1949=VERTEX_POINT('',#6290);
#1950=VERTEX_POINT('',#6294);
#1951=VERTEX_POINT('',#6298);
#1952=VERTEX_POINT('',#6299);
#1953=VERTEX_POINT('',#6301);
#1954=VERTEX_POINT('',#6303);
#1955=VERTEX_POINT('',#6307);
#1956=VERTEX_POINT('',#6308);
#1957=VERTEX_POINT('',#6310);
#1958=VERTEX_POINT('',#6312);
#1959=VERTEX_POINT('',#6316);
#1960=VERTEX_POINT('',#6318);
#1961=VERTEX_POINT('',#6322);
#1962=VERTEX_POINT('',#6323);
#1963=VERTEX_POINT('',#6325);
#1964=VERTEX_POINT('',#6327);
#1965=VERTEX_POINT('',#6331);
#1966=VERTEX_POINT('',#6333);
#1967=VERTEX_POINT('',#6337);
#1968=VERTEX_POINT('',#6338);
#1969=VERTEX_POINT('',#6340);
#1970=VERTEX_POINT('',#6342);
#1971=VERTEX_POINT('',#6520);
#1972=VERTEX_POINT('',#6529);
#1973=VERTEX_POINT('',#6530);
#1974=VERTEX_POINT('',#6532);
#1975=VERTEX_POINT('',#6534);
#1976=VERTEX_POINT('',#6538);
#1977=VERTEX_POINT('',#6539);
#1978=VERTEX_POINT('',#6541);
#1979=VERTEX_POINT('',#6543);
#1980=VERTEX_POINT('',#6547);
#1981=VERTEX_POINT('',#6549);
#1982=VERTEX_POINT('',#6553);
#1983=VERTEX_POINT('',#6555);
#1984=VERTEX_POINT('',#6559);
#1985=VERTEX_POINT('',#6563);
#1986=VERTEX_POINT('',#6564);
#1987=VERTEX_POINT('',#6566);
#1988=VERTEX_POINT('',#6568);
#1989=VERTEX_POINT('',#6572);
#1990=VERTEX_POINT('',#6574);
#1991=VERTEX_POINT('',#6578);
#1992=VERTEX_POINT('',#6583);
#1993=VERTEX_POINT('',#6585);
#1994=VERTEX_POINT('',#6589);
#1995=VERTEX_POINT('',#6590);
#1996=VERTEX_POINT('',#6592);
#1997=VERTEX_POINT('',#6594);
#1998=VERTEX_POINT('',#6598);
#1999=VERTEX_POINT('',#6600);
#2000=VERTEX_POINT('',#6605);
#2001=VERTEX_POINT('',#6609);
#2002=VERTEX_POINT('',#6617);
#2003=VERTEX_POINT('',#6619);
#2004=VERTEX_POINT('',#6623);
#2005=VERTEX_POINT('',#6626);
#2006=VERTEX_POINT('',#6629);
#2007=VERTEX_POINT('',#6630);
#2008=VERTEX_POINT('',#6632);
#2009=VERTEX_POINT('',#6634);
#2010=VERTEX_POINT('',#6639);
#2011=VERTEX_POINT('',#6641);
#2012=VERTEX_POINT('',#6644);
#2013=VERTEX_POINT('',#6646);
#2014=VERTEX_POINT('',#6650);
#2015=VERTEX_POINT('',#6652);
#2016=VERTEX_POINT('',#6666);
#2017=VERTEX_POINT('',#6667);
#2018=VERTEX_POINT('',#6669);
#2019=VERTEX_POINT('',#6671);
#2020=VERTEX_POINT('',#6675);
#2021=VERTEX_POINT('',#6676);
#2022=VERTEX_POINT('',#6678);
#2023=VERTEX_POINT('',#6680);
#2024=VERTEX_POINT('',#6684);
#2025=VERTEX_POINT('',#6686);
#2026=VERTEX_POINT('',#6690);
#2027=VERTEX_POINT('',#6692);
#2028=VERTEX_POINT('',#6696);
#2029=VERTEX_POINT('',#6700);
#2030=VERTEX_POINT('',#6701);
#2031=VERTEX_POINT('',#6703);
#2032=VERTEX_POINT('',#6705);
#2033=VERTEX_POINT('',#6709);
#2034=VERTEX_POINT('',#6711);
#2035=VERTEX_POINT('',#6715);
#2036=VERTEX_POINT('',#6720);
#2037=VERTEX_POINT('',#6722);
#2038=VERTEX_POINT('',#6726);
#2039=VERTEX_POINT('',#6727);
#2040=VERTEX_POINT('',#6729);
#2041=VERTEX_POINT('',#6731);
#2042=VERTEX_POINT('',#6736);
#2043=VERTEX_POINT('',#6738);
#2044=VERTEX_POINT('',#6742);
#2045=VERTEX_POINT('',#6746);
#2046=VERTEX_POINT('',#6754);
#2047=VERTEX_POINT('',#6756);
#2048=VERTEX_POINT('',#6759);
#2049=VERTEX_POINT('',#6762);
#2050=VERTEX_POINT('',#6763);
#2051=VERTEX_POINT('',#6765);
#2052=VERTEX_POINT('',#6767);
#2053=VERTEX_POINT('',#6771);
#2054=VERTEX_POINT('',#6773);
#2055=VERTEX_POINT('',#6776);
#2056=VERTEX_POINT('',#6778);
#2057=VERTEX_POINT('',#6781);
#2058=VERTEX_POINT('',#6788);
#2059=VERTEX_POINT('',#6790);
#2060=EDGE_CURVE('',#1666,#1667,#518,.T.);
#2061=EDGE_CURVE('',#1668,#1666,#519,.T.);
#2062=EDGE_CURVE('',#1669,#1668,#520,.T.);
#2063=EDGE_CURVE('',#1667,#1669,#521,.T.);
#2064=EDGE_CURVE('',#1666,#1670,#522,.T.);
#2065=EDGE_CURVE('',#1670,#1671,#523,.T.);
#2066=EDGE_CURVE('',#1671,#1668,#524,.T.);
#2067=EDGE_CURVE('',#1672,#1667,#525,.T.);
#2068=EDGE_CURVE('',#1670,#1672,#526,.T.);
#2069=EDGE_CURVE('',#1673,#1674,#527,.T.);
#2070=EDGE_CURVE('',#1675,#1673,#528,.T.);
#2071=EDGE_CURVE('',#1676,#1675,#529,.T.);
#2072=EDGE_CURVE('',#1674,#1676,#530,.T.);
#2073=EDGE_CURVE('',#1677,#1673,#531,.T.);
#2074=EDGE_CURVE('',#1678,#1677,#532,.T.);
#2075=EDGE_CURVE('',#1675,#1678,#533,.T.);
#2076=EDGE_CURVE('',#1674,#1679,#534,.T.);
#2077=EDGE_CURVE('',#1677,#1679,#535,.T.);
#2078=EDGE_CURVE('',#1680,#1681,#536,.T.);
#2079=EDGE_CURVE('',#1681,#1682,#537,.T.);
#2080=EDGE_CURVE('',#1682,#1683,#47,.T.);
#2081=EDGE_CURVE('',#1683,#1684,#538,.T.);
#2082=EDGE_CURVE('',#1684,#1685,#48,.T.);
#2083=EDGE_CURVE('',#1685,#1686,#539,.T.);
#2084=EDGE_CURVE('',#1686,#1687,#540,.T.);
#2085=EDGE_CURVE('',#1687,#1688,#541,.T.);
#2086=EDGE_CURVE('',#1688,#1689,#542,.T.);
#2087=EDGE_CURVE('',#1689,#1690,#543,.T.);
#2088=EDGE_CURVE('',#1690,#1691,#544,.T.);
#2089=EDGE_CURVE('',#1691,#1692,#545,.T.);
#2090=EDGE_CURVE('',#1692,#1693,#546,.T.);
#2091=EDGE_CURVE('',#1693,#1694,#49,.T.);
#2092=EDGE_CURVE('',#1694,#1695,#547,.T.);
#2093=EDGE_CURVE('',#1695,#1696,#548,.T.);
#2094=EDGE_CURVE('',#1696,#1697,#549,.T.);
#2095=EDGE_CURVE('',#1697,#1698,#550,.T.);
#2096=EDGE_CURVE('',#1698,#1699,#551,.T.);
#2097=EDGE_CURVE('',#1699,#1700,#552,.T.);
#2098=EDGE_CURVE('',#1700,#1701,#553,.T.);
#2099=EDGE_CURVE('',#1701,#1702,#554,.T.);
#2100=EDGE_CURVE('',#1702,#1703,#555,.T.);
#2101=EDGE_CURVE('',#1703,#1704,#556,.T.);
#2102=EDGE_CURVE('',#1704,#1705,#557,.T.);
#2103=EDGE_CURVE('',#1705,#1706,#558,.T.);
#2104=EDGE_CURVE('',#1706,#1707,#559,.T.);
#2105=EDGE_CURVE('',#1707,#1708,#560,.T.);
#2106=EDGE_CURVE('',#1708,#1709,#561,.T.);
#2107=EDGE_CURVE('',#1709,#1710,#562,.T.);
#2108=EDGE_CURVE('',#1710,#1711,#563,.T.);
#2109=EDGE_CURVE('',#1711,#1712,#564,.T.);
#2110=EDGE_CURVE('',#1712,#1713,#565,.T.);
#2111=EDGE_CURVE('',#1713,#1714,#50,.T.);
#2112=EDGE_CURVE('',#1714,#1715,#566,.T.);
#2113=EDGE_CURVE('',#1715,#1716,#567,.T.);
#2114=EDGE_CURVE('',#1716,#1717,#568,.T.);
#2115=EDGE_CURVE('',#1717,#1718,#569,.T.);
#2116=EDGE_CURVE('',#1718,#1719,#570,.T.);
#2117=EDGE_CURVE('',#1719,#1720,#571,.T.);
#2118=EDGE_CURVE('',#1720,#1721,#572,.T.);
#2119=EDGE_CURVE('',#1721,#1722,#573,.T.);
#2120=EDGE_CURVE('',#1722,#1723,#51,.T.);
#2121=EDGE_CURVE('',#1723,#1724,#574,.T.);
#2122=EDGE_CURVE('',#1724,#1725,#52,.T.);
#2123=EDGE_CURVE('',#1725,#1726,#575,.T.);
#2124=EDGE_CURVE('',#1726,#1727,#576,.T.);
#2125=EDGE_CURVE('',#1727,#1728,#577,.T.);
#2126=EDGE_CURVE('',#1728,#1729,#578,.T.);
#2127=EDGE_CURVE('',#1729,#1730,#579,.T.);
#2128=EDGE_CURVE('',#1730,#1731,#580,.T.);
#2129=EDGE_CURVE('',#1731,#1680,#581,.T.);
#2130=EDGE_CURVE('',#1732,#1733,#582,.T.);
#2131=EDGE_CURVE('',#1733,#1734,#583,.T.);
#2132=EDGE_CURVE('',#1734,#1735,#584,.T.);
#2133=EDGE_CURVE('',#1735,#1736,#585,.T.);
#2134=EDGE_CURVE('',#1736,#1732,#586,.T.);
#2135=EDGE_CURVE('',#1737,#1738,#587,.T.);
#2136=EDGE_CURVE('',#1738,#1739,#588,.T.);
#2137=EDGE_CURVE('',#1739,#1740,#589,.T.);
#2138=EDGE_CURVE('',#1740,#1741,#590,.T.);
#2139=EDGE_CURVE('',#1741,#1737,#591,.T.);
#2140=EDGE_CURVE('',#1742,#1743,#592,.T.);
#2141=EDGE_CURVE('',#1743,#1744,#593,.T.);
#2142=EDGE_CURVE('',#1744,#1745,#594,.T.);
#2143=EDGE_CURVE('',#1745,#1746,#595,.T.);
#2144=EDGE_CURVE('',#1746,#1747,#596,.T.);
#2145=EDGE_CURVE('',#1747,#1748,#597,.T.);
#2146=EDGE_CURVE('',#1748,#1749,#598,.T.);
#2147=EDGE_CURVE('',#1749,#1750,#599,.T.);
#2148=EDGE_CURVE('',#1750,#1751,#53,.T.);
#2149=EDGE_CURVE('',#1751,#1742,#600,.T.);
#2150=EDGE_CURVE('',#1752,#1753,#601,.T.);
#2151=EDGE_CURVE('',#1753,#1754,#54,.T.);
#2152=EDGE_CURVE('',#1754,#1755,#602,.T.);
#2153=EDGE_CURVE('',#1755,#1756,#603,.T.);
#2154=EDGE_CURVE('',#1756,#1757,#604,.T.);
#2155=EDGE_CURVE('',#1757,#1758,#605,.T.);
#2156=EDGE_CURVE('',#1758,#1759,#606,.T.);
#2157=EDGE_CURVE('',#1759,#1760,#607,.T.);
#2158=EDGE_CURVE('',#1760,#1761,#608,.T.);
#2159=EDGE_CURVE('',#1761,#1752,#609,.T.);
#2160=EDGE_CURVE('',#1762,#1676,#610,.T.);
#2161=EDGE_CURVE('',#1679,#1762,#611,.T.);
#2162=EDGE_CURVE('',#1763,#1764,#612,.T.);
#2163=EDGE_CURVE('',#1763,#1765,#613,.T.);
#2164=EDGE_CURVE('',#1766,#1765,#614,.T.);
#2165=EDGE_CURVE('',#1764,#1766,#615,.T.);
#2166=EDGE_CURVE('',#1767,#1768,#55,.T.);
#2167=EDGE_CURVE('',#1768,#1769,#616,.T.);
#2168=EDGE_CURVE('',#1769,#1770,#56,.F.);
#2169=EDGE_CURVE('',#1767,#1770,#617,.T.);
#2170=EDGE_CURVE('',#1771,#1768,#618,.T.);
#2171=EDGE_CURVE('',#1772,#1771,#619,.T.);
#2172=EDGE_CURVE('',#1769,#1772,#620,.T.);
#2173=EDGE_CURVE('',#1773,#1774,#621,.T.);
#2174=EDGE_CURVE('',#1775,#1773,#57,.T.);
#2175=EDGE_CURVE('',#1776,#1775,#622,.T.);
#2176=EDGE_CURVE('',#1776,#1777,#623,.T.);
#2177=EDGE_CURVE('',#1777,#1772,#624,.F.);
#2178=EDGE_CURVE('',#1771,#1774,#625,.T.);
#2179=EDGE_CURVE('',#1774,#1778,#626,.T.);
#2180=EDGE_CURVE('',#1778,#1779,#627,.T.);
#2181=EDGE_CURVE('',#1773,#1779,#628,.T.);
#2182=EDGE_CURVE('',#1780,#1781,#629,.T.);
#2183=EDGE_CURVE('',#1781,#1782,#630,.T.);
#2184=EDGE_CURVE('',#1783,#1782,#631,.T.);
#2185=EDGE_CURVE('',#1783,#1780,#632,.T.);
#2186=EDGE_CURVE('',#1784,#1785,#58,.T.);
#2187=EDGE_CURVE('',#1786,#1785,#633,.T.);
#2188=EDGE_CURVE('',#1786,#1787,#59,.F.);
#2189=EDGE_CURVE('',#1787,#1784,#634,.T.);
#2190=EDGE_CURVE('',#1788,#1787,#635,.T.);
#2191=EDGE_CURVE('',#1788,#1789,#636,.T.);
#2192=EDGE_CURVE('',#1789,#1784,#637,.T.);
#2193=EDGE_CURVE('',#1790,#1791,#638,.T.);
#2194=EDGE_CURVE('',#1782,#1790,#60,.T.);
#2195=EDGE_CURVE('',#1781,#1789,#639,.T.);
#2196=EDGE_CURVE('',#1788,#1792,#640,.F.);
#2197=EDGE_CURVE('',#1792,#1791,#641,.T.);
#2198=EDGE_CURVE('',#1793,#1794,#642,.T.);
#2199=EDGE_CURVE('',#1793,#1795,#643,.T.);
#2200=EDGE_CURVE('',#1796,#1795,#644,.T.);
#2201=EDGE_CURVE('',#1796,#1794,#645,.T.);
#2202=EDGE_CURVE('',#1797,#1796,#61,.T.);
#2203=EDGE_CURVE('',#1795,#1798,#62,.T.);
#2204=EDGE_CURVE('',#1797,#1798,#646,.T.);
#2205=EDGE_CURVE('',#1799,#1793,#647,.T.);
#2206=EDGE_CURVE('',#1794,#1800,#648,.T.);
#2207=EDGE_CURVE('',#1800,#1799,#649,.T.);
#2208=EDGE_CURVE('',#1801,#1802,#650,.T.);
#2209=EDGE_CURVE('',#1801,#1803,#651,.T.);
#2210=EDGE_CURVE('',#1803,#1804,#652,.F.);
#2211=EDGE_CURVE('',#1804,#1805,#653,.T.);
#2212=EDGE_CURVE('',#1805,#1806,#654,.T.);
#2213=EDGE_CURVE('',#1807,#1806,#655,.T.);
#2214=EDGE_CURVE('',#1802,#1807,#63,.T.);
#2215=EDGE_CURVE('',#1806,#1808,#656,.T.);
#2216=EDGE_CURVE('',#1808,#1809,#657,.T.);
#2217=EDGE_CURVE('',#1807,#1809,#658,.T.);
#2218=EDGE_CURVE('',#1809,#1810,#64,.T.);
#2219=EDGE_CURVE('',#1810,#1802,#659,.T.);
#2220=EDGE_CURVE('',#1811,#1801,#660,.T.);
#2221=EDGE_CURVE('',#1810,#1811,#661,.T.);
#2222=EDGE_CURVE('',#1791,#1812,#662,.T.);
#2223=EDGE_CURVE('',#1812,#1813,#663,.T.);
#2224=EDGE_CURVE('',#1790,#1813,#664,.T.);
#2225=EDGE_CURVE('',#1813,#1783,#65,.T.);
#2226=EDGE_CURVE('',#1814,#1815,#665,.T.);
#2227=EDGE_CURVE('',#1816,#1815,#666,.T.);
#2228=EDGE_CURVE('',#1816,#1817,#667,.T.);
#2229=EDGE_CURVE('',#1818,#1817,#668,.T.);
#2230=EDGE_CURVE('',#1819,#1818,#669,.T.);
#2231=EDGE_CURVE('',#1820,#1819,#670,.T.);
#2232=EDGE_CURVE('',#1821,#1820,#671,.T.);
#2233=EDGE_CURVE('',#1821,#1822,#672,.T.);
#2234=EDGE_CURVE('',#1822,#1823,#673,.T.);
#2235=EDGE_CURVE('',#1823,#1824,#674,.T.);
#2236=EDGE_CURVE('',#1824,#1825,#675,.T.);
#2237=EDGE_CURVE('',#1826,#1825,#676,.T.);
#2238=EDGE_CURVE('',#1827,#1826,#677,.T.);
#2239=EDGE_CURVE('',#1827,#1828,#678,.T.);
#2240=EDGE_CURVE('',#1828,#1829,#66,.T.);
#2241=EDGE_CURVE('',#1829,#1814,#679,.T.);
#2242=EDGE_CURVE('',#1830,#1831,#680,.T.);
#2243=EDGE_CURVE('',#1831,#1832,#67,.T.);
#2244=EDGE_CURVE('',#1832,#1833,#681,.T.);
#2245=EDGE_CURVE('',#1834,#1833,#682,.T.);
#2246=EDGE_CURVE('',#1834,#1835,#683,.T.);
#2247=EDGE_CURVE('',#1836,#1835,#684,.T.);
#2248=EDGE_CURVE('',#1837,#1836,#685,.T.);
#2249=EDGE_CURVE('',#1838,#1837,#686,.T.);
#2250=EDGE_CURVE('',#1838,#1839,#687,.T.);
#2251=EDGE_CURVE('',#1839,#1830,#688,.T.);
#2252=EDGE_CURVE('',#1840,#1841,#689,.T.);
#2253=EDGE_CURVE('',#1841,#1821,#690,.T.);
#2254=EDGE_CURVE('',#1840,#1820,#691,.T.);
#2255=EDGE_CURVE('',#1842,#1841,#692,.F.);
#2256=EDGE_CURVE('',#1843,#1840,#693,.T.);
#2257=EDGE_CURVE('',#1842,#1843,#694,.T.);
#2258=EDGE_CURVE('',#1844,#1845,#695,.T.);
#2259=EDGE_CURVE('',#1846,#1844,#696,.T.);
#2260=EDGE_CURVE('',#1846,#1847,#697,.T.);
#2261=EDGE_CURVE('',#1847,#1848,#698,.T.);
#2262=EDGE_CURVE('',#1848,#1849,#699,.T.);
#2263=EDGE_CURVE('',#1845,#1849,#700,.T.);
#2264=EDGE_CURVE('',#1850,#1851,#701,.T.);
#2265=EDGE_CURVE('',#1851,#1852,#702,.T.);
#2266=EDGE_CURVE('',#1852,#1853,#703,.T.);
#2267=EDGE_CURVE('',#1853,#1850,#704,.T.);
#2268=EDGE_CURVE('',#1854,#1855,#705,.T.);
#2269=EDGE_CURVE('',#1854,#1852,#706,.T.);
#2270=EDGE_CURVE('',#1855,#1851,#707,.T.);
#2271=EDGE_CURVE('',#1856,#1857,#708,.T.);
#2272=EDGE_CURVE('',#1858,#1857,#709,.T.);
#2273=EDGE_CURVE('',#1859,#1858,#710,.T.);
#2274=EDGE_CURVE('',#1859,#1860,#711,.T.);
#2275=EDGE_CURVE('',#1861,#1860,#68,.F.);
#2276=EDGE_CURVE('',#1862,#1861,#712,.T.);
#2277=EDGE_CURVE('',#1842,#1862,#713,.T.);
#2278=EDGE_CURVE('',#1863,#1843,#714,.T.);
#2279=EDGE_CURVE('',#1856,#1863,#715,.T.);
#2280=EDGE_CURVE('',#1858,#1864,#716,.T.);
#2281=EDGE_CURVE('',#1864,#1865,#717,.T.);
#2282=EDGE_CURVE('',#1859,#1865,#718,.T.);
#2283=EDGE_CURVE('',#1866,#1864,#719,.T.);
#2284=EDGE_CURVE('',#1867,#1866,#720,.T.);
#2285=EDGE_CURVE('',#1865,#1867,#721,.T.);
#2286=EDGE_CURVE('',#1868,#1869,#722,.T.);
#2287=EDGE_CURVE('',#1869,#1870,#69,.T.);
#2288=EDGE_CURVE('',#1870,#1871,#723,.T.);
#2289=EDGE_CURVE('',#1871,#1872,#724,.T.);
#2290=EDGE_CURVE('',#1872,#1873,#725,.T.);
#2291=EDGE_CURVE('',#1874,#1873,#726,.T.);
#2292=EDGE_CURVE('',#1875,#1874,#727,.T.);
#2293=EDGE_CURVE('',#1876,#1875,#728,.T.);
#2294=EDGE_CURVE('',#1877,#1876,#729,.T.);
#2295=EDGE_CURVE('',#1877,#1878,#730,.T.);
#2296=EDGE_CURVE('',#1878,#1879,#731,.T.);
#2297=EDGE_CURVE('',#1879,#1880,#732,.T.);
#2298=EDGE_CURVE('',#1880,#1881,#733,.T.);
#2299=EDGE_CURVE('',#1882,#1881,#734,.T.);
#2300=EDGE_CURVE('',#1882,#1883,#735,.T.);
#2301=EDGE_CURVE('',#1868,#1883,#736,.T.);
#2302=EDGE_CURVE('',#1884,#1885,#737,.T.);
#2303=EDGE_CURVE('',#1886,#1884,#738,.T.);
#2304=EDGE_CURVE('',#1886,#1887,#739,.T.);
#2305=EDGE_CURVE('',#1887,#1888,#740,.T.);
#2306=EDGE_CURVE('',#1888,#1889,#741,.T.);
#2307=EDGE_CURVE('',#1890,#1889,#742,.T.);
#2308=EDGE_CURVE('',#1890,#1891,#743,.T.);
#2309=EDGE_CURVE('',#1891,#1892,#744,.T.);
#2310=EDGE_CURVE('',#1892,#1893,#70,.T.);
#2311=EDGE_CURVE('',#1893,#1885,#745,.T.);
#2312=EDGE_CURVE('',#1894,#1895,#746,.T.);
#2313=EDGE_CURVE('',#1894,#1878,#747,.T.);
#2314=EDGE_CURVE('',#1895,#1877,#748,.T.);
#2315=EDGE_CURVE('',#1896,#1895,#749,.F.);
#2316=EDGE_CURVE('',#1896,#1897,#750,.T.);
#2317=EDGE_CURVE('',#1897,#1894,#751,.T.);
#2318=EDGE_CURVE('',#1898,#1899,#71,.T.);
#2319=EDGE_CURVE('',#1899,#1854,#752,.T.);
#2320=EDGE_CURVE('',#1855,#1900,#753,.T.);
#2321=EDGE_CURVE('',#1901,#1900,#754,.T.);
#2322=EDGE_CURVE('',#1901,#1902,#755,.T.);
#2323=EDGE_CURVE('',#1902,#1897,#756,.T.);
#2324=EDGE_CURVE('',#1896,#1903,#757,.T.);
#2325=EDGE_CURVE('',#1903,#1898,#758,.T.);
#2326=EDGE_CURVE('',#1779,#1904,#72,.T.);
#2327=EDGE_CURVE('',#1904,#1775,#759,.T.);
#2328=EDGE_CURVE('',#1905,#1906,#760,.T.);
#2329=EDGE_CURVE('',#1906,#1907,#761,.T.);
#2330=EDGE_CURVE('',#1908,#1907,#762,.T.);
#2331=EDGE_CURVE('',#1908,#1905,#763,.T.);
#2332=EDGE_CURVE('',#1909,#1776,#764,.T.);
#2333=EDGE_CURVE('',#1904,#1909,#765,.T.);
#2334=EDGE_CURVE('',#1907,#1910,#73,.T.);
#2335=EDGE_CURVE('',#1911,#1910,#766,.T.);
#2336=EDGE_CURVE('',#1911,#1908,#74,.T.);
#2337=EDGE_CURVE('',#1912,#1911,#767,.T.);
#2338=EDGE_CURVE('',#1912,#1913,#768,.T.);
#2339=EDGE_CURVE('',#1913,#1914,#769,.T.);
#2340=EDGE_CURVE('',#1914,#1915,#770,.F.);
#2341=EDGE_CURVE('',#1915,#1905,#771,.T.);
#2342=EDGE_CURVE('',#1916,#1912,#772,.T.);
#2343=EDGE_CURVE('',#1910,#1916,#773,.T.);
#2344=EDGE_CURVE('',#1917,#1918,#774,.T.);
#2345=EDGE_CURVE('',#1918,#1766,#775,.T.);
#2346=EDGE_CURVE('',#1917,#1765,#776,.T.);
#2347=EDGE_CURVE('',#1918,#1919,#777,.T.);
#2348=EDGE_CURVE('',#1919,#1764,#778,.F.);
#2349=EDGE_CURVE('',#1920,#1919,#779,.F.);
#2350=EDGE_CURVE('',#1920,#1763,#780,.F.);
#2351=EDGE_CURVE('',#1917,#1920,#781,.T.);
#2352=EDGE_CURVE('',#1921,#1922,#782,.T.);
#2353=EDGE_CURVE('',#1921,#1915,#783,.T.);
#2354=EDGE_CURVE('',#1922,#1914,#784,.T.);
#2355=EDGE_CURVE('',#1923,#1921,#785,.T.);
#2356=EDGE_CURVE('',#1923,#1906,#786,.T.);
#2357=EDGE_CURVE('',#1924,#1909,#787,.T.);
#2358=EDGE_CURVE('',#1925,#1924,#788,.T.);
#2359=EDGE_CURVE('',#1925,#1777,#789,.F.);
#2360=EDGE_CURVE('',#1926,#1925,#790,.T.);
#2361=EDGE_CURVE('',#1926,#1770,#791,.F.);
#2362=EDGE_CURVE('',#1927,#1926,#792,.T.);
#2363=EDGE_CURVE('',#1927,#1767,#793,.T.);
#2364=EDGE_CURVE('',#1928,#1927,#794,.T.);
#2365=EDGE_CURVE('',#1928,#1778,#795,.T.);
#2366=EDGE_CURVE('',#1929,#1928,#796,.T.);
#2367=EDGE_CURVE('',#1929,#1853,#797,.T.);
#2368=EDGE_CURVE('',#1779,#1899,#798,.T.);
#2369=EDGE_CURVE('',#1930,#1929,#799,.T.);
#2370=EDGE_CURVE('',#1930,#1850,#800,.T.);
#2371=EDGE_CURVE('',#1931,#1932,#801,.T.);
#2372=EDGE_CURVE('',#1932,#1847,#802,.T.);
#2373=EDGE_CURVE('',#1846,#1931,#803,.T.);
#2374=EDGE_CURVE('',#1933,#1848,#804,.T.);
#2375=EDGE_CURVE('',#1932,#1933,#805,.T.);
#2376=EDGE_CURVE('',#1849,#1934,#806,.T.);
#2377=EDGE_CURVE('',#1934,#1933,#807,.T.);
#2378=EDGE_CURVE('',#1935,#1934,#808,.T.);
#2379=EDGE_CURVE('',#1935,#1845,#809,.T.);
#2380=EDGE_CURVE('',#1935,#1936,#810,.T.);
#2381=EDGE_CURVE('',#1936,#1844,#811,.T.);
#2382=EDGE_CURVE('',#1937,#1938,#812,.T.);
#2383=EDGE_CURVE('',#1938,#1867,#813,.T.);
#2384=EDGE_CURVE('',#1937,#1866,#814,.T.);
#2385=EDGE_CURVE('',#1860,#1783,#815,.T.);
#2386=EDGE_CURVE('',#1939,#1938,#816,.T.);
#2387=EDGE_CURVE('',#1939,#1780,#817,.T.);
#2388=EDGE_CURVE('',#1940,#1939,#818,.T.);
#2389=EDGE_CURVE('',#1940,#1785,#819,.T.);
#2390=EDGE_CURVE('',#1941,#1940,#820,.T.);
#2391=EDGE_CURVE('',#1941,#1786,#821,.T.);
#2392=EDGE_CURVE('',#1942,#1941,#822,.T.);
#2393=EDGE_CURVE('',#1942,#1792,#823,.T.);
#2394=EDGE_CURVE('',#1943,#1942,#824,.T.);
#2395=EDGE_CURVE('',#1943,#1812,#825,.T.);
#2396=EDGE_CURVE('',#1944,#1811,#826,.T.);
#2397=EDGE_CURVE('',#1945,#1944,#827,.T.);
#2398=EDGE_CURVE('',#1945,#1803,#828,.F.);
#2399=EDGE_CURVE('',#1946,#1945,#829,.T.);
#2400=EDGE_CURVE('',#1946,#1804,#830,.F.);
#2401=EDGE_CURVE('',#1947,#1805,#831,.T.);
#2402=EDGE_CURVE('',#1947,#1946,#832,.T.);
#2403=EDGE_CURVE('',#1798,#1948,#833,.T.);
#2404=EDGE_CURVE('',#1949,#1948,#834,.T.);
#2405=EDGE_CURVE('',#1949,#1797,#835,.T.);
#2406=EDGE_CURVE('',#1913,#1950,#836,.T.);
#2407=EDGE_CURVE('',#1922,#1950,#837,.T.);
#2408=EDGE_CURVE('',#1951,#1952,#838,.F.);
#2409=EDGE_CURVE('',#1952,#1953,#839,.T.);
#2410=EDGE_CURVE('',#1953,#1954,#840,.F.);
#2411=EDGE_CURVE('',#1954,#1951,#841,.T.);
#2412=EDGE_CURVE('',#1955,#1956,#842,.T.);
#2413=EDGE_CURVE('',#1956,#1957,#843,.F.);
#2414=EDGE_CURVE('',#1957,#1958,#844,.T.);
#2415=EDGE_CURVE('',#1958,#1955,#845,.T.);
#2416=EDGE_CURVE('',#1958,#1959,#846,.T.);
#2417=EDGE_CURVE('',#1959,#1960,#847,.F.);
#2418=EDGE_CURVE('',#1960,#1955,#848,.T.);
#2419=EDGE_CURVE('',#1961,#1962,#849,.T.);
#2420=EDGE_CURVE('',#1962,#1963,#850,.F.);
#2421=EDGE_CURVE('',#1963,#1964,#851,.T.);
#2422=EDGE_CURVE('',#1964,#1961,#852,.T.);
#2423=EDGE_CURVE('',#1964,#1965,#853,.T.);
#2424=EDGE_CURVE('',#1965,#1966,#854,.F.);
#2425=EDGE_CURVE('',#1966,#1961,#855,.T.);
#2426=EDGE_CURVE('',#1967,#1968,#856,.T.);
#2427=EDGE_CURVE('',#1968,#1969,#857,.F.);
#2428=EDGE_CURVE('',#1969,#1970,#858,.T.);
#2429=EDGE_CURVE('',#1970,#1967,#859,.T.);
#2430=EDGE_CURVE('',#1752,#1885,#860,.T.);
#2431=EDGE_CURVE('',#1884,#1761,#861,.T.);
#2432=EDGE_CURVE('',#1760,#1886,#862,.T.);
#2433=EDGE_CURVE('',#1759,#1887,#863,.T.);
#2434=EDGE_CURVE('',#1888,#1758,#864,.T.);
#2435=EDGE_CURVE('',#1889,#1757,#865,.T.);
#2436=EDGE_CURVE('',#1756,#1890,#866,.T.);
#2437=EDGE_CURVE('',#1891,#1755,#867,.T.);
#2438=EDGE_CURVE('',#1892,#1754,#868,.T.);
#2439=EDGE_CURVE('',#1893,#1753,#869,.T.);
#2440=EDGE_CURVE('',#1831,#1751,#870,.T.);
#2441=EDGE_CURVE('',#1742,#1830,#871,.T.);
#2442=EDGE_CURVE('',#1832,#1750,#872,.T.);
#2443=EDGE_CURVE('',#1833,#1749,#873,.T.);
#2444=EDGE_CURVE('',#1748,#1834,#874,.T.);
#2445=EDGE_CURVE('',#1835,#1747,#875,.T.);
#2446=EDGE_CURVE('',#1836,#1746,#876,.T.);
#2447=EDGE_CURVE('',#1745,#1837,#877,.T.);
#2448=EDGE_CURVE('',#1744,#1838,#878,.T.);
#2449=EDGE_CURVE('',#1839,#1743,#879,.T.);
#2450=EDGE_CURVE('',#1950,#1949,#880,.T.);
#2451=EDGE_CURVE('',#1950,#1680,#881,.T.);
#2452=EDGE_CURVE('',#1949,#1731,#882,.T.);
#2453=EDGE_CURVE('',#1800,#1730,#883,.T.);
#2454=EDGE_CURVE('',#1729,#1799,#884,.T.);
#2455=EDGE_CURVE('',#1948,#1728,#885,.T.);
#2456=EDGE_CURVE('',#1948,#1947,#886,.T.);
#2457=EDGE_CURVE('',#1947,#1727,#887,.T.);
#2458=EDGE_CURVE('',#1808,#1726,#888,.T.);
#2459=EDGE_CURVE('',#1809,#1725,#889,.T.);
#2460=EDGE_CURVE('',#1724,#1810,#890,.T.);
#2461=EDGE_CURVE('',#1943,#1944,#891,.T.);
#2462=EDGE_CURVE('',#1813,#1723,#892,.T.);
#2463=EDGE_CURVE('',#1861,#1722,#893,.T.);
#2464=EDGE_CURVE('',#1721,#1862,#894,.T.);
#2465=EDGE_CURVE('',#1822,#1720,#895,.T.);
#2466=EDGE_CURVE('',#1719,#1823,#896,.T.);
#2467=EDGE_CURVE('',#1718,#1824,#897,.T.);
#2468=EDGE_CURVE('',#1825,#1717,#898,.T.);
#2469=EDGE_CURVE('',#1826,#1716,#899,.T.);
#2470=EDGE_CURVE('',#1715,#1827,#900,.T.);
#2471=EDGE_CURVE('',#1828,#1714,#901,.T.);
#2472=EDGE_CURVE('',#1829,#1713,#902,.T.);
#2473=EDGE_CURVE('',#1814,#1712,#903,.T.);
#2474=EDGE_CURVE('',#1815,#1711,#904,.T.);
#2475=EDGE_CURVE('',#1710,#1816,#905,.T.);
#2476=EDGE_CURVE('',#1817,#1709,#906,.T.);
#2477=EDGE_CURVE('',#1708,#1818,#907,.T.);
#2478=EDGE_CURVE('',#1707,#1819,#908,.T.);
#2479=EDGE_CURVE('',#1706,#1863,#909,.T.);
#2480=EDGE_CURVE('',#1705,#1856,#910,.T.);
#2481=EDGE_CURVE('',#1857,#1704,#911,.T.);
#2482=EDGE_CURVE('',#1937,#1936,#912,.T.);
#2483=EDGE_CURVE('',#1900,#1703,#913,.T.);
#2484=EDGE_CURVE('',#1931,#1930,#914,.T.);
#2485=EDGE_CURVE('',#1702,#1901,#915,.T.);
#2486=EDGE_CURVE('',#1902,#1701,#916,.T.);
#2487=EDGE_CURVE('',#1700,#1879,#917,.T.);
#2488=EDGE_CURVE('',#1699,#1880,#918,.T.);
#2489=EDGE_CURVE('',#1881,#1698,#919,.T.);
#2490=EDGE_CURVE('',#1697,#1882,#920,.T.);
#2491=EDGE_CURVE('',#1883,#1696,#921,.T.);
#2492=EDGE_CURVE('',#1868,#1695,#922,.T.);
#2493=EDGE_CURVE('',#1869,#1694,#923,.T.);
#2494=EDGE_CURVE('',#1870,#1693,#924,.T.);
#2495=EDGE_CURVE('',#1692,#1871,#925,.T.);
#2496=EDGE_CURVE('',#1872,#1691,#926,.T.);
#2497=EDGE_CURVE('',#1873,#1690,#927,.T.);
#2498=EDGE_CURVE('',#1874,#1689,#928,.T.);
#2499=EDGE_CURVE('',#1875,#1688,#929,.T.);
#2500=EDGE_CURVE('',#1876,#1687,#930,.T.);
#2501=EDGE_CURVE('',#1686,#1903,#931,.T.);
#2502=EDGE_CURVE('',#1898,#1685,#932,.F.);
#2503=EDGE_CURVE('',#1684,#1904,#933,.T.);
#2504=EDGE_CURVE('',#1907,#1683,#934,.T.);
#2505=EDGE_CURVE('',#1923,#1924,#935,.T.);
#2506=EDGE_CURVE('',#1682,#1910,#936,.T.);
#2507=EDGE_CURVE('',#1681,#1916,#937,.T.);
#2508=EDGE_CURVE('',#1741,#1952,#938,.T.);
#2509=EDGE_CURVE('',#1957,#1951,#939,.T.);
#2510=EDGE_CURVE('',#1737,#1956,#940,.T.);
#2511=EDGE_CURVE('',#1740,#1953,#941,.T.);
#2512=EDGE_CURVE('',#1739,#1960,#942,.T.);
#2513=EDGE_CURVE('',#1954,#1959,#943,.T.);
#2514=EDGE_CURVE('',#1955,#1738,#944,.T.);
#2515=EDGE_CURVE('',#1736,#1966,#945,.T.);
#2516=EDGE_CURVE('',#1965,#1969,#946,.T.);
#2517=EDGE_CURVE('',#1732,#1968,#947,.T.);
#2518=EDGE_CURVE('',#1961,#1735,#948,.T.);
#2519=EDGE_CURVE('',#1734,#1962,#949,.T.);
#2520=EDGE_CURVE('',#1970,#1963,#950,.T.);
#2521=EDGE_CURVE('',#1967,#1733,#951,.T.);
#2522=EDGE_CURVE('',#1669,#1971,#952,.T.);
#2523=EDGE_CURVE('',#1971,#1672,#953,.T.);
#2524=EDGE_CURVE('',#1971,#1671,#954,.T.);
#2525=EDGE_CURVE('',#1762,#1678,#955,.T.);
#2526=EDGE_CURVE('',#1972,#1973,#956,.T.);
#2527=EDGE_CURVE('',#1973,#1974,#957,.T.);
#2528=EDGE_CURVE('',#1974,#1975,#958,.T.);
#2529=EDGE_CURVE('',#1975,#1972,#959,.T.);
#2530=EDGE_CURVE('',#1976,#1977,#960,.T.);
#2531=EDGE_CURVE('',#1977,#1978,#961,.T.);
#2532=EDGE_CURVE('',#1978,#1979,#962,.T.);
#2533=EDGE_CURVE('',#1979,#1976,#963,.T.);
#2534=EDGE_CURVE('',#1979,#1980,#964,.T.);
#2535=EDGE_CURVE('',#1981,#1980,#965,.T.);
#2536=EDGE_CURVE('',#1981,#1976,#966,.T.);
#2537=EDGE_CURVE('',#1982,#1976,#967,.T.);
#2538=EDGE_CURVE('',#1983,#1982,#968,.T.);
#2539=EDGE_CURVE('',#1983,#1977,#969,.T.);
#2540=EDGE_CURVE('',#1984,#1981,#970,.T.);
#2541=EDGE_CURVE('',#1984,#1982,#971,.T.);
#2542=EDGE_CURVE('',#1985,#1986,#972,.T.);
#2543=EDGE_CURVE('',#1986,#1987,#973,.F.);
#2544=EDGE_CURVE('',#1987,#1988,#974,.T.);
#2545=EDGE_CURVE('',#1988,#1985,#975,.T.);
#2546=EDGE_CURVE('',#1988,#1989,#976,.T.);
#2547=EDGE_CURVE('',#1989,#1990,#977,.T.);
#2548=EDGE_CURVE('',#1990,#1985,#978,.T.);
#2549=EDGE_CURVE('',#1991,#1983,#979,.T.);
#2550=EDGE_CURVE('',#1990,#1991,#980,.T.);
#2551=EDGE_CURVE('',#1978,#1989,#981,.T.);
#2552=EDGE_CURVE('',#1987,#1992,#982,.T.);
#2553=EDGE_CURVE('',#1992,#1993,#983,.T.);
#2554=EDGE_CURVE('',#1993,#1980,#984,.T.);
#2555=EDGE_CURVE('',#1994,#1995,#985,.T.);
#2556=EDGE_CURVE('',#1995,#1996,#986,.T.);
#2557=EDGE_CURVE('',#1996,#1997,#987,.T.);
#2558=EDGE_CURVE('',#1997,#1994,#988,.T.);
#2559=EDGE_CURVE('',#1998,#1996,#989,.T.);
#2560=EDGE_CURVE('',#1999,#1998,#990,.T.);
#2561=EDGE_CURVE('',#1992,#1999,#991,.T.);
#2562=EDGE_CURVE('',#1986,#1997,#992,.T.);
#2563=EDGE_CURVE('',#1995,#2000,#993,.T.);
#2564=EDGE_CURVE('',#1998,#2000,#994,.T.);
#2565=EDGE_CURVE('',#2000,#2001,#995,.T.);
#2566=EDGE_CURVE('',#2001,#1999,#996,.T.);
#2567=EDGE_CURVE('',#1993,#2001,#997,.T.);
#2568=EDGE_CURVE('',#1981,#1994,#998,.T.);
#2569=EDGE_CURVE('',#1985,#2002,#999,.T.);
#2570=EDGE_CURVE('',#2002,#2003,#1000,.T.);
#2571=EDGE_CURVE('',#2003,#1986,#1001,.T.);
#2572=EDGE_CURVE('',#2004,#2003,#1002,.T.);
#2573=EDGE_CURVE('',#1973,#2004,#1003,.T.);
#2574=EDGE_CURVE('',#2005,#1972,#1004,.T.);
#2575=EDGE_CURVE('',#1984,#2005,#1005,.T.);
#2576=EDGE_CURVE('',#2006,#2007,#1006,.T.);
#2577=EDGE_CURVE('',#2006,#2008,#1007,.T.);
#2578=EDGE_CURVE('',#2008,#2009,#1008,.T.);
#2579=EDGE_CURVE('',#2009,#2007,#1009,.T.);
#2580=EDGE_CURVE('',#2002,#1991,#1010,.T.);
#2581=EDGE_CURVE('',#2005,#2010,#1011,.T.);
#2582=EDGE_CURVE('',#2010,#2011,#1012,.T.);
#2583=EDGE_CURVE('',#2011,#2006,#1013,.T.);
#2584=EDGE_CURVE('',#2007,#2012,#1014,.T.);
#2585=EDGE_CURVE('',#2012,#2013,#1015,.T.);
#2586=EDGE_CURVE('',#2013,#2004,#1016,.T.);
#2587=EDGE_CURVE('',#2008,#2014,#1017,.T.);
#2588=EDGE_CURVE('',#2015,#2014,#1018,.T.);
#2589=EDGE_CURVE('',#2009,#2015,#1019,.T.);
#2590=EDGE_CURVE('',#2012,#2015,#1020,.T.);
#2591=EDGE_CURVE('',#2013,#1974,#1021,.T.);
#2592=EDGE_CURVE('',#2010,#1975,#1022,.T.);
#2593=EDGE_CURVE('',#2014,#2011,#1023,.T.);
#2594=EDGE_CURVE('',#2016,#2017,#1024,.T.);
#2595=EDGE_CURVE('',#2017,#2018,#1025,.T.);
#2596=EDGE_CURVE('',#2018,#2019,#1026,.T.);
#2597=EDGE_CURVE('',#2019,#2016,#1027,.T.);
#2598=EDGE_CURVE('',#2020,#2021,#1028,.T.);
#2599=EDGE_CURVE('',#2021,#2022,#1029,.T.);
#2600=EDGE_CURVE('',#2022,#2023,#1030,.T.);
#2601=EDGE_CURVE('',#2023,#2020,#1031,.T.);
#2602=EDGE_CURVE('',#2023,#2024,#1032,.T.);
#2603=EDGE_CURVE('',#2025,#2024,#1033,.T.);
#2604=EDGE_CURVE('',#2025,#2020,#1034,.T.);
#2605=EDGE_CURVE('',#2020,#2026,#1035,.T.);
#2606=EDGE_CURVE('',#2026,#2027,#1036,.T.);
#2607=EDGE_CURVE('',#2021,#2027,#1037,.T.);
#2608=EDGE_CURVE('',#2028,#2025,#1038,.T.);
#2609=EDGE_CURVE('',#2026,#2028,#1039,.T.);
#2610=EDGE_CURVE('',#2029,#2030,#1040,.T.);
#2611=EDGE_CURVE('',#2030,#2031,#1041,.F.);
#2612=EDGE_CURVE('',#2031,#2032,#1042,.T.);
#2613=EDGE_CURVE('',#2032,#2029,#1043,.T.);
#2614=EDGE_CURVE('',#2032,#2033,#1044,.T.);
#2615=EDGE_CURVE('',#2033,#2034,#1045,.T.);
#2616=EDGE_CURVE('',#2034,#2029,#1046,.T.);
#2617=EDGE_CURVE('',#2027,#2035,#1047,.T.);
#2618=EDGE_CURVE('',#2035,#2034,#1048,.T.);
#2619=EDGE_CURVE('',#2033,#2022,#1049,.T.);
#2620=EDGE_CURVE('',#2036,#2031,#1050,.T.);
#2621=EDGE_CURVE('',#2037,#2036,#1051,.T.);
#2622=EDGE_CURVE('',#2024,#2037,#1052,.T.);
#2623=EDGE_CURVE('',#2038,#2039,#1053,.T.);
#2624=EDGE_CURVE('',#2040,#2038,#1054,.T.);
#2625=EDGE_CURVE('',#2041,#2040,#1055,.T.);
#2626=EDGE_CURVE('',#2039,#2041,#1056,.T.);
#2627=EDGE_CURVE('',#2025,#2040,#1057,.T.);
#2628=EDGE_CURVE('',#2037,#2042,#1058,.T.);
#2629=EDGE_CURVE('',#2042,#2043,#1059,.T.);
#2630=EDGE_CURVE('',#2043,#2041,#1060,.T.);
#2631=EDGE_CURVE('',#2043,#2044,#1061,.T.);
#2632=EDGE_CURVE('',#2039,#2044,#1062,.T.);
#2633=EDGE_CURVE('',#2045,#2042,#1063,.T.);
#2634=EDGE_CURVE('',#2044,#2045,#1064,.T.);
#2635=EDGE_CURVE('',#2036,#2045,#1065,.T.);
#2636=EDGE_CURVE('',#2030,#2038,#1066,.T.);
#2637=EDGE_CURVE('',#2046,#2030,#1067,.T.);
#2638=EDGE_CURVE('',#2046,#2047,#1068,.T.);
#2639=EDGE_CURVE('',#2047,#2017,#1069,.T.);
#2640=EDGE_CURVE('',#2016,#2048,#1070,.T.);
#2641=EDGE_CURVE('',#2048,#2028,#1071,.T.);
#2642=EDGE_CURVE('',#2049,#2050,#1072,.T.);
#2643=EDGE_CURVE('',#2051,#2050,#1073,.T.);
#2644=EDGE_CURVE('',#2052,#2051,#1074,.T.);
#2645=EDGE_CURVE('',#2049,#2052,#1075,.T.);
#2646=EDGE_CURVE('',#2053,#2048,#1076,.T.);
#2647=EDGE_CURVE('',#2054,#2053,#1077,.T.);
#2648=EDGE_CURVE('',#2050,#2054,#1078,.T.);
#2649=EDGE_CURVE('',#2055,#2049,#1079,.T.);
#2650=EDGE_CURVE('',#2056,#2055,#1080,.T.);
#2651=EDGE_CURVE('',#2047,#2056,#1081,.T.);
#2652=EDGE_CURVE('',#2046,#2057,#1082,.T.);
#2653=EDGE_CURVE('',#2035,#2057,#1083,.T.);
#2654=EDGE_CURVE('',#2057,#2029,#1084,.T.);
#2655=EDGE_CURVE('',#2051,#2058,#1085,.T.);
#2656=EDGE_CURVE('',#2058,#2059,#1086,.T.);
#2657=EDGE_CURVE('',#2052,#2059,#1087,.T.);
#2658=EDGE_CURVE('',#2054,#2058,#1088,.T.);
#2659=EDGE_CURVE('',#2053,#2019,#1089,.T.);
#2660=EDGE_CURVE('',#2056,#2018,#1090,.T.);
#2661=EDGE_CURVE('',#2059,#2055,#1091,.T.);
#2662=ORIENTED_EDGE('',*,*,#2060,.F.);
#2663=ORIENTED_EDGE('',*,*,#2061,.F.);
#2664=ORIENTED_EDGE('',*,*,#2062,.F.);
#2665=ORIENTED_EDGE('',*,*,#2063,.F.);
#2666=ORIENTED_EDGE('',*,*,#2061,.T.);
#2667=ORIENTED_EDGE('',*,*,#2064,.T.);
#2668=ORIENTED_EDGE('',*,*,#2065,.T.);
#2669=ORIENTED_EDGE('',*,*,#2066,.T.);
#2670=ORIENTED_EDGE('',*,*,#2060,.T.);
#2671=ORIENTED_EDGE('',*,*,#2067,.F.);
#2672=ORIENTED_EDGE('',*,*,#2068,.F.);
#2673=ORIENTED_EDGE('',*,*,#2064,.F.);
#2674=ORIENTED_EDGE('',*,*,#2069,.F.);
#2675=ORIENTED_EDGE('',*,*,#2070,.F.);
#2676=ORIENTED_EDGE('',*,*,#2071,.F.);
#2677=ORIENTED_EDGE('',*,*,#2072,.F.);
#2678=ORIENTED_EDGE('',*,*,#2070,.T.);
#2679=ORIENTED_EDGE('',*,*,#2073,.F.);
#2680=ORIENTED_EDGE('',*,*,#2074,.F.);
#2681=ORIENTED_EDGE('',*,*,#2075,.F.);
#2682=ORIENTED_EDGE('',*,*,#2069,.T.);
#2683=ORIENTED_EDGE('',*,*,#2076,.T.);
#2684=ORIENTED_EDGE('',*,*,#2077,.F.);
#2685=ORIENTED_EDGE('',*,*,#2073,.T.);
#2686=ORIENTED_EDGE('',*,*,#2078,.T.);
#2687=ORIENTED_EDGE('',*,*,#2079,.T.);
#2688=ORIENTED_EDGE('',*,*,#2080,.T.);
#2689=ORIENTED_EDGE('',*,*,#2081,.T.);
#2690=ORIENTED_EDGE('',*,*,#2082,.T.);
#2691=ORIENTED_EDGE('',*,*,#2083,.T.);
#2692=ORIENTED_EDGE('',*,*,#2084,.T.);
#2693=ORIENTED_EDGE('',*,*,#2085,.T.);
#2694=ORIENTED_EDGE('',*,*,#2086,.T.);
#2695=ORIENTED_EDGE('',*,*,#2087,.T.);
#2696=ORIENTED_EDGE('',*,*,#2088,.T.);
#2697=ORIENTED_EDGE('',*,*,#2089,.T.);
#2698=ORIENTED_EDGE('',*,*,#2090,.T.);
#2699=ORIENTED_EDGE('',*,*,#2091,.T.);
#2700=ORIENTED_EDGE('',*,*,#2092,.T.);
#2701=ORIENTED_EDGE('',*,*,#2093,.T.);
#2702=ORIENTED_EDGE('',*,*,#2094,.T.);
#2703=ORIENTED_EDGE('',*,*,#2095,.T.);
#2704=ORIENTED_EDGE('',*,*,#2096,.T.);
#2705=ORIENTED_EDGE('',*,*,#2097,.T.);
#2706=ORIENTED_EDGE('',*,*,#2098,.T.);
#2707=ORIENTED_EDGE('',*,*,#2099,.T.);
#2708=ORIENTED_EDGE('',*,*,#2100,.T.);
#2709=ORIENTED_EDGE('',*,*,#2101,.T.);
#2710=ORIENTED_EDGE('',*,*,#2102,.T.);
#2711=ORIENTED_EDGE('',*,*,#2103,.T.);
#2712=ORIENTED_EDGE('',*,*,#2104,.T.);
#2713=ORIENTED_EDGE('',*,*,#2105,.T.);
#2714=ORIENTED_EDGE('',*,*,#2106,.T.);
#2715=ORIENTED_EDGE('',*,*,#2107,.T.);
#2716=ORIENTED_EDGE('',*,*,#2108,.T.);
#2717=ORIENTED_EDGE('',*,*,#2109,.T.);
#2718=ORIENTED_EDGE('',*,*,#2110,.T.);
#2719=ORIENTED_EDGE('',*,*,#2111,.T.);
#2720=ORIENTED_EDGE('',*,*,#2112,.T.);
#2721=ORIENTED_EDGE('',*,*,#2113,.T.);
#2722=ORIENTED_EDGE('',*,*,#2114,.T.);
#2723=ORIENTED_EDGE('',*,*,#2115,.T.);
#2724=ORIENTED_EDGE('',*,*,#2116,.T.);
#2725=ORIENTED_EDGE('',*,*,#2117,.T.);
#2726=ORIENTED_EDGE('',*,*,#2118,.T.);
#2727=ORIENTED_EDGE('',*,*,#2119,.T.);
#2728=ORIENTED_EDGE('',*,*,#2120,.T.);
#2729=ORIENTED_EDGE('',*,*,#2121,.T.);
#2730=ORIENTED_EDGE('',*,*,#2122,.T.);
#2731=ORIENTED_EDGE('',*,*,#2123,.T.);
#2732=ORIENTED_EDGE('',*,*,#2124,.T.);
#2733=ORIENTED_EDGE('',*,*,#2125,.T.);
#2734=ORIENTED_EDGE('',*,*,#2126,.T.);
#2735=ORIENTED_EDGE('',*,*,#2127,.T.);
#2736=ORIENTED_EDGE('',*,*,#2128,.T.);
#2737=ORIENTED_EDGE('',*,*,#2129,.T.);
#2738=ORIENTED_EDGE('',*,*,#2130,.T.);
#2739=ORIENTED_EDGE('',*,*,#2131,.T.);
#2740=ORIENTED_EDGE('',*,*,#2132,.T.);
#2741=ORIENTED_EDGE('',*,*,#2133,.T.);
#2742=ORIENTED_EDGE('',*,*,#2134,.T.);
#2743=ORIENTED_EDGE('',*,*,#2135,.T.);
#2744=ORIENTED_EDGE('',*,*,#2136,.T.);
#2745=ORIENTED_EDGE('',*,*,#2137,.T.);
#2746=ORIENTED_EDGE('',*,*,#2138,.T.);
#2747=ORIENTED_EDGE('',*,*,#2139,.T.);
#2748=ORIENTED_EDGE('',*,*,#2140,.T.);
#2749=ORIENTED_EDGE('',*,*,#2141,.T.);
#2750=ORIENTED_EDGE('',*,*,#2142,.T.);
#2751=ORIENTED_EDGE('',*,*,#2143,.T.);
#2752=ORIENTED_EDGE('',*,*,#2144,.T.);
#2753=ORIENTED_EDGE('',*,*,#2145,.T.);
#2754=ORIENTED_EDGE('',*,*,#2146,.T.);
#2755=ORIENTED_EDGE('',*,*,#2147,.T.);
#2756=ORIENTED_EDGE('',*,*,#2148,.T.);
#2757=ORIENTED_EDGE('',*,*,#2149,.T.);
#2758=ORIENTED_EDGE('',*,*,#2150,.T.);
#2759=ORIENTED_EDGE('',*,*,#2151,.T.);
#2760=ORIENTED_EDGE('',*,*,#2152,.T.);
#2761=ORIENTED_EDGE('',*,*,#2153,.T.);
#2762=ORIENTED_EDGE('',*,*,#2154,.T.);
#2763=ORIENTED_EDGE('',*,*,#2155,.T.);
#2764=ORIENTED_EDGE('',*,*,#2156,.T.);
#2765=ORIENTED_EDGE('',*,*,#2157,.T.);
#2766=ORIENTED_EDGE('',*,*,#2158,.T.);
#2767=ORIENTED_EDGE('',*,*,#2159,.T.);
#2768=ORIENTED_EDGE('',*,*,#2072,.T.);
#2769=ORIENTED_EDGE('',*,*,#2160,.F.);
#2770=ORIENTED_EDGE('',*,*,#2161,.F.);
#2771=ORIENTED_EDGE('',*,*,#2076,.F.);
#2772=ORIENTED_EDGE('',*,*,#2162,.F.);
#2773=ORIENTED_EDGE('',*,*,#2163,.T.);
#2774=ORIENTED_EDGE('',*,*,#2164,.F.);
#2775=ORIENTED_EDGE('',*,*,#2165,.F.);
#2776=ORIENTED_EDGE('',*,*,#2166,.T.);
#2777=ORIENTED_EDGE('',*,*,#2167,.T.);
#2778=ORIENTED_EDGE('',*,*,#2168,.T.);
#2779=ORIENTED_EDGE('',*,*,#2169,.F.);
#2780=ORIENTED_EDGE('',*,*,#2167,.F.);
#2781=ORIENTED_EDGE('',*,*,#2170,.F.);
#2782=ORIENTED_EDGE('',*,*,#2171,.F.);
#2783=ORIENTED_EDGE('',*,*,#2172,.F.);
#2784=ORIENTED_EDGE('',*,*,#2173,.F.);
#2785=ORIENTED_EDGE('',*,*,#2174,.F.);
#2786=ORIENTED_EDGE('',*,*,#2175,.F.);
#2787=ORIENTED_EDGE('',*,*,#2176,.T.);
#2788=ORIENTED_EDGE('',*,*,#2177,.T.);
#2789=ORIENTED_EDGE('',*,*,#2171,.T.);
#2790=ORIENTED_EDGE('',*,*,#2178,.T.);
#2791=ORIENTED_EDGE('',*,*,#2179,.T.);
#2792=ORIENTED_EDGE('',*,*,#2180,.T.);
#2793=ORIENTED_EDGE('',*,*,#2181,.F.);
#2794=ORIENTED_EDGE('',*,*,#2173,.T.);
#2795=ORIENTED_EDGE('',*,*,#2182,.T.);
#2796=ORIENTED_EDGE('',*,*,#2183,.T.);
#2797=ORIENTED_EDGE('',*,*,#2184,.F.);
#2798=ORIENTED_EDGE('',*,*,#2185,.T.);
#2799=ORIENTED_EDGE('',*,*,#2186,.T.);
#2800=ORIENTED_EDGE('',*,*,#2187,.F.);
#2801=ORIENTED_EDGE('',*,*,#2188,.T.);
#2802=ORIENTED_EDGE('',*,*,#2189,.T.);
#2803=ORIENTED_EDGE('',*,*,#2189,.F.);
#2804=ORIENTED_EDGE('',*,*,#2190,.F.);
#2805=ORIENTED_EDGE('',*,*,#2191,.T.);
#2806=ORIENTED_EDGE('',*,*,#2192,.T.);
#2807=ORIENTED_EDGE('',*,*,#2193,.F.);
#2808=ORIENTED_EDGE('',*,*,#2194,.F.);
#2809=ORIENTED_EDGE('',*,*,#2183,.F.);
#2810=ORIENTED_EDGE('',*,*,#2195,.T.);
#2811=ORIENTED_EDGE('',*,*,#2191,.F.);
#2812=ORIENTED_EDGE('',*,*,#2196,.T.);
#2813=ORIENTED_EDGE('',*,*,#2197,.T.);
#2814=ORIENTED_EDGE('',*,*,#2198,.F.);
#2815=ORIENTED_EDGE('',*,*,#2199,.T.);
#2816=ORIENTED_EDGE('',*,*,#2200,.F.);
#2817=ORIENTED_EDGE('',*,*,#2201,.T.);
#2818=ORIENTED_EDGE('',*,*,#2202,.T.);
#2819=ORIENTED_EDGE('',*,*,#2200,.T.);
#2820=ORIENTED_EDGE('',*,*,#2203,.T.);
#2821=ORIENTED_EDGE('',*,*,#2204,.F.);
#2822=ORIENTED_EDGE('',*,*,#2205,.T.);
#2823=ORIENTED_EDGE('',*,*,#2198,.T.);
#2824=ORIENTED_EDGE('',*,*,#2206,.T.);
#2825=ORIENTED_EDGE('',*,*,#2207,.T.);
#2826=ORIENTED_EDGE('',*,*,#2208,.F.);
#2827=ORIENTED_EDGE('',*,*,#2209,.T.);
#2828=ORIENTED_EDGE('',*,*,#2210,.T.);
#2829=ORIENTED_EDGE('',*,*,#2211,.T.);
#2830=ORIENTED_EDGE('',*,*,#2212,.T.);
#2831=ORIENTED_EDGE('',*,*,#2213,.F.);
#2832=ORIENTED_EDGE('',*,*,#2214,.F.);
#2833=ORIENTED_EDGE('',*,*,#2215,.T.);
#2834=ORIENTED_EDGE('',*,*,#2216,.T.);
#2835=ORIENTED_EDGE('',*,*,#2217,.F.);
#2836=ORIENTED_EDGE('',*,*,#2213,.T.);
#2837=ORIENTED_EDGE('',*,*,#2217,.T.);
#2838=ORIENTED_EDGE('',*,*,#2218,.T.);
#2839=ORIENTED_EDGE('',*,*,#2219,.T.);
#2840=ORIENTED_EDGE('',*,*,#2214,.T.);
#2841=ORIENTED_EDGE('',*,*,#2220,.T.);
#2842=ORIENTED_EDGE('',*,*,#2208,.T.);
#2843=ORIENTED_EDGE('',*,*,#2219,.F.);
#2844=ORIENTED_EDGE('',*,*,#2221,.T.);
#2845=ORIENTED_EDGE('',*,*,#2222,.T.);
#2846=ORIENTED_EDGE('',*,*,#2223,.T.);
#2847=ORIENTED_EDGE('',*,*,#2224,.F.);
#2848=ORIENTED_EDGE('',*,*,#2193,.T.);
#2849=ORIENTED_EDGE('',*,*,#2224,.T.);
#2850=ORIENTED_EDGE('',*,*,#2225,.T.);
#2851=ORIENTED_EDGE('',*,*,#2184,.T.);
#2852=ORIENTED_EDGE('',*,*,#2194,.T.);
#2853=ORIENTED_EDGE('',*,*,#2226,.T.);
#2854=ORIENTED_EDGE('',*,*,#2227,.F.);
#2855=ORIENTED_EDGE('',*,*,#2228,.T.);
#2856=ORIENTED_EDGE('',*,*,#2229,.F.);
#2857=ORIENTED_EDGE('',*,*,#2230,.F.);
#2858=ORIENTED_EDGE('',*,*,#2231,.F.);
#2859=ORIENTED_EDGE('',*,*,#2232,.F.);
#2860=ORIENTED_EDGE('',*,*,#2233,.T.);
#2861=ORIENTED_EDGE('',*,*,#2234,.T.);
#2862=ORIENTED_EDGE('',*,*,#2235,.T.);
#2863=ORIENTED_EDGE('',*,*,#2236,.T.);
#2864=ORIENTED_EDGE('',*,*,#2237,.F.);
#2865=ORIENTED_EDGE('',*,*,#2238,.F.);
#2866=ORIENTED_EDGE('',*,*,#2239,.T.);
#2867=ORIENTED_EDGE('',*,*,#2240,.T.);
#2868=ORIENTED_EDGE('',*,*,#2241,.T.);
#2869=ORIENTED_EDGE('',*,*,#2242,.T.);
#2870=ORIENTED_EDGE('',*,*,#2243,.T.);
#2871=ORIENTED_EDGE('',*,*,#2244,.T.);
#2872=ORIENTED_EDGE('',*,*,#2245,.F.);
#2873=ORIENTED_EDGE('',*,*,#2246,.T.);
#2874=ORIENTED_EDGE('',*,*,#2247,.F.);
#2875=ORIENTED_EDGE('',*,*,#2248,.F.);
#2876=ORIENTED_EDGE('',*,*,#2249,.F.);
#2877=ORIENTED_EDGE('',*,*,#2250,.T.);
#2878=ORIENTED_EDGE('',*,*,#2251,.T.);
#2879=ORIENTED_EDGE('',*,*,#2252,.T.);
#2880=ORIENTED_EDGE('',*,*,#2253,.T.);
#2881=ORIENTED_EDGE('',*,*,#2232,.T.);
#2882=ORIENTED_EDGE('',*,*,#2254,.F.);
#2883=ORIENTED_EDGE('',*,*,#2255,.T.);
#2884=ORIENTED_EDGE('',*,*,#2252,.F.);
#2885=ORIENTED_EDGE('',*,*,#2256,.F.);
#2886=ORIENTED_EDGE('',*,*,#2257,.F.);
#2887=ORIENTED_EDGE('',*,*,#2258,.F.);
#2888=ORIENTED_EDGE('',*,*,#2259,.F.);
#2889=ORIENTED_EDGE('',*,*,#2260,.T.);
#2890=ORIENTED_EDGE('',*,*,#2261,.T.);
#2891=ORIENTED_EDGE('',*,*,#2262,.T.);
#2892=ORIENTED_EDGE('',*,*,#2263,.F.);
#2893=ORIENTED_EDGE('',*,*,#2264,.T.);
#2894=ORIENTED_EDGE('',*,*,#2265,.T.);
#2895=ORIENTED_EDGE('',*,*,#2266,.T.);
#2896=ORIENTED_EDGE('',*,*,#2267,.T.);
#2897=ORIENTED_EDGE('',*,*,#2268,.F.);
#2898=ORIENTED_EDGE('',*,*,#2269,.T.);
#2899=ORIENTED_EDGE('',*,*,#2265,.F.);
#2900=ORIENTED_EDGE('',*,*,#2270,.F.);
#2901=ORIENTED_EDGE('',*,*,#2271,.T.);
#2902=ORIENTED_EDGE('',*,*,#2272,.F.);
#2903=ORIENTED_EDGE('',*,*,#2273,.F.);
#2904=ORIENTED_EDGE('',*,*,#2274,.T.);
#2905=ORIENTED_EDGE('',*,*,#2275,.F.);
#2906=ORIENTED_EDGE('',*,*,#2276,.F.);
#2907=ORIENTED_EDGE('',*,*,#2277,.F.);
#2908=ORIENTED_EDGE('',*,*,#2257,.T.);
#2909=ORIENTED_EDGE('',*,*,#2278,.F.);
#2910=ORIENTED_EDGE('',*,*,#2279,.F.);
#2911=ORIENTED_EDGE('',*,*,#2273,.T.);
#2912=ORIENTED_EDGE('',*,*,#2280,.T.);
#2913=ORIENTED_EDGE('',*,*,#2281,.T.);
#2914=ORIENTED_EDGE('',*,*,#2282,.F.);
#2915=ORIENTED_EDGE('',*,*,#2283,.F.);
#2916=ORIENTED_EDGE('',*,*,#2284,.F.);
#2917=ORIENTED_EDGE('',*,*,#2285,.F.);
#2918=ORIENTED_EDGE('',*,*,#2281,.F.);
#2919=ORIENTED_EDGE('',*,*,#2286,.T.);
#2920=ORIENTED_EDGE('',*,*,#2287,.T.);
#2921=ORIENTED_EDGE('',*,*,#2288,.T.);
#2922=ORIENTED_EDGE('',*,*,#2289,.T.);
#2923=ORIENTED_EDGE('',*,*,#2290,.T.);
#2924=ORIENTED_EDGE('',*,*,#2291,.F.);
#2925=ORIENTED_EDGE('',*,*,#2292,.F.);
#2926=ORIENTED_EDGE('',*,*,#2293,.F.);
#2927=ORIENTED_EDGE('',*,*,#2294,.F.);
#2928=ORIENTED_EDGE('',*,*,#2295,.T.);
#2929=ORIENTED_EDGE('',*,*,#2296,.T.);
#2930=ORIENTED_EDGE('',*,*,#2297,.T.);
#2931=ORIENTED_EDGE('',*,*,#2298,.T.);
#2932=ORIENTED_EDGE('',*,*,#2299,.F.);
#2933=ORIENTED_EDGE('',*,*,#2300,.T.);
#2934=ORIENTED_EDGE('',*,*,#2301,.F.);
#2935=ORIENTED_EDGE('',*,*,#2302,.F.);
#2936=ORIENTED_EDGE('',*,*,#2303,.F.);
#2937=ORIENTED_EDGE('',*,*,#2304,.T.);
#2938=ORIENTED_EDGE('',*,*,#2305,.T.);
#2939=ORIENTED_EDGE('',*,*,#2306,.T.);
#2940=ORIENTED_EDGE('',*,*,#2307,.F.);
#2941=ORIENTED_EDGE('',*,*,#2308,.T.);
#2942=ORIENTED_EDGE('',*,*,#2309,.T.);
#2943=ORIENTED_EDGE('',*,*,#2310,.T.);
#2944=ORIENTED_EDGE('',*,*,#2311,.T.);
#2945=ORIENTED_EDGE('',*,*,#2312,.F.);
#2946=ORIENTED_EDGE('',*,*,#2313,.T.);
#2947=ORIENTED_EDGE('',*,*,#2295,.F.);
#2948=ORIENTED_EDGE('',*,*,#2314,.F.);
#2949=ORIENTED_EDGE('',*,*,#2315,.F.);
#2950=ORIENTED_EDGE('',*,*,#2316,.T.);
#2951=ORIENTED_EDGE('',*,*,#2317,.T.);
#2952=ORIENTED_EDGE('',*,*,#2312,.T.);
#2953=ORIENTED_EDGE('',*,*,#2318,.T.);
#2954=ORIENTED_EDGE('',*,*,#2319,.T.);
#2955=ORIENTED_EDGE('',*,*,#2268,.T.);
#2956=ORIENTED_EDGE('',*,*,#2320,.T.);
#2957=ORIENTED_EDGE('',*,*,#2321,.F.);
#2958=ORIENTED_EDGE('',*,*,#2322,.T.);
#2959=ORIENTED_EDGE('',*,*,#2323,.T.);
#2960=ORIENTED_EDGE('',*,*,#2316,.F.);
#2961=ORIENTED_EDGE('',*,*,#2324,.T.);
#2962=ORIENTED_EDGE('',*,*,#2325,.T.);
#2963=ORIENTED_EDGE('',*,*,#2181,.T.);
#2964=ORIENTED_EDGE('',*,*,#2326,.T.);
#2965=ORIENTED_EDGE('',*,*,#2327,.T.);
#2966=ORIENTED_EDGE('',*,*,#2174,.T.);
#2967=ORIENTED_EDGE('',*,*,#2328,.T.);
#2968=ORIENTED_EDGE('',*,*,#2329,.T.);
#2969=ORIENTED_EDGE('',*,*,#2330,.F.);
#2970=ORIENTED_EDGE('',*,*,#2331,.T.);
#2971=ORIENTED_EDGE('',*,*,#2332,.T.);
#2972=ORIENTED_EDGE('',*,*,#2175,.T.);
#2973=ORIENTED_EDGE('',*,*,#2327,.F.);
#2974=ORIENTED_EDGE('',*,*,#2333,.T.);
#2975=ORIENTED_EDGE('',*,*,#2330,.T.);
#2976=ORIENTED_EDGE('',*,*,#2334,.T.);
#2977=ORIENTED_EDGE('',*,*,#2335,.F.);
#2978=ORIENTED_EDGE('',*,*,#2336,.T.);
#2979=ORIENTED_EDGE('',*,*,#2331,.F.);
#2980=ORIENTED_EDGE('',*,*,#2336,.F.);
#2981=ORIENTED_EDGE('',*,*,#2337,.F.);
#2982=ORIENTED_EDGE('',*,*,#2338,.T.);
#2983=ORIENTED_EDGE('',*,*,#2339,.T.);
#2984=ORIENTED_EDGE('',*,*,#2340,.T.);
#2985=ORIENTED_EDGE('',*,*,#2341,.T.);
#2986=ORIENTED_EDGE('',*,*,#2342,.T.);
#2987=ORIENTED_EDGE('',*,*,#2337,.T.);
#2988=ORIENTED_EDGE('',*,*,#2335,.T.);
#2989=ORIENTED_EDGE('',*,*,#2343,.T.);
#2990=ORIENTED_EDGE('',*,*,#2344,.T.);
#2991=ORIENTED_EDGE('',*,*,#2345,.T.);
#2992=ORIENTED_EDGE('',*,*,#2164,.T.);
#2993=ORIENTED_EDGE('',*,*,#2346,.F.);
#2994=ORIENTED_EDGE('',*,*,#2347,.T.);
#2995=ORIENTED_EDGE('',*,*,#2348,.T.);
#2996=ORIENTED_EDGE('',*,*,#2165,.T.);
#2997=ORIENTED_EDGE('',*,*,#2345,.F.);
#2998=ORIENTED_EDGE('',*,*,#2349,.F.);
#2999=ORIENTED_EDGE('',*,*,#2350,.T.);
#3000=ORIENTED_EDGE('',*,*,#2162,.T.);
#3001=ORIENTED_EDGE('',*,*,#2348,.F.);
#3002=ORIENTED_EDGE('',*,*,#2351,.F.);
#3003=ORIENTED_EDGE('',*,*,#2346,.T.);
#3004=ORIENTED_EDGE('',*,*,#2163,.F.);
#3005=ORIENTED_EDGE('',*,*,#2350,.F.);
#3006=ORIENTED_EDGE('',*,*,#2352,.F.);
#3007=ORIENTED_EDGE('',*,*,#2353,.T.);
#3008=ORIENTED_EDGE('',*,*,#2340,.F.);
#3009=ORIENTED_EDGE('',*,*,#2354,.F.);
#3010=ORIENTED_EDGE('',*,*,#2328,.F.);
#3011=ORIENTED_EDGE('',*,*,#2341,.F.);
#3012=ORIENTED_EDGE('',*,*,#2353,.F.);
#3013=ORIENTED_EDGE('',*,*,#2355,.F.);
#3014=ORIENTED_EDGE('',*,*,#2356,.T.);
#3015=ORIENTED_EDGE('',*,*,#2332,.F.);
#3016=ORIENTED_EDGE('',*,*,#2357,.F.);
#3017=ORIENTED_EDGE('',*,*,#2358,.F.);
#3018=ORIENTED_EDGE('',*,*,#2359,.T.);
#3019=ORIENTED_EDGE('',*,*,#2176,.F.);
#3020=ORIENTED_EDGE('',*,*,#2168,.F.);
#3021=ORIENTED_EDGE('',*,*,#2172,.T.);
#3022=ORIENTED_EDGE('',*,*,#2177,.F.);
#3023=ORIENTED_EDGE('',*,*,#2359,.F.);
#3024=ORIENTED_EDGE('',*,*,#2360,.F.);
#3025=ORIENTED_EDGE('',*,*,#2361,.T.);
#3026=ORIENTED_EDGE('',*,*,#2169,.T.);
#3027=ORIENTED_EDGE('',*,*,#2361,.F.);
#3028=ORIENTED_EDGE('',*,*,#2362,.F.);
#3029=ORIENTED_EDGE('',*,*,#2363,.T.);
#3030=ORIENTED_EDGE('',*,*,#2179,.F.);
#3031=ORIENTED_EDGE('',*,*,#2178,.F.);
#3032=ORIENTED_EDGE('',*,*,#2170,.T.);
#3033=ORIENTED_EDGE('',*,*,#2166,.F.);
#3034=ORIENTED_EDGE('',*,*,#2363,.F.);
#3035=ORIENTED_EDGE('',*,*,#2364,.F.);
#3036=ORIENTED_EDGE('',*,*,#2365,.T.);
#3037=ORIENTED_EDGE('',*,*,#2180,.F.);
#3038=ORIENTED_EDGE('',*,*,#2365,.F.);
#3039=ORIENTED_EDGE('',*,*,#2366,.F.);
#3040=ORIENTED_EDGE('',*,*,#2367,.T.);
#3041=ORIENTED_EDGE('',*,*,#2266,.F.);
#3042=ORIENTED_EDGE('',*,*,#2269,.F.);
#3043=ORIENTED_EDGE('',*,*,#2319,.F.);
#3044=ORIENTED_EDGE('',*,*,#2368,.F.);
#3045=ORIENTED_EDGE('',*,*,#2369,.F.);
#3046=ORIENTED_EDGE('',*,*,#2370,.T.);
#3047=ORIENTED_EDGE('',*,*,#2267,.F.);
#3048=ORIENTED_EDGE('',*,*,#2367,.F.);
#3049=ORIENTED_EDGE('',*,*,#2371,.T.);
#3050=ORIENTED_EDGE('',*,*,#2372,.T.);
#3051=ORIENTED_EDGE('',*,*,#2260,.F.);
#3052=ORIENTED_EDGE('',*,*,#2373,.T.);
#3053=ORIENTED_EDGE('',*,*,#2374,.T.);
#3054=ORIENTED_EDGE('',*,*,#2261,.F.);
#3055=ORIENTED_EDGE('',*,*,#2372,.F.);
#3056=ORIENTED_EDGE('',*,*,#2375,.T.);
#3057=ORIENTED_EDGE('',*,*,#2376,.F.);
#3058=ORIENTED_EDGE('',*,*,#2262,.F.);
#3059=ORIENTED_EDGE('',*,*,#2374,.F.);
#3060=ORIENTED_EDGE('',*,*,#2377,.F.);
#3061=ORIENTED_EDGE('',*,*,#2376,.T.);
#3062=ORIENTED_EDGE('',*,*,#2378,.F.);
#3063=ORIENTED_EDGE('',*,*,#2379,.T.);
#3064=ORIENTED_EDGE('',*,*,#2263,.T.);
#3065=ORIENTED_EDGE('',*,*,#2380,.T.);
#3066=ORIENTED_EDGE('',*,*,#2381,.T.);
#3067=ORIENTED_EDGE('',*,*,#2258,.T.);
#3068=ORIENTED_EDGE('',*,*,#2379,.F.);
#3069=ORIENTED_EDGE('',*,*,#2382,.T.);
#3070=ORIENTED_EDGE('',*,*,#2383,.T.);
#3071=ORIENTED_EDGE('',*,*,#2284,.T.);
#3072=ORIENTED_EDGE('',*,*,#2384,.F.);
#3073=ORIENTED_EDGE('',*,*,#2185,.F.);
#3074=ORIENTED_EDGE('',*,*,#2385,.F.);
#3075=ORIENTED_EDGE('',*,*,#2274,.F.);
#3076=ORIENTED_EDGE('',*,*,#2282,.T.);
#3077=ORIENTED_EDGE('',*,*,#2285,.T.);
#3078=ORIENTED_EDGE('',*,*,#2383,.F.);
#3079=ORIENTED_EDGE('',*,*,#2386,.F.);
#3080=ORIENTED_EDGE('',*,*,#2387,.T.);
#3081=ORIENTED_EDGE('',*,*,#2182,.F.);
#3082=ORIENTED_EDGE('',*,*,#2387,.F.);
#3083=ORIENTED_EDGE('',*,*,#2388,.F.);
#3084=ORIENTED_EDGE('',*,*,#2389,.T.);
#3085=ORIENTED_EDGE('',*,*,#2186,.F.);
#3086=ORIENTED_EDGE('',*,*,#2192,.F.);
#3087=ORIENTED_EDGE('',*,*,#2195,.F.);
#3088=ORIENTED_EDGE('',*,*,#2187,.T.);
#3089=ORIENTED_EDGE('',*,*,#2389,.F.);
#3090=ORIENTED_EDGE('',*,*,#2390,.F.);
#3091=ORIENTED_EDGE('',*,*,#2391,.T.);
#3092=ORIENTED_EDGE('',*,*,#2391,.F.);
#3093=ORIENTED_EDGE('',*,*,#2392,.F.);
#3094=ORIENTED_EDGE('',*,*,#2393,.T.);
#3095=ORIENTED_EDGE('',*,*,#2196,.F.);
#3096=ORIENTED_EDGE('',*,*,#2190,.T.);
#3097=ORIENTED_EDGE('',*,*,#2188,.F.);
#3098=ORIENTED_EDGE('',*,*,#2222,.F.);
#3099=ORIENTED_EDGE('',*,*,#2197,.F.);
#3100=ORIENTED_EDGE('',*,*,#2393,.F.);
#3101=ORIENTED_EDGE('',*,*,#2394,.F.);
#3102=ORIENTED_EDGE('',*,*,#2395,.T.);
#3103=ORIENTED_EDGE('',*,*,#2220,.F.);
#3104=ORIENTED_EDGE('',*,*,#2396,.F.);
#3105=ORIENTED_EDGE('',*,*,#2397,.F.);
#3106=ORIENTED_EDGE('',*,*,#2398,.T.);
#3107=ORIENTED_EDGE('',*,*,#2209,.F.);
#3108=ORIENTED_EDGE('',*,*,#2399,.F.);
#3109=ORIENTED_EDGE('',*,*,#2400,.T.);
#3110=ORIENTED_EDGE('',*,*,#2210,.F.);
#3111=ORIENTED_EDGE('',*,*,#2398,.F.);
#3112=ORIENTED_EDGE('',*,*,#2401,.T.);
#3113=ORIENTED_EDGE('',*,*,#2211,.F.);
#3114=ORIENTED_EDGE('',*,*,#2400,.F.);
#3115=ORIENTED_EDGE('',*,*,#2402,.F.);
#3116=ORIENTED_EDGE('',*,*,#2204,.T.);
#3117=ORIENTED_EDGE('',*,*,#2403,.T.);
#3118=ORIENTED_EDGE('',*,*,#2404,.F.);
#3119=ORIENTED_EDGE('',*,*,#2405,.T.);
#3120=ORIENTED_EDGE('',*,*,#2406,.T.);
#3121=ORIENTED_EDGE('',*,*,#2407,.F.);
#3122=ORIENTED_EDGE('',*,*,#2354,.T.);
#3123=ORIENTED_EDGE('',*,*,#2339,.F.);
#3124=ORIENTED_EDGE('',*,*,#2408,.T.);
#3125=ORIENTED_EDGE('',*,*,#2409,.T.);
#3126=ORIENTED_EDGE('',*,*,#2410,.T.);
#3127=ORIENTED_EDGE('',*,*,#2411,.T.);
#3128=ORIENTED_EDGE('',*,*,#2412,.T.);
#3129=ORIENTED_EDGE('',*,*,#2413,.T.);
#3130=ORIENTED_EDGE('',*,*,#2414,.T.);
#3131=ORIENTED_EDGE('',*,*,#2415,.T.);
#3132=ORIENTED_EDGE('',*,*,#2416,.T.);
#3133=ORIENTED_EDGE('',*,*,#2417,.T.);
#3134=ORIENTED_EDGE('',*,*,#2418,.T.);
#3135=ORIENTED_EDGE('',*,*,#2415,.F.);
#3136=ORIENTED_EDGE('',*,*,#2419,.T.);
#3137=ORIENTED_EDGE('',*,*,#2420,.T.);
#3138=ORIENTED_EDGE('',*,*,#2421,.T.);
#3139=ORIENTED_EDGE('',*,*,#2422,.T.);
#3140=ORIENTED_EDGE('',*,*,#2423,.T.);
#3141=ORIENTED_EDGE('',*,*,#2424,.T.);
#3142=ORIENTED_EDGE('',*,*,#2425,.T.);
#3143=ORIENTED_EDGE('',*,*,#2422,.F.);
#3144=ORIENTED_EDGE('',*,*,#2426,.T.);
#3145=ORIENTED_EDGE('',*,*,#2427,.T.);
#3146=ORIENTED_EDGE('',*,*,#2428,.T.);
#3147=ORIENTED_EDGE('',*,*,#2429,.T.);
#3148=ORIENTED_EDGE('',*,*,#2430,.F.);
#3149=ORIENTED_EDGE('',*,*,#2159,.F.);
#3150=ORIENTED_EDGE('',*,*,#2431,.F.);
#3151=ORIENTED_EDGE('',*,*,#2302,.T.);
#3152=ORIENTED_EDGE('',*,*,#2303,.T.);
#3153=ORIENTED_EDGE('',*,*,#2431,.T.);
#3154=ORIENTED_EDGE('',*,*,#2158,.F.);
#3155=ORIENTED_EDGE('',*,*,#2432,.T.);
#3156=ORIENTED_EDGE('',*,*,#2432,.F.);
#3157=ORIENTED_EDGE('',*,*,#2157,.F.);
#3158=ORIENTED_EDGE('',*,*,#2433,.T.);
#3159=ORIENTED_EDGE('',*,*,#2304,.F.);
#3160=ORIENTED_EDGE('',*,*,#2305,.F.);
#3161=ORIENTED_EDGE('',*,*,#2433,.F.);
#3162=ORIENTED_EDGE('',*,*,#2156,.F.);
#3163=ORIENTED_EDGE('',*,*,#2434,.F.);
#3164=ORIENTED_EDGE('',*,*,#2435,.F.);
#3165=ORIENTED_EDGE('',*,*,#2306,.F.);
#3166=ORIENTED_EDGE('',*,*,#2434,.T.);
#3167=ORIENTED_EDGE('',*,*,#2155,.F.);
#3168=ORIENTED_EDGE('',*,*,#2436,.T.);
#3169=ORIENTED_EDGE('',*,*,#2307,.T.);
#3170=ORIENTED_EDGE('',*,*,#2435,.T.);
#3171=ORIENTED_EDGE('',*,*,#2154,.F.);
#3172=ORIENTED_EDGE('',*,*,#2436,.F.);
#3173=ORIENTED_EDGE('',*,*,#2153,.F.);
#3174=ORIENTED_EDGE('',*,*,#2437,.F.);
#3175=ORIENTED_EDGE('',*,*,#2308,.F.);
#3176=ORIENTED_EDGE('',*,*,#2438,.F.);
#3177=ORIENTED_EDGE('',*,*,#2309,.F.);
#3178=ORIENTED_EDGE('',*,*,#2437,.T.);
#3179=ORIENTED_EDGE('',*,*,#2152,.F.);
#3180=ORIENTED_EDGE('',*,*,#2439,.F.);
#3181=ORIENTED_EDGE('',*,*,#2310,.F.);
#3182=ORIENTED_EDGE('',*,*,#2438,.T.);
#3183=ORIENTED_EDGE('',*,*,#2151,.F.);
#3184=ORIENTED_EDGE('',*,*,#2430,.T.);
#3185=ORIENTED_EDGE('',*,*,#2311,.F.);
#3186=ORIENTED_EDGE('',*,*,#2439,.T.);
#3187=ORIENTED_EDGE('',*,*,#2150,.F.);
#3188=ORIENTED_EDGE('',*,*,#2440,.F.);
#3189=ORIENTED_EDGE('',*,*,#2242,.F.);
#3190=ORIENTED_EDGE('',*,*,#2441,.F.);
#3191=ORIENTED_EDGE('',*,*,#2149,.F.);
#3192=ORIENTED_EDGE('',*,*,#2442,.F.);
#3193=ORIENTED_EDGE('',*,*,#2243,.F.);
#3194=ORIENTED_EDGE('',*,*,#2440,.T.);
#3195=ORIENTED_EDGE('',*,*,#2148,.F.);
#3196=ORIENTED_EDGE('',*,*,#2443,.F.);
#3197=ORIENTED_EDGE('',*,*,#2244,.F.);
#3198=ORIENTED_EDGE('',*,*,#2442,.T.);
#3199=ORIENTED_EDGE('',*,*,#2147,.F.);
#3200=ORIENTED_EDGE('',*,*,#2444,.T.);
#3201=ORIENTED_EDGE('',*,*,#2245,.T.);
#3202=ORIENTED_EDGE('',*,*,#2443,.T.);
#3203=ORIENTED_EDGE('',*,*,#2146,.F.);
#3204=ORIENTED_EDGE('',*,*,#2445,.F.);
#3205=ORIENTED_EDGE('',*,*,#2246,.F.);
#3206=ORIENTED_EDGE('',*,*,#2444,.F.);
#3207=ORIENTED_EDGE('',*,*,#2145,.F.);
#3208=ORIENTED_EDGE('',*,*,#2445,.T.);
#3209=ORIENTED_EDGE('',*,*,#2144,.F.);
#3210=ORIENTED_EDGE('',*,*,#2446,.F.);
#3211=ORIENTED_EDGE('',*,*,#2247,.T.);
#3212=ORIENTED_EDGE('',*,*,#2248,.T.);
#3213=ORIENTED_EDGE('',*,*,#2446,.T.);
#3214=ORIENTED_EDGE('',*,*,#2143,.F.);
#3215=ORIENTED_EDGE('',*,*,#2447,.T.);
#3216=ORIENTED_EDGE('',*,*,#2448,.T.);
#3217=ORIENTED_EDGE('',*,*,#2249,.T.);
#3218=ORIENTED_EDGE('',*,*,#2447,.F.);
#3219=ORIENTED_EDGE('',*,*,#2142,.F.);
#3220=ORIENTED_EDGE('',*,*,#2250,.F.);
#3221=ORIENTED_EDGE('',*,*,#2448,.F.);
#3222=ORIENTED_EDGE('',*,*,#2141,.F.);
#3223=ORIENTED_EDGE('',*,*,#2449,.F.);
#3224=ORIENTED_EDGE('',*,*,#2441,.T.);
#3225=ORIENTED_EDGE('',*,*,#2251,.F.);
#3226=ORIENTED_EDGE('',*,*,#2449,.T.);
#3227=ORIENTED_EDGE('',*,*,#2140,.F.);
#3228=ORIENTED_EDGE('',*,*,#2450,.F.);
#3229=ORIENTED_EDGE('',*,*,#2451,.T.);
#3230=ORIENTED_EDGE('',*,*,#2129,.F.);
#3231=ORIENTED_EDGE('',*,*,#2452,.F.);
#3232=ORIENTED_EDGE('',*,*,#2206,.F.);
#3233=ORIENTED_EDGE('',*,*,#2201,.F.);
#3234=ORIENTED_EDGE('',*,*,#2202,.F.);
#3235=ORIENTED_EDGE('',*,*,#2405,.F.);
#3236=ORIENTED_EDGE('',*,*,#2452,.T.);
#3237=ORIENTED_EDGE('',*,*,#2128,.F.);
#3238=ORIENTED_EDGE('',*,*,#2453,.F.);
#3239=ORIENTED_EDGE('',*,*,#2207,.F.);
#3240=ORIENTED_EDGE('',*,*,#2453,.T.);
#3241=ORIENTED_EDGE('',*,*,#2127,.F.);
#3242=ORIENTED_EDGE('',*,*,#2454,.T.);
#3243=ORIENTED_EDGE('',*,*,#2205,.F.);
#3244=ORIENTED_EDGE('',*,*,#2454,.F.);
#3245=ORIENTED_EDGE('',*,*,#2126,.F.);
#3246=ORIENTED_EDGE('',*,*,#2455,.F.);
#3247=ORIENTED_EDGE('',*,*,#2403,.F.);
#3248=ORIENTED_EDGE('',*,*,#2203,.F.);
#3249=ORIENTED_EDGE('',*,*,#2199,.F.);
#3250=ORIENTED_EDGE('',*,*,#2456,.F.);
#3251=ORIENTED_EDGE('',*,*,#2455,.T.);
#3252=ORIENTED_EDGE('',*,*,#2125,.F.);
#3253=ORIENTED_EDGE('',*,*,#2457,.F.);
#3254=ORIENTED_EDGE('',*,*,#2215,.F.);
#3255=ORIENTED_EDGE('',*,*,#2212,.F.);
#3256=ORIENTED_EDGE('',*,*,#2401,.F.);
#3257=ORIENTED_EDGE('',*,*,#2457,.T.);
#3258=ORIENTED_EDGE('',*,*,#2124,.F.);
#3259=ORIENTED_EDGE('',*,*,#2458,.F.);
#3260=ORIENTED_EDGE('',*,*,#2216,.F.);
#3261=ORIENTED_EDGE('',*,*,#2458,.T.);
#3262=ORIENTED_EDGE('',*,*,#2123,.F.);
#3263=ORIENTED_EDGE('',*,*,#2459,.F.);
#3264=ORIENTED_EDGE('',*,*,#2218,.F.);
#3265=ORIENTED_EDGE('',*,*,#2459,.T.);
#3266=ORIENTED_EDGE('',*,*,#2122,.F.);
#3267=ORIENTED_EDGE('',*,*,#2460,.T.);
#3268=ORIENTED_EDGE('',*,*,#2223,.F.);
#3269=ORIENTED_EDGE('',*,*,#2395,.F.);
#3270=ORIENTED_EDGE('',*,*,#2461,.T.);
#3271=ORIENTED_EDGE('',*,*,#2396,.T.);
#3272=ORIENTED_EDGE('',*,*,#2221,.F.);
#3273=ORIENTED_EDGE('',*,*,#2460,.F.);
#3274=ORIENTED_EDGE('',*,*,#2121,.F.);
#3275=ORIENTED_EDGE('',*,*,#2462,.F.);
#3276=ORIENTED_EDGE('',*,*,#2225,.F.);
#3277=ORIENTED_EDGE('',*,*,#2462,.T.);
#3278=ORIENTED_EDGE('',*,*,#2120,.F.);
#3279=ORIENTED_EDGE('',*,*,#2463,.F.);
#3280=ORIENTED_EDGE('',*,*,#2275,.T.);
#3281=ORIENTED_EDGE('',*,*,#2385,.T.);
#3282=ORIENTED_EDGE('',*,*,#2464,.T.);
#3283=ORIENTED_EDGE('',*,*,#2276,.T.);
#3284=ORIENTED_EDGE('',*,*,#2463,.T.);
#3285=ORIENTED_EDGE('',*,*,#2119,.F.);
#3286=ORIENTED_EDGE('',*,*,#2465,.F.);
#3287=ORIENTED_EDGE('',*,*,#2233,.F.);
#3288=ORIENTED_EDGE('',*,*,#2253,.F.);
#3289=ORIENTED_EDGE('',*,*,#2255,.F.);
#3290=ORIENTED_EDGE('',*,*,#2277,.T.);
#3291=ORIENTED_EDGE('',*,*,#2464,.F.);
#3292=ORIENTED_EDGE('',*,*,#2118,.F.);
#3293=ORIENTED_EDGE('',*,*,#2465,.T.);
#3294=ORIENTED_EDGE('',*,*,#2117,.F.);
#3295=ORIENTED_EDGE('',*,*,#2466,.T.);
#3296=ORIENTED_EDGE('',*,*,#2234,.F.);
#3297=ORIENTED_EDGE('',*,*,#2467,.T.);
#3298=ORIENTED_EDGE('',*,*,#2235,.F.);
#3299=ORIENTED_EDGE('',*,*,#2466,.F.);
#3300=ORIENTED_EDGE('',*,*,#2116,.F.);
#3301=ORIENTED_EDGE('',*,*,#2468,.F.);
#3302=ORIENTED_EDGE('',*,*,#2236,.F.);
#3303=ORIENTED_EDGE('',*,*,#2467,.F.);
#3304=ORIENTED_EDGE('',*,*,#2115,.F.);
#3305=ORIENTED_EDGE('',*,*,#2469,.F.);
#3306=ORIENTED_EDGE('',*,*,#2237,.T.);
#3307=ORIENTED_EDGE('',*,*,#2468,.T.);
#3308=ORIENTED_EDGE('',*,*,#2114,.F.);
#3309=ORIENTED_EDGE('',*,*,#2470,.T.);
#3310=ORIENTED_EDGE('',*,*,#2238,.T.);
#3311=ORIENTED_EDGE('',*,*,#2469,.T.);
#3312=ORIENTED_EDGE('',*,*,#2113,.F.);
#3313=ORIENTED_EDGE('',*,*,#2471,.F.);
#3314=ORIENTED_EDGE('',*,*,#2239,.F.);
#3315=ORIENTED_EDGE('',*,*,#2470,.F.);
#3316=ORIENTED_EDGE('',*,*,#2112,.F.);
#3317=ORIENTED_EDGE('',*,*,#2472,.F.);
#3318=ORIENTED_EDGE('',*,*,#2240,.F.);
#3319=ORIENTED_EDGE('',*,*,#2471,.T.);
#3320=ORIENTED_EDGE('',*,*,#2111,.F.);
#3321=ORIENTED_EDGE('',*,*,#2473,.F.);
#3322=ORIENTED_EDGE('',*,*,#2241,.F.);
#3323=ORIENTED_EDGE('',*,*,#2472,.T.);
#3324=ORIENTED_EDGE('',*,*,#2110,.F.);
#3325=ORIENTED_EDGE('',*,*,#2473,.T.);
#3326=ORIENTED_EDGE('',*,*,#2109,.F.);
#3327=ORIENTED_EDGE('',*,*,#2474,.F.);
#3328=ORIENTED_EDGE('',*,*,#2226,.F.);
#3329=ORIENTED_EDGE('',*,*,#2227,.T.);
#3330=ORIENTED_EDGE('',*,*,#2474,.T.);
#3331=ORIENTED_EDGE('',*,*,#2108,.F.);
#3332=ORIENTED_EDGE('',*,*,#2475,.T.);
#3333=ORIENTED_EDGE('',*,*,#2476,.F.);
#3334=ORIENTED_EDGE('',*,*,#2228,.F.);
#3335=ORIENTED_EDGE('',*,*,#2475,.F.);
#3336=ORIENTED_EDGE('',*,*,#2107,.F.);
#3337=ORIENTED_EDGE('',*,*,#2476,.T.);
#3338=ORIENTED_EDGE('',*,*,#2106,.F.);
#3339=ORIENTED_EDGE('',*,*,#2477,.T.);
#3340=ORIENTED_EDGE('',*,*,#2229,.T.);
#3341=ORIENTED_EDGE('',*,*,#2478,.T.);
#3342=ORIENTED_EDGE('',*,*,#2230,.T.);
#3343=ORIENTED_EDGE('',*,*,#2477,.F.);
#3344=ORIENTED_EDGE('',*,*,#2105,.F.);
#3345=ORIENTED_EDGE('',*,*,#2478,.F.);
#3346=ORIENTED_EDGE('',*,*,#2104,.F.);
#3347=ORIENTED_EDGE('',*,*,#2479,.T.);
#3348=ORIENTED_EDGE('',*,*,#2278,.T.);
#3349=ORIENTED_EDGE('',*,*,#2256,.T.);
#3350=ORIENTED_EDGE('',*,*,#2254,.T.);
#3351=ORIENTED_EDGE('',*,*,#2231,.T.);
#3352=ORIENTED_EDGE('',*,*,#2480,.T.);
#3353=ORIENTED_EDGE('',*,*,#2279,.T.);
#3354=ORIENTED_EDGE('',*,*,#2479,.F.);
#3355=ORIENTED_EDGE('',*,*,#2103,.F.);
#3356=ORIENTED_EDGE('',*,*,#2271,.F.);
#3357=ORIENTED_EDGE('',*,*,#2480,.F.);
#3358=ORIENTED_EDGE('',*,*,#2102,.F.);
#3359=ORIENTED_EDGE('',*,*,#2481,.F.);
#3360=ORIENTED_EDGE('',*,*,#2381,.F.);
#3361=ORIENTED_EDGE('',*,*,#2482,.F.);
#3362=ORIENTED_EDGE('',*,*,#2384,.T.);
#3363=ORIENTED_EDGE('',*,*,#2283,.T.);
#3364=ORIENTED_EDGE('',*,*,#2280,.F.);
#3365=ORIENTED_EDGE('',*,*,#2272,.T.);
#3366=ORIENTED_EDGE('',*,*,#2481,.T.);
#3367=ORIENTED_EDGE('',*,*,#2101,.F.);
#3368=ORIENTED_EDGE('',*,*,#2483,.F.);
#3369=ORIENTED_EDGE('',*,*,#2320,.F.);
#3370=ORIENTED_EDGE('',*,*,#2270,.T.);
#3371=ORIENTED_EDGE('',*,*,#2264,.F.);
#3372=ORIENTED_EDGE('',*,*,#2370,.F.);
#3373=ORIENTED_EDGE('',*,*,#2484,.F.);
#3374=ORIENTED_EDGE('',*,*,#2373,.F.);
#3375=ORIENTED_EDGE('',*,*,#2259,.T.);
#3376=ORIENTED_EDGE('',*,*,#2321,.T.);
#3377=ORIENTED_EDGE('',*,*,#2483,.T.);
#3378=ORIENTED_EDGE('',*,*,#2100,.F.);
#3379=ORIENTED_EDGE('',*,*,#2485,.T.);
#3380=ORIENTED_EDGE('',*,*,#2485,.F.);
#3381=ORIENTED_EDGE('',*,*,#2099,.F.);
#3382=ORIENTED_EDGE('',*,*,#2486,.F.);
#3383=ORIENTED_EDGE('',*,*,#2322,.F.);
#3384=ORIENTED_EDGE('',*,*,#2487,.T.);
#3385=ORIENTED_EDGE('',*,*,#2296,.F.);
#3386=ORIENTED_EDGE('',*,*,#2313,.F.);
#3387=ORIENTED_EDGE('',*,*,#2317,.F.);
#3388=ORIENTED_EDGE('',*,*,#2323,.F.);
#3389=ORIENTED_EDGE('',*,*,#2486,.T.);
#3390=ORIENTED_EDGE('',*,*,#2098,.F.);
#3391=ORIENTED_EDGE('',*,*,#2487,.F.);
#3392=ORIENTED_EDGE('',*,*,#2097,.F.);
#3393=ORIENTED_EDGE('',*,*,#2488,.T.);
#3394=ORIENTED_EDGE('',*,*,#2297,.F.);
#3395=ORIENTED_EDGE('',*,*,#2489,.F.);
#3396=ORIENTED_EDGE('',*,*,#2298,.F.);
#3397=ORIENTED_EDGE('',*,*,#2488,.F.);
#3398=ORIENTED_EDGE('',*,*,#2096,.F.);
#3399=ORIENTED_EDGE('',*,*,#2490,.T.);
#3400=ORIENTED_EDGE('',*,*,#2299,.T.);
#3401=ORIENTED_EDGE('',*,*,#2489,.T.);
#3402=ORIENTED_EDGE('',*,*,#2095,.F.);
#3403=ORIENTED_EDGE('',*,*,#2300,.F.);
#3404=ORIENTED_EDGE('',*,*,#2490,.F.);
#3405=ORIENTED_EDGE('',*,*,#2094,.F.);
#3406=ORIENTED_EDGE('',*,*,#2491,.F.);
#3407=ORIENTED_EDGE('',*,*,#2492,.F.);
#3408=ORIENTED_EDGE('',*,*,#2301,.T.);
#3409=ORIENTED_EDGE('',*,*,#2491,.T.);
#3410=ORIENTED_EDGE('',*,*,#2093,.F.);
#3411=ORIENTED_EDGE('',*,*,#2493,.F.);
#3412=ORIENTED_EDGE('',*,*,#2286,.F.);
#3413=ORIENTED_EDGE('',*,*,#2492,.T.);
#3414=ORIENTED_EDGE('',*,*,#2092,.F.);
#3415=ORIENTED_EDGE('',*,*,#2494,.F.);
#3416=ORIENTED_EDGE('',*,*,#2287,.F.);
#3417=ORIENTED_EDGE('',*,*,#2493,.T.);
#3418=ORIENTED_EDGE('',*,*,#2091,.F.);
#3419=ORIENTED_EDGE('',*,*,#2495,.T.);
#3420=ORIENTED_EDGE('',*,*,#2288,.F.);
#3421=ORIENTED_EDGE('',*,*,#2494,.T.);
#3422=ORIENTED_EDGE('',*,*,#2090,.F.);
#3423=ORIENTED_EDGE('',*,*,#2495,.F.);
#3424=ORIENTED_EDGE('',*,*,#2089,.F.);
#3425=ORIENTED_EDGE('',*,*,#2496,.F.);
#3426=ORIENTED_EDGE('',*,*,#2289,.F.);
#3427=ORIENTED_EDGE('',*,*,#2497,.F.);
#3428=ORIENTED_EDGE('',*,*,#2290,.F.);
#3429=ORIENTED_EDGE('',*,*,#2496,.T.);
#3430=ORIENTED_EDGE('',*,*,#2088,.F.);
#3431=ORIENTED_EDGE('',*,*,#2498,.F.);
#3432=ORIENTED_EDGE('',*,*,#2291,.T.);
#3433=ORIENTED_EDGE('',*,*,#2497,.T.);
#3434=ORIENTED_EDGE('',*,*,#2087,.F.);
#3435=ORIENTED_EDGE('',*,*,#2498,.T.);
#3436=ORIENTED_EDGE('',*,*,#2086,.F.);
#3437=ORIENTED_EDGE('',*,*,#2499,.F.);
#3438=ORIENTED_EDGE('',*,*,#2292,.T.);
#3439=ORIENTED_EDGE('',*,*,#2500,.F.);
#3440=ORIENTED_EDGE('',*,*,#2293,.T.);
#3441=ORIENTED_EDGE('',*,*,#2499,.T.);
#3442=ORIENTED_EDGE('',*,*,#2085,.F.);
#3443=ORIENTED_EDGE('',*,*,#2500,.T.);
#3444=ORIENTED_EDGE('',*,*,#2084,.F.);
#3445=ORIENTED_EDGE('',*,*,#2501,.T.);
#3446=ORIENTED_EDGE('',*,*,#2324,.F.);
#3447=ORIENTED_EDGE('',*,*,#2315,.T.);
#3448=ORIENTED_EDGE('',*,*,#2314,.T.);
#3449=ORIENTED_EDGE('',*,*,#2294,.T.);
#3450=ORIENTED_EDGE('',*,*,#2325,.F.);
#3451=ORIENTED_EDGE('',*,*,#2501,.F.);
#3452=ORIENTED_EDGE('',*,*,#2083,.F.);
#3453=ORIENTED_EDGE('',*,*,#2502,.F.);
#3454=ORIENTED_EDGE('',*,*,#2326,.F.);
#3455=ORIENTED_EDGE('',*,*,#2368,.T.);
#3456=ORIENTED_EDGE('',*,*,#2318,.F.);
#3457=ORIENTED_EDGE('',*,*,#2502,.T.);
#3458=ORIENTED_EDGE('',*,*,#2082,.F.);
#3459=ORIENTED_EDGE('',*,*,#2503,.T.);
#3460=ORIENTED_EDGE('',*,*,#2333,.F.);
#3461=ORIENTED_EDGE('',*,*,#2503,.F.);
#3462=ORIENTED_EDGE('',*,*,#2081,.F.);
#3463=ORIENTED_EDGE('',*,*,#2504,.F.);
#3464=ORIENTED_EDGE('',*,*,#2329,.F.);
#3465=ORIENTED_EDGE('',*,*,#2356,.F.);
#3466=ORIENTED_EDGE('',*,*,#2505,.T.);
#3467=ORIENTED_EDGE('',*,*,#2357,.T.);
#3468=ORIENTED_EDGE('',*,*,#2334,.F.);
#3469=ORIENTED_EDGE('',*,*,#2504,.T.);
#3470=ORIENTED_EDGE('',*,*,#2080,.F.);
#3471=ORIENTED_EDGE('',*,*,#2506,.T.);
#3472=ORIENTED_EDGE('',*,*,#2343,.F.);
#3473=ORIENTED_EDGE('',*,*,#2506,.F.);
#3474=ORIENTED_EDGE('',*,*,#2079,.F.);
#3475=ORIENTED_EDGE('',*,*,#2507,.T.);
#3476=ORIENTED_EDGE('',*,*,#2342,.F.);
#3477=ORIENTED_EDGE('',*,*,#2507,.F.);
#3478=ORIENTED_EDGE('',*,*,#2078,.F.);
#3479=ORIENTED_EDGE('',*,*,#2451,.F.);
#3480=ORIENTED_EDGE('',*,*,#2406,.F.);
#3481=ORIENTED_EDGE('',*,*,#2338,.F.);
#3482=ORIENTED_EDGE('',*,*,#2508,.T.);
#3483=ORIENTED_EDGE('',*,*,#2408,.F.);
#3484=ORIENTED_EDGE('',*,*,#2509,.F.);
#3485=ORIENTED_EDGE('',*,*,#2413,.F.);
#3486=ORIENTED_EDGE('',*,*,#2510,.F.);
#3487=ORIENTED_EDGE('',*,*,#2139,.F.);
#3488=ORIENTED_EDGE('',*,*,#2409,.F.);
#3489=ORIENTED_EDGE('',*,*,#2508,.F.);
#3490=ORIENTED_EDGE('',*,*,#2138,.F.);
#3491=ORIENTED_EDGE('',*,*,#2511,.T.);
#3492=ORIENTED_EDGE('',*,*,#2512,.T.);
#3493=ORIENTED_EDGE('',*,*,#2417,.F.);
#3494=ORIENTED_EDGE('',*,*,#2513,.F.);
#3495=ORIENTED_EDGE('',*,*,#2410,.F.);
#3496=ORIENTED_EDGE('',*,*,#2511,.F.);
#3497=ORIENTED_EDGE('',*,*,#2137,.F.);
#3498=ORIENTED_EDGE('',*,*,#2418,.F.);
#3499=ORIENTED_EDGE('',*,*,#2512,.F.);
#3500=ORIENTED_EDGE('',*,*,#2136,.F.);
#3501=ORIENTED_EDGE('',*,*,#2514,.F.);
#3502=ORIENTED_EDGE('',*,*,#2412,.F.);
#3503=ORIENTED_EDGE('',*,*,#2514,.T.);
#3504=ORIENTED_EDGE('',*,*,#2135,.F.);
#3505=ORIENTED_EDGE('',*,*,#2510,.T.);
#3506=ORIENTED_EDGE('',*,*,#2515,.T.);
#3507=ORIENTED_EDGE('',*,*,#2424,.F.);
#3508=ORIENTED_EDGE('',*,*,#2516,.T.);
#3509=ORIENTED_EDGE('',*,*,#2427,.F.);
#3510=ORIENTED_EDGE('',*,*,#2517,.F.);
#3511=ORIENTED_EDGE('',*,*,#2134,.F.);
#3512=ORIENTED_EDGE('',*,*,#2425,.F.);
#3513=ORIENTED_EDGE('',*,*,#2515,.F.);
#3514=ORIENTED_EDGE('',*,*,#2133,.F.);
#3515=ORIENTED_EDGE('',*,*,#2518,.F.);
#3516=ORIENTED_EDGE('',*,*,#2419,.F.);
#3517=ORIENTED_EDGE('',*,*,#2518,.T.);
#3518=ORIENTED_EDGE('',*,*,#2132,.F.);
#3519=ORIENTED_EDGE('',*,*,#2519,.T.);
#3520=ORIENTED_EDGE('',*,*,#2429,.F.);
#3521=ORIENTED_EDGE('',*,*,#2520,.T.);
#3522=ORIENTED_EDGE('',*,*,#2420,.F.);
#3523=ORIENTED_EDGE('',*,*,#2519,.F.);
#3524=ORIENTED_EDGE('',*,*,#2131,.F.);
#3525=ORIENTED_EDGE('',*,*,#2521,.F.);
#3526=ORIENTED_EDGE('',*,*,#2517,.T.);
#3527=ORIENTED_EDGE('',*,*,#2426,.F.);
#3528=ORIENTED_EDGE('',*,*,#2521,.T.);
#3529=ORIENTED_EDGE('',*,*,#2130,.F.);
#3530=ORIENTED_EDGE('',*,*,#2063,.T.);
#3531=ORIENTED_EDGE('',*,*,#2522,.T.);
#3532=ORIENTED_EDGE('',*,*,#2523,.T.);
#3533=ORIENTED_EDGE('',*,*,#2067,.T.);
#3534=ORIENTED_EDGE('',*,*,#2062,.T.);
#3535=ORIENTED_EDGE('',*,*,#2066,.F.);
#3536=ORIENTED_EDGE('',*,*,#2524,.F.);
#3537=ORIENTED_EDGE('',*,*,#2522,.F.);
#3538=ORIENTED_EDGE('',*,*,#2407,.T.);
#3539=ORIENTED_EDGE('',*,*,#2450,.T.);
#3540=ORIENTED_EDGE('',*,*,#2404,.T.);
#3541=ORIENTED_EDGE('',*,*,#2456,.T.);
#3542=ORIENTED_EDGE('',*,*,#2402,.T.);
#3543=ORIENTED_EDGE('',*,*,#2399,.T.);
#3544=ORIENTED_EDGE('',*,*,#2397,.T.);
#3545=ORIENTED_EDGE('',*,*,#2461,.F.);
#3546=ORIENTED_EDGE('',*,*,#2394,.T.);
#3547=ORIENTED_EDGE('',*,*,#2392,.T.);
#3548=ORIENTED_EDGE('',*,*,#2390,.T.);
#3549=ORIENTED_EDGE('',*,*,#2388,.T.);
#3550=ORIENTED_EDGE('',*,*,#2386,.T.);
#3551=ORIENTED_EDGE('',*,*,#2382,.F.);
#3552=ORIENTED_EDGE('',*,*,#2482,.T.);
#3553=ORIENTED_EDGE('',*,*,#2380,.F.);
#3554=ORIENTED_EDGE('',*,*,#2378,.T.);
#3555=ORIENTED_EDGE('',*,*,#2377,.T.);
#3556=ORIENTED_EDGE('',*,*,#2375,.F.);
#3557=ORIENTED_EDGE('',*,*,#2371,.F.);
#3558=ORIENTED_EDGE('',*,*,#2484,.T.);
#3559=ORIENTED_EDGE('',*,*,#2369,.T.);
#3560=ORIENTED_EDGE('',*,*,#2366,.T.);
#3561=ORIENTED_EDGE('',*,*,#2364,.T.);
#3562=ORIENTED_EDGE('',*,*,#2362,.T.);
#3563=ORIENTED_EDGE('',*,*,#2360,.T.);
#3564=ORIENTED_EDGE('',*,*,#2358,.T.);
#3565=ORIENTED_EDGE('',*,*,#2505,.F.);
#3566=ORIENTED_EDGE('',*,*,#2355,.T.);
#3567=ORIENTED_EDGE('',*,*,#2352,.T.);
#3568=ORIENTED_EDGE('',*,*,#2428,.F.);
#3569=ORIENTED_EDGE('',*,*,#2516,.F.);
#3570=ORIENTED_EDGE('',*,*,#2423,.F.);
#3571=ORIENTED_EDGE('',*,*,#2421,.F.);
#3572=ORIENTED_EDGE('',*,*,#2520,.F.);
#3573=ORIENTED_EDGE('',*,*,#2513,.T.);
#3574=ORIENTED_EDGE('',*,*,#2416,.F.);
#3575=ORIENTED_EDGE('',*,*,#2414,.F.);
#3576=ORIENTED_EDGE('',*,*,#2509,.T.);
#3577=ORIENTED_EDGE('',*,*,#2411,.F.);
#3578=ORIENTED_EDGE('',*,*,#2351,.T.);
#3579=ORIENTED_EDGE('',*,*,#2349,.T.);
#3580=ORIENTED_EDGE('',*,*,#2347,.F.);
#3581=ORIENTED_EDGE('',*,*,#2344,.F.);
#3582=ORIENTED_EDGE('',*,*,#2068,.T.);
#3583=ORIENTED_EDGE('',*,*,#2523,.F.);
#3584=ORIENTED_EDGE('',*,*,#2524,.T.);
#3585=ORIENTED_EDGE('',*,*,#2065,.F.);
#3586=ORIENTED_EDGE('',*,*,#2074,.T.);
#3587=ORIENTED_EDGE('',*,*,#2077,.T.);
#3588=ORIENTED_EDGE('',*,*,#2161,.T.);
#3589=ORIENTED_EDGE('',*,*,#2525,.T.);
#3590=ORIENTED_EDGE('',*,*,#2071,.T.);
#3591=ORIENTED_EDGE('',*,*,#2075,.T.);
#3592=ORIENTED_EDGE('',*,*,#2525,.F.);
#3593=ORIENTED_EDGE('',*,*,#2160,.T.);
#3594=ORIENTED_EDGE('',*,*,#2526,.T.);
#3595=ORIENTED_EDGE('',*,*,#2527,.T.);
#3596=ORIENTED_EDGE('',*,*,#2528,.T.);
#3597=ORIENTED_EDGE('',*,*,#2529,.T.);
#3598=ORIENTED_EDGE('',*,*,#2530,.T.);
#3599=ORIENTED_EDGE('',*,*,#2531,.T.);
#3600=ORIENTED_EDGE('',*,*,#2532,.T.);
#3601=ORIENTED_EDGE('',*,*,#2533,.T.);
#3602=ORIENTED_EDGE('',*,*,#2534,.T.);
#3603=ORIENTED_EDGE('',*,*,#2535,.F.);
#3604=ORIENTED_EDGE('',*,*,#2536,.T.);
#3605=ORIENTED_EDGE('',*,*,#2533,.F.);
#3606=ORIENTED_EDGE('',*,*,#2530,.F.);
#3607=ORIENTED_EDGE('',*,*,#2537,.F.);
#3608=ORIENTED_EDGE('',*,*,#2538,.F.);
#3609=ORIENTED_EDGE('',*,*,#2539,.T.);
#3610=ORIENTED_EDGE('',*,*,#2536,.F.);
#3611=ORIENTED_EDGE('',*,*,#2540,.F.);
#3612=ORIENTED_EDGE('',*,*,#2541,.T.);
#3613=ORIENTED_EDGE('',*,*,#2537,.T.);
#3614=ORIENTED_EDGE('',*,*,#2542,.T.);
#3615=ORIENTED_EDGE('',*,*,#2543,.T.);
#3616=ORIENTED_EDGE('',*,*,#2544,.T.);
#3617=ORIENTED_EDGE('',*,*,#2545,.T.);
#3618=ORIENTED_EDGE('',*,*,#2546,.T.);
#3619=ORIENTED_EDGE('',*,*,#2547,.T.);
#3620=ORIENTED_EDGE('',*,*,#2548,.T.);
#3621=ORIENTED_EDGE('',*,*,#2545,.F.);
#3622=ORIENTED_EDGE('',*,*,#2531,.F.);
#3623=ORIENTED_EDGE('',*,*,#2539,.F.);
#3624=ORIENTED_EDGE('',*,*,#2549,.F.);
#3625=ORIENTED_EDGE('',*,*,#2550,.F.);
#3626=ORIENTED_EDGE('',*,*,#2547,.F.);
#3627=ORIENTED_EDGE('',*,*,#2551,.F.);
#3628=ORIENTED_EDGE('',*,*,#2532,.F.);
#3629=ORIENTED_EDGE('',*,*,#2551,.T.);
#3630=ORIENTED_EDGE('',*,*,#2546,.F.);
#3631=ORIENTED_EDGE('',*,*,#2544,.F.);
#3632=ORIENTED_EDGE('',*,*,#2552,.T.);
#3633=ORIENTED_EDGE('',*,*,#2553,.T.);
#3634=ORIENTED_EDGE('',*,*,#2554,.T.);
#3635=ORIENTED_EDGE('',*,*,#2534,.F.);
#3636=ORIENTED_EDGE('',*,*,#2555,.T.);
#3637=ORIENTED_EDGE('',*,*,#2556,.T.);
#3638=ORIENTED_EDGE('',*,*,#2557,.T.);
#3639=ORIENTED_EDGE('',*,*,#2558,.T.);
#3640=ORIENTED_EDGE('',*,*,#2557,.F.);
#3641=ORIENTED_EDGE('',*,*,#2559,.F.);
#3642=ORIENTED_EDGE('',*,*,#2560,.F.);
#3643=ORIENTED_EDGE('',*,*,#2561,.F.);
#3644=ORIENTED_EDGE('',*,*,#2552,.F.);
#3645=ORIENTED_EDGE('',*,*,#2543,.F.);
#3646=ORIENTED_EDGE('',*,*,#2562,.T.);
#3647=ORIENTED_EDGE('',*,*,#2556,.F.);
#3648=ORIENTED_EDGE('',*,*,#2563,.T.);
#3649=ORIENTED_EDGE('',*,*,#2564,.F.);
#3650=ORIENTED_EDGE('',*,*,#2559,.T.);
#3651=ORIENTED_EDGE('',*,*,#2560,.T.);
#3652=ORIENTED_EDGE('',*,*,#2564,.T.);
#3653=ORIENTED_EDGE('',*,*,#2565,.T.);
#3654=ORIENTED_EDGE('',*,*,#2566,.T.);
#3655=ORIENTED_EDGE('',*,*,#2566,.F.);
#3656=ORIENTED_EDGE('',*,*,#2567,.F.);
#3657=ORIENTED_EDGE('',*,*,#2553,.F.);
#3658=ORIENTED_EDGE('',*,*,#2561,.T.);
#3659=ORIENTED_EDGE('',*,*,#2555,.F.);
#3660=ORIENTED_EDGE('',*,*,#2568,.F.);
#3661=ORIENTED_EDGE('',*,*,#2535,.T.);
#3662=ORIENTED_EDGE('',*,*,#2554,.F.);
#3663=ORIENTED_EDGE('',*,*,#2567,.T.);
#3664=ORIENTED_EDGE('',*,*,#2565,.F.);
#3665=ORIENTED_EDGE('',*,*,#2563,.F.);
#3666=ORIENTED_EDGE('',*,*,#2542,.F.);
#3667=ORIENTED_EDGE('',*,*,#2569,.T.);
#3668=ORIENTED_EDGE('',*,*,#2570,.T.);
#3669=ORIENTED_EDGE('',*,*,#2571,.T.);
#3670=ORIENTED_EDGE('',*,*,#2558,.F.);
#3671=ORIENTED_EDGE('',*,*,#2562,.F.);
#3672=ORIENTED_EDGE('',*,*,#2571,.F.);
#3673=ORIENTED_EDGE('',*,*,#2572,.F.);
#3674=ORIENTED_EDGE('',*,*,#2573,.F.);
#3675=ORIENTED_EDGE('',*,*,#2526,.F.);
#3676=ORIENTED_EDGE('',*,*,#2574,.F.);
#3677=ORIENTED_EDGE('',*,*,#2575,.F.);
#3678=ORIENTED_EDGE('',*,*,#2540,.T.);
#3679=ORIENTED_EDGE('',*,*,#2568,.T.);
#3680=ORIENTED_EDGE('',*,*,#2576,.F.);
#3681=ORIENTED_EDGE('',*,*,#2577,.T.);
#3682=ORIENTED_EDGE('',*,*,#2578,.T.);
#3683=ORIENTED_EDGE('',*,*,#2579,.T.);
#3684=ORIENTED_EDGE('',*,*,#2570,.F.);
#3685=ORIENTED_EDGE('',*,*,#2580,.T.);
#3686=ORIENTED_EDGE('',*,*,#2549,.T.);
#3687=ORIENTED_EDGE('',*,*,#2538,.T.);
#3688=ORIENTED_EDGE('',*,*,#2541,.F.);
#3689=ORIENTED_EDGE('',*,*,#2575,.T.);
#3690=ORIENTED_EDGE('',*,*,#2581,.T.);
#3691=ORIENTED_EDGE('',*,*,#2582,.T.);
#3692=ORIENTED_EDGE('',*,*,#2583,.T.);
#3693=ORIENTED_EDGE('',*,*,#2576,.T.);
#3694=ORIENTED_EDGE('',*,*,#2584,.T.);
#3695=ORIENTED_EDGE('',*,*,#2585,.T.);
#3696=ORIENTED_EDGE('',*,*,#2586,.T.);
#3697=ORIENTED_EDGE('',*,*,#2572,.T.);
#3698=ORIENTED_EDGE('',*,*,#2578,.F.);
#3699=ORIENTED_EDGE('',*,*,#2587,.T.);
#3700=ORIENTED_EDGE('',*,*,#2588,.F.);
#3701=ORIENTED_EDGE('',*,*,#2589,.F.);
#3702=ORIENTED_EDGE('',*,*,#2579,.F.);
#3703=ORIENTED_EDGE('',*,*,#2589,.T.);
#3704=ORIENTED_EDGE('',*,*,#2590,.F.);
#3705=ORIENTED_EDGE('',*,*,#2584,.F.);
#3706=ORIENTED_EDGE('',*,*,#2573,.T.);
#3707=ORIENTED_EDGE('',*,*,#2586,.F.);
#3708=ORIENTED_EDGE('',*,*,#2591,.T.);
#3709=ORIENTED_EDGE('',*,*,#2527,.F.);
#3710=ORIENTED_EDGE('',*,*,#2574,.T.);
#3711=ORIENTED_EDGE('',*,*,#2529,.F.);
#3712=ORIENTED_EDGE('',*,*,#2592,.F.);
#3713=ORIENTED_EDGE('',*,*,#2581,.F.);
#3714=ORIENTED_EDGE('',*,*,#2577,.F.);
#3715=ORIENTED_EDGE('',*,*,#2583,.F.);
#3716=ORIENTED_EDGE('',*,*,#2593,.F.);
#3717=ORIENTED_EDGE('',*,*,#2587,.F.);
#3718=ORIENTED_EDGE('',*,*,#2593,.T.);
#3719=ORIENTED_EDGE('',*,*,#2582,.F.);
#3720=ORIENTED_EDGE('',*,*,#2592,.T.);
#3721=ORIENTED_EDGE('',*,*,#2528,.F.);
#3722=ORIENTED_EDGE('',*,*,#2591,.F.);
#3723=ORIENTED_EDGE('',*,*,#2585,.F.);
#3724=ORIENTED_EDGE('',*,*,#2590,.T.);
#3725=ORIENTED_EDGE('',*,*,#2588,.T.);
#3726=ORIENTED_EDGE('',*,*,#2548,.F.);
#3727=ORIENTED_EDGE('',*,*,#2550,.T.);
#3728=ORIENTED_EDGE('',*,*,#2580,.F.);
#3729=ORIENTED_EDGE('',*,*,#2569,.F.);
#3730=ORIENTED_EDGE('',*,*,#2594,.T.);
#3731=ORIENTED_EDGE('',*,*,#2595,.T.);
#3732=ORIENTED_EDGE('',*,*,#2596,.T.);
#3733=ORIENTED_EDGE('',*,*,#2597,.T.);
#3734=ORIENTED_EDGE('',*,*,#2598,.T.);
#3735=ORIENTED_EDGE('',*,*,#2599,.T.);
#3736=ORIENTED_EDGE('',*,*,#2600,.T.);
#3737=ORIENTED_EDGE('',*,*,#2601,.T.);
#3738=ORIENTED_EDGE('',*,*,#2602,.T.);
#3739=ORIENTED_EDGE('',*,*,#2603,.F.);
#3740=ORIENTED_EDGE('',*,*,#2604,.T.);
#3741=ORIENTED_EDGE('',*,*,#2601,.F.);
#3742=ORIENTED_EDGE('',*,*,#2598,.F.);
#3743=ORIENTED_EDGE('',*,*,#2605,.T.);
#3744=ORIENTED_EDGE('',*,*,#2606,.T.);
#3745=ORIENTED_EDGE('',*,*,#2607,.F.);
#3746=ORIENTED_EDGE('',*,*,#2604,.F.);
#3747=ORIENTED_EDGE('',*,*,#2608,.F.);
#3748=ORIENTED_EDGE('',*,*,#2609,.F.);
#3749=ORIENTED_EDGE('',*,*,#2605,.F.);
#3750=ORIENTED_EDGE('',*,*,#2610,.T.);
#3751=ORIENTED_EDGE('',*,*,#2611,.T.);
#3752=ORIENTED_EDGE('',*,*,#2612,.T.);
#3753=ORIENTED_EDGE('',*,*,#2613,.T.);
#3754=ORIENTED_EDGE('',*,*,#2614,.T.);
#3755=ORIENTED_EDGE('',*,*,#2615,.T.);
#3756=ORIENTED_EDGE('',*,*,#2616,.T.);
#3757=ORIENTED_EDGE('',*,*,#2613,.F.);
#3758=ORIENTED_EDGE('',*,*,#2599,.F.);
#3759=ORIENTED_EDGE('',*,*,#2607,.T.);
#3760=ORIENTED_EDGE('',*,*,#2617,.T.);
#3761=ORIENTED_EDGE('',*,*,#2618,.T.);
#3762=ORIENTED_EDGE('',*,*,#2615,.F.);
#3763=ORIENTED_EDGE('',*,*,#2619,.T.);
#3764=ORIENTED_EDGE('',*,*,#2600,.F.);
#3765=ORIENTED_EDGE('',*,*,#2619,.F.);
#3766=ORIENTED_EDGE('',*,*,#2614,.F.);
#3767=ORIENTED_EDGE('',*,*,#2612,.F.);
#3768=ORIENTED_EDGE('',*,*,#2620,.F.);
#3769=ORIENTED_EDGE('',*,*,#2621,.F.);
#3770=ORIENTED_EDGE('',*,*,#2622,.F.);
#3771=ORIENTED_EDGE('',*,*,#2602,.F.);
#3772=ORIENTED_EDGE('',*,*,#2623,.F.);
#3773=ORIENTED_EDGE('',*,*,#2624,.F.);
#3774=ORIENTED_EDGE('',*,*,#2625,.F.);
#3775=ORIENTED_EDGE('',*,*,#2626,.F.);
#3776=ORIENTED_EDGE('',*,*,#2625,.T.);
#3777=ORIENTED_EDGE('',*,*,#2627,.F.);
#3778=ORIENTED_EDGE('',*,*,#2603,.T.);
#3779=ORIENTED_EDGE('',*,*,#2622,.T.);
#3780=ORIENTED_EDGE('',*,*,#2628,.T.);
#3781=ORIENTED_EDGE('',*,*,#2629,.T.);
#3782=ORIENTED_EDGE('',*,*,#2630,.T.);
#3783=ORIENTED_EDGE('',*,*,#2626,.T.);
#3784=ORIENTED_EDGE('',*,*,#2630,.F.);
#3785=ORIENTED_EDGE('',*,*,#2631,.T.);
#3786=ORIENTED_EDGE('',*,*,#2632,.F.);
#3787=ORIENTED_EDGE('',*,*,#2629,.F.);
#3788=ORIENTED_EDGE('',*,*,#2633,.F.);
#3789=ORIENTED_EDGE('',*,*,#2634,.F.);
#3790=ORIENTED_EDGE('',*,*,#2631,.F.);
#3791=ORIENTED_EDGE('',*,*,#2633,.T.);
#3792=ORIENTED_EDGE('',*,*,#2628,.F.);
#3793=ORIENTED_EDGE('',*,*,#2621,.T.);
#3794=ORIENTED_EDGE('',*,*,#2635,.T.);
#3795=ORIENTED_EDGE('',*,*,#2623,.T.);
#3796=ORIENTED_EDGE('',*,*,#2632,.T.);
#3797=ORIENTED_EDGE('',*,*,#2634,.T.);
#3798=ORIENTED_EDGE('',*,*,#2635,.F.);
#3799=ORIENTED_EDGE('',*,*,#2620,.T.);
#3800=ORIENTED_EDGE('',*,*,#2611,.F.);
#3801=ORIENTED_EDGE('',*,*,#2636,.T.);
#3802=ORIENTED_EDGE('',*,*,#2624,.T.);
#3803=ORIENTED_EDGE('',*,*,#2636,.F.);
#3804=ORIENTED_EDGE('',*,*,#2637,.F.);
#3805=ORIENTED_EDGE('',*,*,#2638,.T.);
#3806=ORIENTED_EDGE('',*,*,#2639,.T.);
#3807=ORIENTED_EDGE('',*,*,#2594,.F.);
#3808=ORIENTED_EDGE('',*,*,#2640,.T.);
#3809=ORIENTED_EDGE('',*,*,#2641,.T.);
#3810=ORIENTED_EDGE('',*,*,#2608,.T.);
#3811=ORIENTED_EDGE('',*,*,#2627,.T.);
#3812=ORIENTED_EDGE('',*,*,#2642,.T.);
#3813=ORIENTED_EDGE('',*,*,#2643,.F.);
#3814=ORIENTED_EDGE('',*,*,#2644,.F.);
#3815=ORIENTED_EDGE('',*,*,#2645,.F.);
#3816=ORIENTED_EDGE('',*,*,#2609,.T.);
#3817=ORIENTED_EDGE('',*,*,#2641,.F.);
#3818=ORIENTED_EDGE('',*,*,#2646,.F.);
#3819=ORIENTED_EDGE('',*,*,#2647,.F.);
#3820=ORIENTED_EDGE('',*,*,#2648,.F.);
#3821=ORIENTED_EDGE('',*,*,#2642,.F.);
#3822=ORIENTED_EDGE('',*,*,#2649,.F.);
#3823=ORIENTED_EDGE('',*,*,#2650,.F.);
#3824=ORIENTED_EDGE('',*,*,#2651,.F.);
#3825=ORIENTED_EDGE('',*,*,#2638,.F.);
#3826=ORIENTED_EDGE('',*,*,#2652,.T.);
#3827=ORIENTED_EDGE('',*,*,#2653,.F.);
#3828=ORIENTED_EDGE('',*,*,#2617,.F.);
#3829=ORIENTED_EDGE('',*,*,#2606,.F.);
#3830=ORIENTED_EDGE('',*,*,#2610,.F.);
#3831=ORIENTED_EDGE('',*,*,#2654,.F.);
#3832=ORIENTED_EDGE('',*,*,#2652,.F.);
#3833=ORIENTED_EDGE('',*,*,#2637,.T.);
#3834=ORIENTED_EDGE('',*,*,#2616,.F.);
#3835=ORIENTED_EDGE('',*,*,#2618,.F.);
#3836=ORIENTED_EDGE('',*,*,#2653,.T.);
#3837=ORIENTED_EDGE('',*,*,#2654,.T.);
#3838=ORIENTED_EDGE('',*,*,#2644,.T.);
#3839=ORIENTED_EDGE('',*,*,#2655,.T.);
#3840=ORIENTED_EDGE('',*,*,#2656,.T.);
#3841=ORIENTED_EDGE('',*,*,#2657,.F.);
#3842=ORIENTED_EDGE('',*,*,#2643,.T.);
#3843=ORIENTED_EDGE('',*,*,#2648,.T.);
#3844=ORIENTED_EDGE('',*,*,#2658,.T.);
#3845=ORIENTED_EDGE('',*,*,#2655,.F.);
#3846=ORIENTED_EDGE('',*,*,#2640,.F.);
#3847=ORIENTED_EDGE('',*,*,#2597,.F.);
#3848=ORIENTED_EDGE('',*,*,#2659,.F.);
#3849=ORIENTED_EDGE('',*,*,#2646,.T.);
#3850=ORIENTED_EDGE('',*,*,#2639,.F.);
#3851=ORIENTED_EDGE('',*,*,#2651,.T.);
#3852=ORIENTED_EDGE('',*,*,#2660,.T.);
#3853=ORIENTED_EDGE('',*,*,#2595,.F.);
#3854=ORIENTED_EDGE('',*,*,#2645,.T.);
#3855=ORIENTED_EDGE('',*,*,#2657,.T.);
#3856=ORIENTED_EDGE('',*,*,#2661,.T.);
#3857=ORIENTED_EDGE('',*,*,#2649,.T.);
#3858=ORIENTED_EDGE('',*,*,#2661,.F.);
#3859=ORIENTED_EDGE('',*,*,#2656,.F.);
#3860=ORIENTED_EDGE('',*,*,#2658,.F.);
#3861=ORIENTED_EDGE('',*,*,#2647,.T.);
#3862=ORIENTED_EDGE('',*,*,#2659,.T.);
#3863=ORIENTED_EDGE('',*,*,#2596,.F.);
#3864=ORIENTED_EDGE('',*,*,#2660,.F.);
#3865=ORIENTED_EDGE('',*,*,#2650,.T.);
#3866=PLANE('',#4285);
#3867=PLANE('',#4286);
#3868=PLANE('',#4287);
#3869=PLANE('',#4288);
#3870=PLANE('',#4289);
#3871=PLANE('',#4290);
#3872=PLANE('',#4291);
#3873=PLANE('',#4300);
#3874=PLANE('',#4301);
#3875=PLANE('',#4305);
#3876=PLANE('',#4306);
#3877=PLANE('',#4308);
#3878=PLANE('',#4309);
#3879=PLANE('',#4313);
#3880=PLANE('',#4314);
#3881=PLANE('',#4316);
#3882=PLANE('',#4320);
#3883=PLANE('',#4321);
#3884=PLANE('',#4323);
#3885=PLANE('',#4326);
#3886=PLANE('',#4327);
#3887=PLANE('',#4330);
#3888=PLANE('',#4333);
#3889=PLANE('',#4334);
#3890=PLANE('',#4335);
#3891=PLANE('',#4336);
#3892=PLANE('',#4337);
#3893=PLANE('',#4338);
#3894=PLANE('',#4340);
#3895=PLANE('',#4341);
#3896=PLANE('',#4342);
#3897=PLANE('',#4345);
#3898=PLANE('',#4346);
#3899=PLANE('',#4347);
#3900=PLANE('',#4351);
#3901=PLANE('',#4352);
#3902=PLANE('',#4356);
#3903=PLANE('',#4357);
#3904=PLANE('',#4358);
#3905=PLANE('',#4359);
#3906=PLANE('',#4360);
#3907=PLANE('',#4361);
#3908=PLANE('',#4362);
#3909=PLANE('',#4363);
#3910=PLANE('',#4364);
#3911=PLANE('',#4365);
#3912=PLANE('',#4366);
#3913=PLANE('',#4367);
#3914=PLANE('',#4368);
#3915=PLANE('',#4369);
#3916=PLANE('',#4370);
#3917=PLANE('',#4371);
#3918=PLANE('',#4372);
#3919=PLANE('',#4373);
#3920=PLANE('',#4374);
#3921=PLANE('',#4375);
#3922=PLANE('',#4376);
#3923=PLANE('',#4377);
#3924=PLANE('',#4378);
#3925=PLANE('',#4379);
#3926=PLANE('',#4380);
#3927=PLANE('',#4381);
#3928=PLANE('',#4382);
#3929=PLANE('',#4383);
#3930=PLANE('',#4384);
#3931=PLANE('',#4385);
#3932=PLANE('',#4386);
#3933=PLANE('',#4387);
#3934=PLANE('',#4388);
#3935=PLANE('',#4389);
#3936=PLANE('',#4390);
#3937=PLANE('',#4391);
#3938=PLANE('',#4392);
#3939=PLANE('',#4393);
#3940=PLANE('',#4394);
#3941=PLANE('',#4395);
#3942=PLANE('',#4396);
#3943=PLANE('',#4397);
#3944=PLANE('',#4398);
#3945=PLANE('',#4399);
#3946=PLANE('',#4401);
#3947=PLANE('',#4402);
#3948=PLANE('',#4404);
#3949=PLANE('',#4405);
#3950=PLANE('',#4406);
#3951=PLANE('',#4407);
#3952=PLANE('',#4408);
#3953=PLANE('',#4409);
#3954=PLANE('',#4410);
#3955=PLANE('',#4411);
#3956=PLANE('',#4412);
#3957=PLANE('',#4413);
#3958=PLANE('',#4414);
#3959=PLANE('',#4415);
#3960=PLANE('',#4416);
#3961=PLANE('',#4417);
#3962=PLANE('',#4418);
#3963=PLANE('',#4420);
#3964=PLANE('',#4422);
#3965=PLANE('',#4423);
#3966=PLANE('',#4424);
#3967=PLANE('',#4425);
#3968=PLANE('',#4426);
#3969=PLANE('',#4427);
#3970=PLANE('',#4428);
#3971=PLANE('',#4429);
#3972=PLANE('',#4431);
#3973=PLANE('',#4432);
#3974=PLANE('',#4433);
#3975=PLANE('',#4434);
#3976=PLANE('',#4435);
#3977=PLANE('',#4436);
#3978=PLANE('',#4437);
#3979=PLANE('',#4438);
#3980=PLANE('',#4439);
#3981=PLANE('',#4440);
#3982=PLANE('',#4441);
#3983=PLANE('',#4442);
#3984=PLANE('',#4443);
#3985=PLANE('',#4444);
#3986=PLANE('',#4445);
#3987=PLANE('',#4446);
#3988=PLANE('',#4447);
#3989=PLANE('',#4448);
#3990=PLANE('',#4449);
#3991=PLANE('',#4451);
#3992=PLANE('',#4452);
#3993=PLANE('',#4453);
#3994=PLANE('',#4454);
#3995=PLANE('',#4455);
#3996=PLANE('',#4456);
#3997=PLANE('',#4457);
#3998=PLANE('',#4458);
#3999=PLANE('',#4460);
#4000=PLANE('',#4462);
#4001=PLANE('',#4463);
#4002=PLANE('',#4464);
#4003=PLANE('',#4465);
#4004=PLANE('',#4466);
#4005=PLANE('',#4467);
#4006=PLANE('',#4468);
#4007=PLANE('',#4469);
#4008=PLANE('',#4470);
#4009=PLANE('',#4471);
#4010=PLANE('',#4472);
#4011=PLANE('',#4473);
#4012=PLANE('',#4474);
#4013=PLANE('',#4475);
#4014=PLANE('',#4476);
#4015=PLANE('',#4477);
#4016=PLANE('',#4478);
#4017=PLANE('',#4479);
#4018=PLANE('',#4480);
#4019=PLANE('',#4481);
#4020=PLANE('',#4482);
#4021=PLANE('',#4483);
#4022=PLANE('',#4484);
#4023=PLANE('',#4485);
#4024=PLANE('',#4486);
#4025=PLANE('',#4487);
#4026=PLANE('',#4488);
#4027=PLANE('',#4489);
#4028=PLANE('',#4490);
#4029=PLANE('',#4491);
#4030=PLANE('',#4492);
#4031=PLANE('',#4493);
#4032=PLANE('',#4494);
#4033=PLANE('',#4495);
#4034=PLANE('',#4496);
#4035=PLANE('',#4497);
#4036=PLANE('',#4498);
#4037=PLANE('',#4499);
#4038=PLANE('',#4500);
#4039=PLANE('',#4501);
#4040=PLANE('',#4502);
#4041=PLANE('',#4503);
#4042=PLANE('',#4504);
#4043=PLANE('',#4505);
#4044=PLANE('',#4506);
#4045=PLANE('',#4507);
#4046=PLANE('',#4508);
#4047=PLANE('',#4509);
#4048=PLANE('',#4510);
#4049=PLANE('',#4511);
#4050=PLANE('',#4512);
#4051=PLANE('',#4513);
#4052=PLANE('',#4514);
#4053=PLANE('',#4515);
#4054=PLANE('',#4516);
#4055=PLANE('',#4517);
#4056=PLANE('',#4518);
#4057=PLANE('',#4519);
#4058=PLANE('',#4520);
#4059=PLANE('',#4521);
#4060=PLANE('',#4522);
#4061=PLANE('',#4523);
#4062=PLANE('',#4524);
#4063=PLANE('',#4525);
#4064=PLANE('',#4526);
#4065=PLANE('',#4527);
#4066=ADVANCED_FACE('',(#75),#3866,.T.);
#4067=ADVANCED_FACE('',(#76),#3867,.T.);
#4068=ADVANCED_FACE('',(#77),#3868,.T.);
#4069=ADVANCED_FACE('',(#78),#3869,.T.);
#4070=ADVANCED_FACE('',(#79),#3870,.T.);
#4071=ADVANCED_FACE('',(#80),#3871,.F.);
#4072=ADVANCED_FACE('',(#81,#34,#35,#36,#37),#3872,.F.);
#4073=ADVANCED_FACE('',(#82),#3873,.T.);
#4074=ADVANCED_FACE('',(#83),#3874,.T.);
#4075=ADVANCED_FACE('',(#84),#23,.T.);
#4076=ADVANCED_FACE('',(#85),#3875,.T.);
#4077=ADVANCED_FACE('',(#86),#3876,.T.);
#4078=ADVANCED_FACE('',(#87),#3877,.T.);
#4079=ADVANCED_FACE('',(#88),#3878,.T.);
#4080=ADVANCED_FACE('',(#89),#24,.T.);
#4081=ADVANCED_FACE('',(#90),#3879,.T.);
#4082=ADVANCED_FACE('',(#91),#3880,.T.);
#4083=ADVANCED_FACE('',(#92),#3881,.T.);
#4084=ADVANCED_FACE('',(#93),#25,.T.);
#4085=ADVANCED_FACE('',(#94),#3882,.T.);
#4086=ADVANCED_FACE('',(#95),#3883,.T.);
#4087=ADVANCED_FACE('',(#96),#3884,.T.);
#4088=ADVANCED_FACE('',(#97),#19,.T.);
#4089=ADVANCED_FACE('',(#98),#3885,.T.);
#4090=ADVANCED_FACE('',(#99),#3886,.T.);
#4091=ADVANCED_FACE('',(#100),#20,.T.);
#4092=ADVANCED_FACE('',(#101,#38),#3887,.F.);
#4093=ADVANCED_FACE('',(#102),#3888,.F.);
#4094=ADVANCED_FACE('',(#103),#3889,.F.);
#4095=ADVANCED_FACE('',(#104),#3890,.T.);
#4096=ADVANCED_FACE('',(#105),#3891,.T.);
#4097=ADVANCED_FACE('',(#106),#3892,.T.);
#4098=ADVANCED_FACE('',(#107),#3893,.F.);
#4099=ADVANCED_FACE('',(#108),#3894,.F.);
#4100=ADVANCED_FACE('',(#109),#3895,.F.);
#4101=ADVANCED_FACE('',(#110,#39),#3896,.T.);
#4102=ADVANCED_FACE('',(#111),#3897,.T.);
#4103=ADVANCED_FACE('',(#112),#3898,.T.);
#4104=ADVANCED_FACE('',(#113),#3899,.F.);
#4105=ADVANCED_FACE('',(#114),#21,.T.);
#4106=ADVANCED_FACE('',(#115),#3900,.T.);
#4107=ADVANCED_FACE('',(#116),#3901,.T.);
#4108=ADVANCED_FACE('',(#117),#22,.T.);
#4109=ADVANCED_FACE('',(#118),#3902,.T.);
#4110=ADVANCED_FACE('',(#119),#3903,.T.);
#4111=ADVANCED_FACE('',(#120),#3904,.T.);
#4112=ADVANCED_FACE('',(#121),#3905,.F.);
#4113=ADVANCED_FACE('',(#122),#3906,.F.);
#4114=ADVANCED_FACE('',(#123),#3907,.T.);
#4115=ADVANCED_FACE('',(#124),#3908,.T.);
#4116=ADVANCED_FACE('',(#125),#3909,.T.);
#4117=ADVANCED_FACE('',(#126),#3910,.T.);
#4118=ADVANCED_FACE('',(#127),#3911,.T.);
#4119=ADVANCED_FACE('',(#128),#3912,.T.);
#4120=ADVANCED_FACE('',(#129),#3913,.T.);
#4121=ADVANCED_FACE('',(#130),#3914,.T.);
#4122=ADVANCED_FACE('',(#131),#3915,.T.);
#4123=ADVANCED_FACE('',(#132),#3916,.F.);
#4124=ADVANCED_FACE('',(#133),#3917,.F.);
#4125=ADVANCED_FACE('',(#134),#3918,.T.);
#4126=ADVANCED_FACE('',(#135),#3919,.T.);
#4127=ADVANCED_FACE('',(#136),#3920,.T.);
#4128=ADVANCED_FACE('',(#137),#3921,.F.);
#4129=ADVANCED_FACE('',(#138),#3922,.T.);
#4130=ADVANCED_FACE('',(#139),#3923,.T.);
#4131=ADVANCED_FACE('',(#140),#3924,.T.);
#4132=ADVANCED_FACE('',(#141),#3925,.T.);
#4133=ADVANCED_FACE('',(#142),#3926,.T.);
#4134=ADVANCED_FACE('',(#143),#3927,.T.);
#4135=ADVANCED_FACE('',(#144),#3928,.T.);
#4136=ADVANCED_FACE('',(#145),#3929,.T.);
#4137=ADVANCED_FACE('',(#146),#3930,.T.);
#4138=ADVANCED_FACE('',(#147),#3931,.T.);
#4139=ADVANCED_FACE('',(#148),#3932,.T.);
#4140=ADVANCED_FACE('',(#149),#3933,.T.);
#4141=ADVANCED_FACE('',(#150),#3934,.T.);
#4142=ADVANCED_FACE('',(#151),#3935,.T.);
#4143=ADVANCED_FACE('',(#152),#3936,.T.);
#4144=ADVANCED_FACE('',(#153),#3937,.T.);
#4145=ADVANCED_FACE('',(#154),#3938,.T.);
#4146=ADVANCED_FACE('',(#155),#3939,.T.);
#4147=ADVANCED_FACE('',(#156),#3940,.F.);
#4148=ADVANCED_FACE('',(#157),#3941,.F.);
#4149=ADVANCED_FACE('',(#158),#3942,.F.);
#4150=ADVANCED_FACE('',(#159),#3943,.T.);
#4151=ADVANCED_FACE('',(#160),#3944,.T.);
#4152=ADVANCED_FACE('',(#161),#3945,.T.);
#4153=ADVANCED_FACE('',(#162),#26,.T.);
#4154=ADVANCED_FACE('',(#163),#3946,.T.);
#4155=ADVANCED_FACE('',(#164),#3947,.T.);
#4156=ADVANCED_FACE('',(#165),#27,.T.);
#4157=ADVANCED_FACE('',(#166),#3948,.T.);
#4158=ADVANCED_FACE('',(#167),#3949,.F.);
#4159=ADVANCED_FACE('',(#168),#3950,.F.);
#4160=ADVANCED_FACE('',(#169),#3951,.T.);
#4161=ADVANCED_FACE('',(#170),#3952,.T.);
#4162=ADVANCED_FACE('',(#171),#3953,.T.);
#4163=ADVANCED_FACE('',(#172),#3954,.F.);
#4164=ADVANCED_FACE('',(#173),#3955,.F.);
#4165=ADVANCED_FACE('',(#174),#3956,.F.);
#4166=ADVANCED_FACE('',(#175),#3957,.F.);
#4167=ADVANCED_FACE('',(#176),#3958,.T.);
#4168=ADVANCED_FACE('',(#177),#3959,.F.);
#4169=ADVANCED_FACE('',(#178),#3960,.F.);
#4170=ADVANCED_FACE('',(#179),#3961,.F.);
#4171=ADVANCED_FACE('',(#180),#3962,.T.);
#4172=ADVANCED_FACE('',(#181),#28,.T.);
#4173=ADVANCED_FACE('',(#182),#3963,.T.);
#4174=ADVANCED_FACE('',(#183),#29,.T.);
#4175=ADVANCED_FACE('',(#184),#3964,.F.);
#4176=ADVANCED_FACE('',(#185),#3965,.F.);
#4177=ADVANCED_FACE('',(#186),#3966,.F.);
#4178=ADVANCED_FACE('',(#187),#3967,.F.);
#4179=ADVANCED_FACE('',(#188),#3968,.F.);
#4180=ADVANCED_FACE('',(#189),#3969,.F.);
#4181=ADVANCED_FACE('',(#190),#3970,.F.);
#4182=ADVANCED_FACE('',(#191),#3971,.T.);
#4183=ADVANCED_FACE('',(#192),#30,.F.);
#4184=ADVANCED_FACE('',(#193),#3972,.T.);
#4185=ADVANCED_FACE('',(#194),#3973,.F.);
#4186=ADVANCED_FACE('',(#195),#3974,.F.);
#4187=ADVANCED_FACE('',(#196),#3975,.F.);
#4188=ADVANCED_FACE('',(#197),#3976,.T.);
#4189=ADVANCED_FACE('',(#198),#3977,.T.);
#4190=ADVANCED_FACE('',(#199),#3978,.F.);
#4191=ADVANCED_FACE('',(#200),#3979,.F.);
#4192=ADVANCED_FACE('',(#201),#3980,.F.);
#4193=ADVANCED_FACE('',(#202),#3981,.T.);
#4194=ADVANCED_FACE('',(#203),#3982,.T.);
#4195=ADVANCED_FACE('',(#204),#3983,.T.);
#4196=ADVANCED_FACE('',(#205),#3984,.T.);
#4197=ADVANCED_FACE('',(#206),#3985,.F.);
#4198=ADVANCED_FACE('',(#207),#3986,.F.);
#4199=ADVANCED_FACE('',(#208),#3987,.T.);
#4200=ADVANCED_FACE('',(#209),#3988,.T.);
#4201=ADVANCED_FACE('',(#210),#3989,.T.);
#4202=ADVANCED_FACE('',(#211),#3990,.T.);
#4203=ADVANCED_FACE('',(#212),#31,.F.);
#4204=ADVANCED_FACE('',(#213),#3991,.T.);
#4205=ADVANCED_FACE('',(#214),#3992,.T.);
#4206=ADVANCED_FACE('',(#215),#3993,.T.);
#4207=ADVANCED_FACE('',(#216),#3994,.T.);
#4208=ADVANCED_FACE('',(#217),#3995,.T.);
#4209=ADVANCED_FACE('',(#218),#3996,.T.);
#4210=ADVANCED_FACE('',(#219),#3997,.T.);
#4211=ADVANCED_FACE('',(#220),#3998,.T.);
#4212=ADVANCED_FACE('',(#221),#32,.T.);
#4213=ADVANCED_FACE('',(#222),#3999,.T.);
#4214=ADVANCED_FACE('',(#223),#33,.T.);
#4215=ADVANCED_FACE('',(#224),#4000,.T.);
#4216=ADVANCED_FACE('',(#225),#4001,.F.);
#4217=ADVANCED_FACE('',(#226),#4002,.F.);
#4218=ADVANCED_FACE('',(#227),#4003,.F.);
#4219=ADVANCED_FACE('',(#228),#4004,.F.);
#4220=ADVANCED_FACE('',(#229),#4005,.F.);
#4221=ADVANCED_FACE('',(#230),#4006,.F.);
#4222=ADVANCED_FACE('',(#231),#4007,.F.);
#4223=ADVANCED_FACE('',(#232),#4008,.F.);
#4224=ADVANCED_FACE('',(#233),#4009,.F.);
#4225=ADVANCED_FACE('',(#234),#4010,.F.);
#4226=ADVANCED_FACE('',(#235),#4011,.T.);
#4227=ADVANCED_FACE('',(#236),#4012,.T.);
#4228=ADVANCED_FACE('',(#237),#4013,.T.);
#4229=ADVANCED_FACE('',(#238,#40,#41,#42,#43,#44),#4014,.F.);
#4230=ADVANCED_FACE('',(#239),#4015,.F.);
#4231=ADVANCED_FACE('',(#240),#4016,.T.);
#4232=ADVANCED_FACE('',(#241),#4017,.T.);
#4233=ADVANCED_FACE('',(#242),#4018,.T.);
#4234=ADVANCED_FACE('',(#243),#4019,.T.);
#4235=ADVANCED_FACE('',(#244),#4020,.T.);
#4236=ADVANCED_FACE('',(#245),#4021,.T.);
#4237=ADVANCED_FACE('',(#246),#4022,.T.);
#4238=ADVANCED_FACE('',(#247),#4023,.T.);
#4239=ADVANCED_FACE('',(#248),#4024,.T.);
#4240=ADVANCED_FACE('',(#249),#4025,.T.);
#4241=ADVANCED_FACE('',(#250),#4026,.T.);
#4242=ADVANCED_FACE('',(#251),#4027,.T.);
#4243=ADVANCED_FACE('',(#252),#4028,.T.);
#4244=ADVANCED_FACE('',(#253),#4029,.T.);
#4245=ADVANCED_FACE('',(#254),#4030,.T.);
#4246=ADVANCED_FACE('',(#255),#4031,.T.);
#4247=ADVANCED_FACE('',(#256,#45),#4032,.T.);
#4248=ADVANCED_FACE('',(#257),#4033,.T.);
#4249=ADVANCED_FACE('',(#258),#4034,.T.);
#4250=ADVANCED_FACE('',(#259),#4035,.T.);
#4251=ADVANCED_FACE('',(#260),#4036,.T.);
#4252=ADVANCED_FACE('',(#261),#4037,.T.);
#4253=ADVANCED_FACE('',(#262),#4038,.T.);
#4254=ADVANCED_FACE('',(#263),#4039,.T.);
#4255=ADVANCED_FACE('',(#264),#4040,.T.);
#4256=ADVANCED_FACE('',(#265),#4041,.T.);
#4257=ADVANCED_FACE('',(#266),#4042,.T.);
#4258=ADVANCED_FACE('',(#267),#4043,.T.);
#4259=ADVANCED_FACE('',(#268),#4044,.F.);
#4260=ADVANCED_FACE('',(#269),#4045,.F.);
#4261=ADVANCED_FACE('',(#270),#4046,.T.);
#4262=ADVANCED_FACE('',(#271),#4047,.T.);
#4263=ADVANCED_FACE('',(#272),#4048,.F.);
#4264=ADVANCED_FACE('',(#273),#4049,.F.);
#4265=ADVANCED_FACE('',(#274),#4050,.F.);
#4266=ADVANCED_FACE('',(#275),#4051,.F.);
#4267=ADVANCED_FACE('',(#276),#4052,.F.);
#4268=ADVANCED_FACE('',(#277),#4053,.F.);
#4269=ADVANCED_FACE('',(#278),#4054,.F.);
#4270=ADVANCED_FACE('',(#279),#4055,.F.);
#4271=ADVANCED_FACE('',(#280,#46),#4056,.F.);
#4272=ADVANCED_FACE('',(#281),#4057,.F.);
#4273=ADVANCED_FACE('',(#282),#4058,.F.);
#4274=ADVANCED_FACE('',(#283),#4059,.F.);
#4275=ADVANCED_FACE('',(#284),#4060,.F.);
#4276=ADVANCED_FACE('',(#285),#4061,.F.);
#4277=ADVANCED_FACE('',(#286),#4062,.F.);
#4278=ADVANCED_FACE('',(#287),#4063,.F.);
#4279=ADVANCED_FACE('',(#288),#4064,.F.);
#4280=ADVANCED_FACE('',(#289),#4065,.F.);
#4281=CLOSED_SHELL('',(#4066,#4067,#4068,#4069,#4070,#4071,#4072,#4073,
#4074,#4075,#4076,#4077,#4078,#4079,#4080,#4081,#4082,#4083,#4084,#4085,
#4086,#4087,#4088,#4089,#4090,#4091,#4092,#4093,#4094,#4095,#4096,#4097,
#4098,#4099,#4100,#4101,#4102,#4103,#4104,#4105,#4106,#4107,#4108,#4109,
#4110,#4111,#4112,#4113,#4114,#4115,#4116,#4117,#4118,#4119,#4120,#4121,
#4122,#4123,#4124,#4125,#4126,#4127,#4128,#4129,#4130,#4131,#4132,#4133,
#4134,#4135,#4136,#4137,#4138,#4139,#4140,#4141,#4142,#4143,#4144,#4145,
#4146,#4147,#4148,#4149,#4150,#4151,#4152,#4153,#4154,#4155,#4156,#4157,
#4158,#4159,#4160,#4161,#4162,#4163,#4164,#4165,#4166,#4167,#4168,#4169,
#4170,#4171,#4172,#4173,#4174,#4175,#4176,#4177,#4178,#4179,#4180,#4181,
#4182,#4183,#4184,#4185,#4186,#4187,#4188,#4189,#4190,#4191,#4192,#4193,
#4194,#4195,#4196,#4197,#4198,#4199,#4200,#4201,#4202,#4203,#4204,#4205,
#4206,#4207,#4208,#4209,#4210,#4211,#4212,#4213,#4214,#4215,#4216,#4217,
#4218,#4219,#4220,#4221,#4222,#4223,#4224,#4225,#4226,#4227,#4228,#4229,
#4230));
#4282=CLOSED_SHELL('',(#4231,#4232,#4233,#4234,#4235,#4236,#4237,#4238,
#4239,#4240,#4241,#4242,#4243,#4244,#4245,#4246,#4247,#4248,#4249,#4250,
#4251,#4252,#4253,#4254,#4255));
#4283=CLOSED_SHELL('',(#4256,#4257,#4258,#4259,#4260,#4261,#4262,#4263,
#4264,#4265,#4266,#4267,#4268,#4269,#4270,#4271,#4272,#4273,#4274,#4275,
#4276,#4277,#4278,#4279,#4280));
#4284=AXIS2_PLACEMENT_3D('',#5590,#4528,#4529);
#4285=AXIS2_PLACEMENT_3D('',#5591,#4530,#4531);
#4286=AXIS2_PLACEMENT_3D('',#5600,#4536,#4537);
#4287=AXIS2_PLACEMENT_3D('',#5606,#4541,#4542);
#4288=AXIS2_PLACEMENT_3D('',#5610,#4545,#4546);
#4289=AXIS2_PLACEMENT_3D('',#5619,#4551,#4552);
#4290=AXIS2_PLACEMENT_3D('',#5625,#4556,#4557);
#4291=AXIS2_PLACEMENT_3D('',#5629,#4560,#4561);
#4292=AXIS2_PLACEMENT_3D('',#5636,#4564,#4565);
#4293=AXIS2_PLACEMENT_3D('',#5640,#4567,#4568);
#4294=AXIS2_PLACEMENT_3D('',#5658,#4577,#4578);
#4295=AXIS2_PLACEMENT_3D('',#5698,#4598,#4599);
#4296=AXIS2_PLACEMENT_3D('',#5716,#4608,#4609);
#4297=AXIS2_PLACEMENT_3D('',#5720,#4611,#4612);
#4298=AXIS2_PLACEMENT_3D('',#5772,#4638,#4639);
#4299=AXIS2_PLACEMENT_3D('',#5778,#4642,#4643);
#4300=AXIS2_PLACEMENT_3D('',#5794,#4652,#4653);
#4301=AXIS2_PLACEMENT_3D('',#5798,#4656,#4657);
#4302=AXIS2_PLACEMENT_3D('',#5807,#4662,#4663);
#4303=AXIS2_PLACEMENT_3D('',#5810,#4664,#4665);
#4304=AXIS2_PLACEMENT_3D('',#5814,#4667,#4668);
#4305=AXIS2_PLACEMENT_3D('',#5816,#4670,#4671);
#4306=AXIS2_PLACEMENT_3D('',#5822,#4675,#4676);
#4307=AXIS2_PLACEMENT_3D('',#5827,#4678,#4679);
#4308=AXIS2_PLACEMENT_3D('',#5834,#4684,#4685);
#4309=AXIS2_PLACEMENT_3D('',#5840,#4689,#4690);
#4310=AXIS2_PLACEMENT_3D('',#5849,#4695,#4696);
#4311=AXIS2_PLACEMENT_3D('',#5852,#4697,#4698);
#4312=AXIS2_PLACEMENT_3D('',#5856,#4700,#4701);
#4313=AXIS2_PLACEMENT_3D('',#5858,#4703,#4704);
#4314=AXIS2_PLACEMENT_3D('',#5864,#4708,#4709);
#4315=AXIS2_PLACEMENT_3D('',#5868,#4711,#4712);
#4316=AXIS2_PLACEMENT_3D('',#5873,#4716,#4717);
#4317=AXIS2_PLACEMENT_3D('',#5882,#4722,#4723);
#4318=AXIS2_PLACEMENT_3D('',#5884,#4724,#4725);
#4319=AXIS2_PLACEMENT_3D('',#5886,#4726,#4727);
#4320=AXIS2_PLACEMENT_3D('',#5888,#4729,#4730);
#4321=AXIS2_PLACEMENT_3D('',#5894,#4734,#4735);
#4322=AXIS2_PLACEMENT_3D('',#5908,#4742,#4743);
#4323=AXIS2_PLACEMENT_3D('',#5909,#4744,#4745);
#4324=AXIS2_PLACEMENT_3D('',#5915,#4749,#4750);
#4325=AXIS2_PLACEMENT_3D('',#5917,#4751,#4752);
#4326=AXIS2_PLACEMENT_3D('',#5919,#4754,#4755);
#4327=AXIS2_PLACEMENT_3D('',#5923,#4758,#4759);
#4328=AXIS2_PLACEMENT_3D('',#5929,#4763,#4764);
#4329=AXIS2_PLACEMENT_3D('',#5930,#4765,#4766);
#4330=AXIS2_PLACEMENT_3D('',#5931,#4767,#4768);
#4331=AXIS2_PLACEMENT_3D('',#5962,#4783,#4784);
#4332=AXIS2_PLACEMENT_3D('',#5968,#4787,#4788);
#4333=AXIS2_PLACEMENT_3D('',#5984,#4797,#4798);
#4334=AXIS2_PLACEMENT_3D('',#5990,#4802,#4803);
#4335=AXIS2_PLACEMENT_3D('',#5996,#4807,#4808);
#4336=AXIS2_PLACEMENT_3D('',#6009,#4815,#4816);
#4337=AXIS2_PLACEMENT_3D('',#6018,#4821,#4822);
#4338=AXIS2_PLACEMENT_3D('',#6024,#4826,#4827);
#4339=AXIS2_PLACEMENT_3D('',#6035,#4832,#4833);
#4340=AXIS2_PLACEMENT_3D('',#6042,#4838,#4839);
#4341=AXIS2_PLACEMENT_3D('',#6048,#4843,#4844);
#4342=AXIS2_PLACEMENT_3D('',#6054,#4848,#4849);
#4343=AXIS2_PLACEMENT_3D('',#6059,#4851,#4852);
#4344=AXIS2_PLACEMENT_3D('',#6105,#4875,#4876);
#4345=AXIS2_PLACEMENT_3D('',#6107,#4878,#4879);
#4346=AXIS2_PLACEMENT_3D('',#6113,#4883,#4884);
#4347=AXIS2_PLACEMENT_3D('',#6119,#4888,#4889);
#4348=AXIS2_PLACEMENT_3D('',#6122,#4890,#4891);
#4349=AXIS2_PLACEMENT_3D('',#6134,#4899,#4900);
#4350=AXIS2_PLACEMENT_3D('',#6136,#4901,#4902);
#4351=AXIS2_PLACEMENT_3D('',#6138,#4904,#4905);
#4352=AXIS2_PLACEMENT_3D('',#6147,#4910,#4911);
#4353=AXIS2_PLACEMENT_3D('',#6151,#4914,#4915);
#4354=AXIS2_PLACEMENT_3D('',#6153,#4916,#4917);
#4355=AXIS2_PLACEMENT_3D('',#6156,#4919,#4920);
#4356=AXIS2_PLACEMENT_3D('',#6157,#4921,#4922);
#4357=AXIS2_PLACEMENT_3D('',#6167,#4928,#4929);
#4358=AXIS2_PLACEMENT_3D('',#6171,#4932,#4933);
#4359=AXIS2_PLACEMENT_3D('',#6177,#4937,#4938);
#4360=AXIS2_PLACEMENT_3D('',#6181,#4941,#4942);
#4361=AXIS2_PLACEMENT_3D('',#6185,#4945,#4946);
#4362=AXIS2_PLACEMENT_3D('',#6187,#4948,#4949);
#4363=AXIS2_PLACEMENT_3D('',#6193,#4953,#4954);
#4364=AXIS2_PLACEMENT_3D('',#6197,#4957,#4958);
#4365=AXIS2_PLACEMENT_3D('',#6203,#4962,#4963);
#4366=AXIS2_PLACEMENT_3D('',#6207,#4966,#4967);
#4367=AXIS2_PLACEMENT_3D('',#6211,#4970,#4971);
#4368=AXIS2_PLACEMENT_3D('',#6215,#4974,#4975);
#4369=AXIS2_PLACEMENT_3D('',#6220,#4979,#4980);
#4370=AXIS2_PLACEMENT_3D('',#6224,#4983,#4984);
#4371=AXIS2_PLACEMENT_3D('',#6230,#4988,#4989);
#4372=AXIS2_PLACEMENT_3D('',#6234,#4992,#4993);
#4373=AXIS2_PLACEMENT_3D('',#6238,#4996,#4997);
#4374=AXIS2_PLACEMENT_3D('',#6242,#5000,#5001);
#4375=AXIS2_PLACEMENT_3D('',#6246,#5004,#5005);
#4376=AXIS2_PLACEMENT_3D('',#6252,#5009,#5010);
#4377=AXIS2_PLACEMENT_3D('',#6257,#5014,#5015);
#4378=AXIS2_PLACEMENT_3D('',#6261,#5018,#5019);
#4379=AXIS2_PLACEMENT_3D('',#6265,#5022,#5023);
#4380=AXIS2_PLACEMENT_3D('',#6269,#5026,#5027);
#4381=AXIS2_PLACEMENT_3D('',#6273,#5030,#5031);
#4382=AXIS2_PLACEMENT_3D('',#6279,#5035,#5036);
#4383=AXIS2_PLACEMENT_3D('',#6283,#5039,#5040);
#4384=AXIS2_PLACEMENT_3D('',#6287,#5043,#5044);
#4385=AXIS2_PLACEMENT_3D('',#6293,#5048,#5049);
#4386=AXIS2_PLACEMENT_3D('',#6297,#5052,#5053);
#4387=AXIS2_PLACEMENT_3D('',#6306,#5058,#5059);
#4388=AXIS2_PLACEMENT_3D('',#6315,#5064,#5065);
#4389=AXIS2_PLACEMENT_3D('',#6321,#5069,#5070);
#4390=AXIS2_PLACEMENT_3D('',#6330,#5075,#5076);
#4391=AXIS2_PLACEMENT_3D('',#6336,#5080,#5081);
#4392=AXIS2_PLACEMENT_3D('',#6345,#5086,#5087);
#4393=AXIS2_PLACEMENT_3D('',#6348,#5090,#5091);
#4394=AXIS2_PLACEMENT_3D('',#6350,#5093,#5094);
#4395=AXIS2_PLACEMENT_3D('',#6352,#5096,#5097);
#4396=AXIS2_PLACEMENT_3D('',#6354,#5099,#5100);
#4397=AXIS2_PLACEMENT_3D('',#6356,#5102,#5103);
#4398=AXIS2_PLACEMENT_3D('',#6358,#5105,#5106);
#4399=AXIS2_PLACEMENT_3D('',#6360,#5108,#5109);
#4400=AXIS2_PLACEMENT_3D('',#6362,#5111,#5112);
#4401=AXIS2_PLACEMENT_3D('',#6364,#5114,#5115);
#4402=AXIS2_PLACEMENT_3D('',#6365,#5116,#5117);
#4403=AXIS2_PLACEMENT_3D('',#6368,#5120,#5121);
#4404=AXIS2_PLACEMENT_3D('',#6370,#5123,#5124);
#4405=AXIS2_PLACEMENT_3D('',#6372,#5126,#5127);
#4406=AXIS2_PLACEMENT_3D('',#6374,#5129,#5130);
#4407=AXIS2_PLACEMENT_3D('',#6376,#5132,#5133);
#4408=AXIS2_PLACEMENT_3D('',#6378,#5135,#5136);
#4409=AXIS2_PLACEMENT_3D('',#6380,#5138,#5139);
#4410=AXIS2_PLACEMENT_3D('',#6382,#5141,#5142);
#4411=AXIS2_PLACEMENT_3D('',#6384,#5144,#5145);
#4412=AXIS2_PLACEMENT_3D('',#6385,#5146,#5147);
#4413=AXIS2_PLACEMENT_3D('',#6389,#5151,#5152);
#4414=AXIS2_PLACEMENT_3D('',#6391,#5154,#5155);
#4415=AXIS2_PLACEMENT_3D('',#6393,#5157,#5158);
#4416=AXIS2_PLACEMENT_3D('',#6395,#5160,#5161);
#4417=AXIS2_PLACEMENT_3D('',#6398,#5164,#5165);
#4418=AXIS2_PLACEMENT_3D('',#6400,#5167,#5168);
#4419=AXIS2_PLACEMENT_3D('',#6402,#5170,#5171);
#4420=AXIS2_PLACEMENT_3D('',#6404,#5173,#5174);
#4421=AXIS2_PLACEMENT_3D('',#6407,#5177,#5178);
#4422=AXIS2_PLACEMENT_3D('',#6409,#5180,#5181);
#4423=AXIS2_PLACEMENT_3D('',#6411,#5183,#5184);
#4424=AXIS2_PLACEMENT_3D('',#6413,#5186,#5187);
#4425=AXIS2_PLACEMENT_3D('',#6415,#5189,#5190);
#4426=AXIS2_PLACEMENT_3D('',#6417,#5192,#5193);
#4427=AXIS2_PLACEMENT_3D('',#6419,#5195,#5196);
#4428=AXIS2_PLACEMENT_3D('',#6421,#5198,#5199);
#4429=AXIS2_PLACEMENT_3D('',#6423,#5201,#5202);
#4430=AXIS2_PLACEMENT_3D('',#6425,#5204,#5205);
#4431=AXIS2_PLACEMENT_3D('',#6427,#5207,#5208);
#4432=AXIS2_PLACEMENT_3D('',#6429,#5210,#5211);
#4433=AXIS2_PLACEMENT_3D('',#6431,#5213,#5214);
#4434=AXIS2_PLACEMENT_3D('',#6433,#5216,#5217);
#4435=AXIS2_PLACEMENT_3D('',#6435,#5219,#5220);
#4436=AXIS2_PLACEMENT_3D('',#6437,#5222,#5223);
#4437=AXIS2_PLACEMENT_3D('',#6439,#5225,#5226);
#4438=AXIS2_PLACEMENT_3D('',#6441,#5228,#5229);
#4439=AXIS2_PLACEMENT_3D('',#6443,#5231,#5232);
#4440=AXIS2_PLACEMENT_3D('',#6445,#5234,#5235);
#4441=AXIS2_PLACEMENT_3D('',#6449,#5239,#5240);
#4442=AXIS2_PLACEMENT_3D('',#6451,#5242,#5243);
#4443=AXIS2_PLACEMENT_3D('',#6453,#5245,#5246);
#4444=AXIS2_PLACEMENT_3D('',#6455,#5248,#5249);
#4445=AXIS2_PLACEMENT_3D('',#6457,#5251,#5252);
#4446=AXIS2_PLACEMENT_3D('',#6459,#5254,#5255);
#4447=AXIS2_PLACEMENT_3D('',#6461,#5257,#5258);
#4448=AXIS2_PLACEMENT_3D('',#6463,#5260,#5261);
#4449=AXIS2_PLACEMENT_3D('',#6465,#5263,#5264);
#4450=AXIS2_PLACEMENT_3D('',#6467,#5266,#5267);
#4451=AXIS2_PLACEMENT_3D('',#6469,#5269,#5270);
#4452=AXIS2_PLACEMENT_3D('',#6471,#5272,#5273);
#4453=AXIS2_PLACEMENT_3D('',#6473,#5275,#5276);
#4454=AXIS2_PLACEMENT_3D('',#6475,#5278,#5279);
#4455=AXIS2_PLACEMENT_3D('',#6477,#5281,#5282);
#4456=AXIS2_PLACEMENT_3D('',#6479,#5284,#5285);
#4457=AXIS2_PLACEMENT_3D('',#6481,#5287,#5288);
#4458=AXIS2_PLACEMENT_3D('',#6483,#5290,#5291);
#4459=AXIS2_PLACEMENT_3D('',#6485,#5293,#5294);
#4460=AXIS2_PLACEMENT_3D('',#6487,#5296,#5297);
#4461=AXIS2_PLACEMENT_3D('',#6490,#5300,#5301);
#4462=AXIS2_PLACEMENT_3D('',#6492,#5303,#5304);
#4463=AXIS2_PLACEMENT_3D('',#6494,#5306,#5307);
#4464=AXIS2_PLACEMENT_3D('',#6495,#5308,#5309);
#4465=AXIS2_PLACEMENT_3D('',#6499,#5313,#5314);
#4466=AXIS2_PLACEMENT_3D('',#6501,#5316,#5317);
#4467=AXIS2_PLACEMENT_3D('',#6504,#5320,#5321);
#4468=AXIS2_PLACEMENT_3D('',#6506,#5323,#5324);
#4469=AXIS2_PLACEMENT_3D('',#6507,#5325,#5326);
#4470=AXIS2_PLACEMENT_3D('',#6511,#5330,#5331);
#4471=AXIS2_PLACEMENT_3D('',#6513,#5333,#5334);
#4472=AXIS2_PLACEMENT_3D('',#6515,#5336,#5337);
#4473=AXIS2_PLACEMENT_3D('',#6518,#5340,#5341);
#4474=AXIS2_PLACEMENT_3D('',#6519,#5342,#5343);
#4475=AXIS2_PLACEMENT_3D('',#6523,#5346,#5347);
#4476=AXIS2_PLACEMENT_3D('',#6525,#5349,#5350);
#4477=AXIS2_PLACEMENT_3D('',#6527,#5352,#5353);
#4478=AXIS2_PLACEMENT_3D('',#6528,#5354,#5355);
#4479=AXIS2_PLACEMENT_3D('',#6537,#5360,#5361);
#4480=AXIS2_PLACEMENT_3D('',#6546,#5366,#5367);
#4481=AXIS2_PLACEMENT_3D('',#6552,#5371,#5372);
#4482=AXIS2_PLACEMENT_3D('',#6558,#5376,#5377);
#4483=AXIS2_PLACEMENT_3D('',#6562,#5380,#5381);
#4484=AXIS2_PLACEMENT_3D('',#6571,#5386,#5387);
#4485=AXIS2_PLACEMENT_3D('',#6577,#5391,#5392);
#4486=AXIS2_PLACEMENT_3D('',#6582,#5396,#5397);
#4487=AXIS2_PLACEMENT_3D('',#6588,#5401,#5402);
#4488=AXIS2_PLACEMENT_3D('',#6597,#5407,#5408);
#4489=AXIS2_PLACEMENT_3D('',#6604,#5413,#5414);
#4490=AXIS2_PLACEMENT_3D('',#6608,#5417,#5418);
#4491=AXIS2_PLACEMENT_3D('',#6612,#5421,#5422);
#4492=AXIS2_PLACEMENT_3D('',#6614,#5424,#5425);
#4493=AXIS2_PLACEMENT_3D('',#6616,#5427,#5428);
#4494=AXIS2_PLACEMENT_3D('',#6622,#5432,#5433);
#4495=AXIS2_PLACEMENT_3D('',#6637,#5442,#5443);
#4496=AXIS2_PLACEMENT_3D('',#6649,#5451,#5452);
#4497=AXIS2_PLACEMENT_3D('',#6655,#5456,#5457);
#4498=AXIS2_PLACEMENT_3D('',#6657,#5459,#5460);
#4499=AXIS2_PLACEMENT_3D('',#6659,#5462,#5463);
#4500=AXIS2_PLACEMENT_3D('',#6661,#5465,#5466);
#4501=AXIS2_PLACEMENT_3D('',#6663,#5468,#5469);
#4502=AXIS2_PLACEMENT_3D('',#6664,#5470,#5471);
#4503=AXIS2_PLACEMENT_3D('',#6665,#5472,#5473);
#4504=AXIS2_PLACEMENT_3D('',#6674,#5478,#5479);
#4505=AXIS2_PLACEMENT_3D('',#6683,#5484,#5485);
#4506=AXIS2_PLACEMENT_3D('',#6689,#5489,#5490);
#4507=AXIS2_PLACEMENT_3D('',#6695,#5494,#5495);
#4508=AXIS2_PLACEMENT_3D('',#6699,#5498,#5499);
#4509=AXIS2_PLACEMENT_3D('',#6708,#5504,#5505);
#4510=AXIS2_PLACEMENT_3D('',#6714,#5509,#5510);
#4511=AXIS2_PLACEMENT_3D('',#6719,#5514,#5515);
#4512=AXIS2_PLACEMENT_3D('',#6725,#5519,#5520);
#4513=AXIS2_PLACEMENT_3D('',#6734,#5525,#5526);
#4514=AXIS2_PLACEMENT_3D('',#6741,#5531,#5532);
#4515=AXIS2_PLACEMENT_3D('',#6745,#5535,#5536);
#4516=AXIS2_PLACEMENT_3D('',#6749,#5539,#5540);
#4517=AXIS2_PLACEMENT_3D('',#6751,#5542,#5543);
#4518=AXIS2_PLACEMENT_3D('',#6753,#5545,#5546);
#4519=AXIS2_PLACEMENT_3D('',#6770,#5556,#5557);
#4520=AXIS2_PLACEMENT_3D('',#6784,#5566,#5567);
#4521=AXIS2_PLACEMENT_3D('',#6786,#5569,#5570);
#4522=AXIS2_PLACEMENT_3D('',#6787,#5571,#5572);
#4523=AXIS2_PLACEMENT_3D('',#6793,#5576,#5577);
#4524=AXIS2_PLACEMENT_3D('',#6795,#5579,#5580);
#4525=AXIS2_PLACEMENT_3D('',#6797,#5582,#5583);
#4526=AXIS2_PLACEMENT_3D('',#6799,#5585,#5586);
#4527=AXIS2_PLACEMENT_3D('',#6801,#5588,#5589);
#4528=DIRECTION('axis',(0.,0.,1.));
#4529=DIRECTION('refdir',(1.,0.,0.));
#4530=DIRECTION('center_axis',(0.,0.,1.));
#4531=DIRECTION('ref_axis',(1.,0.,0.));
#4532=DIRECTION('',(1.,0.,0.));
#4533=DIRECTION('',(0.,1.,0.));
#4534=DIRECTION('',(-1.,-2.15612202142327E-16,0.));
#4535=DIRECTION('',(0.,-1.,0.));
#4536=DIRECTION('center_axis',(1.,0.,0.));
#4537=DIRECTION('ref_axis',(0.,1.,0.));
#4538=DIRECTION('',(0.,0.,1.));
#4539=DIRECTION('',(0.,-1.,0.));
#4540=DIRECTION('',(0.,0.,-1.));
#4541=DIRECTION('center_axis',(0.,-1.,0.));
#4542=DIRECTION('ref_axis',(1.,0.,0.));
#4543=DIRECTION('',(0.,0.,-1.));
#4544=DIRECTION('',(1.,0.,0.));
#4545=DIRECTION('center_axis',(0.,0.,1.));
#4546=DIRECTION('ref_axis',(1.,0.,0.));
#4547=DIRECTION('',(0.,1.,0.));
#4548=DIRECTION('',(-1.,-2.15612202142327E-16,0.));
#4549=DIRECTION('',(0.,-1.,0.));
#4550=DIRECTION('',(1.,0.,0.));
#4551=DIRECTION('center_axis',(-2.15612202142327E-16,1.,0.));
#4552=DIRECTION('ref_axis',(-1.,-2.15612202142327E-16,0.));
#4553=DIRECTION('',(0.,0.,-1.));
#4554=DIRECTION('',(-1.,-2.15612202142327E-16,0.));
#4555=DIRECTION('',(0.,0.,1.));
#4556=DIRECTION('center_axis',(-1.,0.,0.));
#4557=DIRECTION('ref_axis',(0.,-1.,0.));
#4558=DIRECTION('',(0.,0.,1.));
#4559=DIRECTION('',(0.,1.,0.));
#4560=DIRECTION('center_axis',(0.,0.,1.));
#4561=DIRECTION('ref_axis',(1.,0.,0.));
#4562=DIRECTION('',(0.,-1.,0.));
#4563=DIRECTION('',(-1.,0.,0.));
#4564=DIRECTION('center_axis',(0.,0.,-1.));
#4565=DIRECTION('ref_axis',(-0.707106781186547,-0.707106781186547,0.));
#4566=DIRECTION('',(0.,1.,0.));
#4567=DIRECTION('center_axis',(0.,0.,-1.));
#4568=DIRECTION('ref_axis',(-0.707106781186547,0.707106781186547,0.));
#4569=DIRECTION('',(0.,1.,0.));
#4570=DIRECTION('',(-1.,0.,0.));
#4571=DIRECTION('',(0.,-1.,0.));
#4572=DIRECTION('',(-1.,0.,0.));
#4573=DIRECTION('',(-0.928476690885259,0.371390676354104,0.));
#4574=DIRECTION('',(0.,1.,0.));
#4575=DIRECTION('',(1.,0.,0.));
#4576=DIRECTION('',(0.97416573867714,0.225834261323704,0.));
#4577=DIRECTION('center_axis',(0.,0.,1.));
#4578=DIRECTION('ref_axis',(-0.659478272787061,0.751723624560113,0.));
#4579=DIRECTION('',(-0.974165738677139,0.225834261323707,0.));
#4580=DIRECTION('',(-1.,0.,0.));
#4581=DIRECTION('',(0.,1.,0.));
#4582=DIRECTION('',(0.928476690885259,0.371390676354104,0.));
#4583=DIRECTION('',(1.,0.,0.));
#4584=DIRECTION('',(0.,-1.,0.));
#4585=DIRECTION('',(1.,0.,0.));
#4586=DIRECTION('',(0.,1.,0.));
#4587=DIRECTION('',(0.707106781186548,0.707106781186548,0.));
#4588=DIRECTION('',(1.,0.,0.));
#4589=DIRECTION('',(0.707106781186548,-0.707106781186548,0.));
#4590=DIRECTION('',(0.,-1.,0.));
#4591=DIRECTION('',(1.,0.,0.));
#4592=DIRECTION('',(0.,1.,0.));
#4593=DIRECTION('',(1.,0.,0.));
#4594=DIRECTION('',(0.928476690885259,-0.371390676354104,0.));
#4595=DIRECTION('',(0.,-1.,0.));
#4596=DIRECTION('',(-1.,0.,0.));
#4597=DIRECTION('',(-0.974165738677139,-0.225834261323705,0.));
#4598=DIRECTION('center_axis',(0.,0.,1.));
#4599=DIRECTION('ref_axis',(0.659478272787059,-0.751723624560115,0.));
#4600=DIRECTION('',(0.97416573867714,-0.225834261323704,0.));
#4601=DIRECTION('',(1.,0.,0.));
#4602=DIRECTION('',(0.,-1.,0.));
#4603=DIRECTION('',(-0.928476690885259,-0.371390676354104,0.));
#4604=DIRECTION('',(-1.,0.,0.));
#4605=DIRECTION('',(0.,1.,0.));
#4606=DIRECTION('',(-1.,0.,0.));
#4607=DIRECTION('',(0.,-1.,0.));
#4608=DIRECTION('center_axis',(0.,0.,-1.));
#4609=DIRECTION('ref_axis',(0.707106781186547,0.707106781186547,0.));
#4610=DIRECTION('',(0.,-1.,0.));
#4611=DIRECTION('center_axis',(0.,0.,-1.));
#4612=DIRECTION('ref_axis',(0.707106781186547,-0.707106781186547,0.));
#4613=DIRECTION('',(-1.,0.,0.));
#4614=DIRECTION('',(0.,1.,0.));
#4615=DIRECTION('',(-1.,0.,0.));
#4616=DIRECTION('',(0.,-1.,0.));
#4617=DIRECTION('',(-1.,0.,0.));
#4618=DIRECTION('',(0.,1.,0.));
#4619=DIRECTION('',(-1.,0.,0.));
#4620=DIRECTION('',(-3.33219544597948E-13,1.,0.));
#4621=DIRECTION('',(-1.,-4.07531354018081E-16,0.));
#4622=DIRECTION('',(-0.70710678118478,-0.707106781188315,0.));
#4623=DIRECTION('',(-3.33219544597948E-13,-1.,0.));
#4624=DIRECTION('',(1.,0.,0.));
#4625=DIRECTION('',(-0.70710678118478,-0.707106781188315,0.));
#4626=DIRECTION('',(-3.33219544597948E-13,-1.,0.));
#4627=DIRECTION('',(1.,-6.72862439166741E-16,0.));
#4628=DIRECTION('',(-6.93889390390896E-17,1.,0.));
#4629=DIRECTION('',(-1.,0.,0.));
#4630=DIRECTION('',(0.,1.,0.));
#4631=DIRECTION('',(-0.707106781186546,0.707106781186549,0.));
#4632=DIRECTION('',(-1.,0.,0.));
#4633=DIRECTION('',(0.,-1.,0.));
#4634=DIRECTION('',(1.,0.,0.));
#4635=DIRECTION('',(0.707106781186546,0.707106781186549,0.));
#4636=DIRECTION('',(0.,1.,0.));
#4637=DIRECTION('',(-0.97416573867714,0.225834261323704,0.));
#4638=DIRECTION('center_axis',(0.,0.,-1.));
#4639=DIRECTION('ref_axis',(0.493203994436602,-0.869913685299743,0.));
#4640=DIRECTION('',(0.974165738676995,0.225834261324327,0.));
#4641=DIRECTION('',(0.974165738676995,-0.22583426132433,0.));
#4642=DIRECTION('center_axis',(0.,0.,-1.));
#4643=DIRECTION('ref_axis',(-0.493203994436933,0.869913685299555,0.));
#4644=DIRECTION('',(-0.974165738677022,-0.225834261324212,0.));
#4645=DIRECTION('',(0.,-1.,0.));
#4646=DIRECTION('',(0.707106781186546,-0.707106781186549,0.));
#4647=DIRECTION('',(1.,0.,0.));
#4648=DIRECTION('',(0.,1.,0.));
#4649=DIRECTION('',(-1.,0.,0.));
#4650=DIRECTION('',(-0.707106781186546,-0.707106781186549,0.));
#4651=DIRECTION('',(0.,-1.,0.));
#4652=DIRECTION('center_axis',(0.,-1.,0.));
#4653=DIRECTION('ref_axis',(1.,0.,0.));
#4654=DIRECTION('',(0.,0.,-1.));
#4655=DIRECTION('',(1.,0.,0.));
#4656=DIRECTION('center_axis',(0.,0.,1.));
#4657=DIRECTION('ref_axis',(1.,0.,0.));
#4658=DIRECTION('',(1.,2.18547839493141E-16,0.));
#4659=DIRECTION('',(0.,-1.,0.));
#4660=DIRECTION('',(-1.,0.,0.));
#4661=DIRECTION('',(0.,-1.,0.));
#4662=DIRECTION('center_axis',(-1.,0.,0.));
#4663=DIRECTION('ref_axis',(0.,-0.707106781186549,-0.707106781186546));
#4664=DIRECTION('center_axis',(-1.,0.,0.));
#4665=DIRECTION('ref_axis',(0.,-0.707106781186549,-0.707106781186546));
#4666=DIRECTION('',(-1.,0.,0.));
#4667=DIRECTION('center_axis',(-1.,0.,0.));
#4668=DIRECTION('ref_axis',(0.,-0.707106781186549,-0.707106781186546));
#4669=DIRECTION('',(-1.,3.00685402502647E-17,0.));
#4670=DIRECTION('center_axis',(0.,-1.,0.));
#4671=DIRECTION('ref_axis',(-1.,0.,0.));
#4672=DIRECTION('',(0.,0.,-1.));
#4673=DIRECTION('',(1.,0.,0.));
#4674=DIRECTION('',(0.,0.,1.));
#4675=DIRECTION('center_axis',(0.,0.,1.));
#4676=DIRECTION('ref_axis',(1.,0.,0.));
#4677=DIRECTION('',(1.,-8.16340459283203E-18,0.));
#4678=DIRECTION('center_axis',(0.,0.,-1.));
#4679=DIRECTION('ref_axis',(-0.707106781186548,0.707106781186548,0.));
#4680=DIRECTION('',(0.,1.,0.));
#4681=DIRECTION('',(1.,-6.53072367426563E-17,0.));
#4682=DIRECTION('',(0.,-1.,0.));
#4683=DIRECTION('',(0.,1.,0.));
#4684=DIRECTION('center_axis',(5.77239874516093E-18,0.707106781186546,0.707106781186549));
#4685=DIRECTION('ref_axis',(1.,0.,-8.16340459283201E-18));
#4686=DIRECTION('',(0.,0.707106781186549,-0.707106781186546));
#4687=DIRECTION('',(-1.,8.16340459283203E-18,0.));
#4688=DIRECTION('',(0.,0.707106781186548,-0.707106781186547));
#4689=DIRECTION('center_axis',(5.77239874516093E-18,0.707106781186546,0.707106781186549));
#4690=DIRECTION('ref_axis',(1.,0.,-8.163404592832E-18));
#4691=DIRECTION('',(0.,-0.707106781186549,0.707106781186546));
#4692=DIRECTION('',(1.,-8.16340459283203E-18,0.));
#4693=DIRECTION('',(0.,-0.707106781186548,0.707106781186547));
#4694=DIRECTION('',(-1.,8.16340459283203E-18,0.));
#4695=DIRECTION('center_axis',(-1.,0.,0.));
#4696=DIRECTION('ref_axis',(0.,-0.707106781186549,-0.707106781186546));
#4697=DIRECTION('center_axis',(1.,0.,0.));
#4698=DIRECTION('ref_axis',(0.,-0.707106781186549,-0.707106781186546));
#4699=DIRECTION('',(-1.,3.00685402502647E-17,0.));
#4700=DIRECTION('center_axis',(1.,0.,0.));
#4701=DIRECTION('ref_axis',(0.,-0.707106781186549,-0.707106781186546));
#4702=DIRECTION('',(-1.,0.,0.));
#4703=DIRECTION('center_axis',(0.,-1.,0.));
#4704=DIRECTION('ref_axis',(-1.,0.,0.));
#4705=DIRECTION('',(0.,0.,-1.));
#4706=DIRECTION('',(-1.,0.,0.));
#4707=DIRECTION('',(0.,0.,-1.));
#4708=DIRECTION('center_axis',(0.,0.,1.));
#4709=DIRECTION('ref_axis',(1.,0.,0.));
#4710=DIRECTION('',(0.,-1.,0.));
#4711=DIRECTION('center_axis',(0.,0.,-1.));
#4712=DIRECTION('ref_axis',(0.707106781186548,0.707106781186548,0.));
#4713=DIRECTION('',(0.,-1.,0.));
#4714=DIRECTION('',(0.,1.,0.));
#4715=DIRECTION('',(1.,-6.53072367426563E-17,0.));
#4716=DIRECTION('center_axis',(0.,0.,1.));
#4717=DIRECTION('ref_axis',(1.,0.,0.));
#4718=DIRECTION('',(-1.,0.,0.));
#4719=DIRECTION('',(0.,1.,0.));
#4720=DIRECTION('',(1.,0.,0.));
#4721=DIRECTION('',(0.,-1.,0.));
#4722=DIRECTION('center_axis',(-1.,0.,0.));
#4723=DIRECTION('ref_axis',(0.,0.707106781186551,0.707106781186544));
#4724=DIRECTION('center_axis',(1.,0.,0.));
#4725=DIRECTION('ref_axis',(0.,0.707106781186551,-0.707106781186544));
#4726=DIRECTION('center_axis',(-1.,0.,0.));
#4727=DIRECTION('ref_axis',(0.,0.707106781186551,-0.707106781186544));
#4728=DIRECTION('',(1.,0.,0.));
#4729=DIRECTION('center_axis',(0.,-0.707106781186548,0.707106781186548));
#4730=DIRECTION('ref_axis',(1.,0.,0.));
#4731=DIRECTION('',(0.,0.707106781186548,0.707106781186548));
#4732=DIRECTION('',(0.,-0.707106781186548,-0.707106781186548));
#4733=DIRECTION('',(1.,0.,0.));
#4734=DIRECTION('center_axis',(0.,0.,1.));
#4735=DIRECTION('ref_axis',(1.,0.,0.));
#4736=DIRECTION('',(0.,-1.,0.));
#4737=DIRECTION('',(-1.,0.,0.));
#4738=DIRECTION('',(0.,1.,0.));
#4739=DIRECTION('',(-1.,0.,0.));
#4740=DIRECTION('',(0.,-1.,0.));
#4741=DIRECTION('',(-1.,0.,0.));
#4742=DIRECTION('center_axis',(0.,0.,-1.));
#4743=DIRECTION('ref_axis',(0.707106781186548,-0.707106781186548,0.));
#4744=DIRECTION('center_axis',(0.,-0.707106781186548,0.707106781186548));
#4745=DIRECTION('ref_axis',(1.,0.,0.));
#4746=DIRECTION('',(0.,-0.707106781186548,-0.707106781186548));
#4747=DIRECTION('',(1.,0.,0.));
#4748=DIRECTION('',(0.,-0.707106781186548,-0.707106781186548));
#4749=DIRECTION('center_axis',(0.,0.,-1.));
#4750=DIRECTION('ref_axis',(0.707106781186548,-0.707106781186548,0.));
#4751=DIRECTION('center_axis',(0.,0.,1.));
#4752=DIRECTION('ref_axis',(0.707106781186547,-0.707106781186547,0.));
#4753=DIRECTION('',(-0.707106781186548,0.,0.707106781186548));
#4754=DIRECTION('center_axis',(0.707106781186546,0.,0.707106781186549));
#4755=DIRECTION('ref_axis',(0.707106781186549,0.,-0.707106781186546));
#4756=DIRECTION('',(-0.707106781186549,0.,0.707106781186546));
#4757=DIRECTION('',(0.,1.,0.));
#4758=DIRECTION('center_axis',(0.707106781186546,0.,0.707106781186549));
#4759=DIRECTION('ref_axis',(0.707106781186549,0.,-0.707106781186546));
#4760=DIRECTION('',(0.707106781186549,-4.61791899612876E-17,-0.707106781186546));
#4761=DIRECTION('',(0.,1.,0.));
#4762=DIRECTION('',(0.707106781186548,0.,-0.707106781186548));
#4763=DIRECTION('center_axis',(0.,0.,-1.));
#4764=DIRECTION('ref_axis',(0.707106781186547,0.707106781186547,0.));
#4765=DIRECTION('center_axis',(0.,0.,1.));
#4766=DIRECTION('ref_axis',(0.707106781186547,0.707106781186547,0.));
#4767=DIRECTION('center_axis',(0.,0.,-1.));
#4768=DIRECTION('ref_axis',(-1.,0.,0.));
#4769=DIRECTION('',(1.,0.,0.));
#4770=DIRECTION('',(0.,-1.,0.));
#4771=DIRECTION('',(-0.928476690885259,0.371390676354104,0.));
#4772=DIRECTION('',(1.,0.,0.));
#4773=DIRECTION('',(0.,1.,0.));
#4774=DIRECTION('',(1.,0.,0.));
#4775=DIRECTION('',(0.,1.,0.));
#4776=DIRECTION('',(1.,0.,0.));
#4777=DIRECTION('',(0.,-1.,0.));
#4778=DIRECTION('',(1.,0.,0.));
#4779=DIRECTION('',(0.928476690885259,0.371390676354104,0.));
#4780=DIRECTION('',(0.,-1.,0.));
#4781=DIRECTION('',(1.,0.,0.));
#4782=DIRECTION('',(-0.97416573867714,0.225834261323704,0.));
#4783=DIRECTION('center_axis',(0.,0.,-1.));
#4784=DIRECTION('ref_axis',(0.659478272787059,-0.751723624560115,0.));
#4785=DIRECTION('',(0.974165738677139,0.225834261323705,0.));
#4786=DIRECTION('',(-0.974165738676995,-0.225834261324327,0.));
#4787=DIRECTION('center_axis',(0.,0.,1.));
#4788=DIRECTION('ref_axis',(0.493203994436602,-0.869913685299743,0.));
#4789=DIRECTION('',(0.97416573867714,-0.225834261323704,0.));
#4790=DIRECTION('',(0.,1.,0.));
#4791=DIRECTION('',(-0.707106781186546,-0.707106781186549,0.));
#4792=DIRECTION('',(1.,0.,0.));
#4793=DIRECTION('',(0.,-1.,0.));
#4794=DIRECTION('',(-1.,0.,0.));
#4795=DIRECTION('',(0.707106781186546,-0.707106781186549,0.));
#4796=DIRECTION('',(0.,-1.,0.));
#4797=DIRECTION('center_axis',(1.,0.,0.));
#4798=DIRECTION('ref_axis',(0.,1.,0.));
#4799=DIRECTION('',(0.,-1.,0.));
#4800=DIRECTION('',(0.,0.,1.));
#4801=DIRECTION('',(0.,0.,1.));
#4802=DIRECTION('center_axis',(0.720320213491481,0.,-0.69364168706587));
#4803=DIRECTION('ref_axis',(-0.69364168706587,0.,-0.720320213491481));
#4804=DIRECTION('',(-0.69364168706587,0.,-0.720320213491481));
#4805=DIRECTION('',(0.69364168706587,0.,0.720320213491481));
#4806=DIRECTION('',(0.,1.,0.));
#4807=DIRECTION('center_axis',(0.,0.,1.));
#4808=DIRECTION('ref_axis',(1.,0.,0.));
#4809=DIRECTION('',(0.,-1.,0.));
#4810=DIRECTION('',(1.,0.,0.));
#4811=DIRECTION('',(0.,-1.,0.));
#4812=DIRECTION('',(0.00250317829901759,0.999996867044294,0.));
#4813=DIRECTION('',(1.,0.,0.));
#4814=DIRECTION('',(-0.00250317829901759,0.999996867044294,0.));
#4815=DIRECTION('center_axis',(0.,0.,1.));
#4816=DIRECTION('ref_axis',(1.,0.,0.));
#4817=DIRECTION('',(-1.,0.,0.));
#4818=DIRECTION('',(0.,-1.,0.));
#4819=DIRECTION('',(1.,0.,0.));
#4820=DIRECTION('',(0.,1.,0.));
#4821=DIRECTION('center_axis',(-1.,0.,0.));
#4822=DIRECTION('ref_axis',(0.,-1.,0.));
#4823=DIRECTION('',(0.,1.,0.));
#4824=DIRECTION('',(0.,0.,1.));
#4825=DIRECTION('',(0.,0.,1.));
#4826=DIRECTION('center_axis',(0.,0.,-1.));
#4827=DIRECTION('ref_axis',(-1.,0.,0.));
#4828=DIRECTION('',(-0.707106781186548,0.707106781186548,0.));
#4829=DIRECTION('',(1.,0.,0.));
#4830=DIRECTION('',(0.,1.,0.));
#4831=DIRECTION('',(1.,-8.16340459283203E-18,0.));
#4832=DIRECTION('center_axis',(0.,0.,-1.));
#4833=DIRECTION('ref_axis',(0.707106781186547,0.707106781186547,0.));
#4834=DIRECTION('',(0.,-1.,0.));
#4835=DIRECTION('',(1.,0.,0.));
#4836=DIRECTION('',(-1.,0.,0.));
#4837=DIRECTION('',(0.,-1.,0.));
#4838=DIRECTION('center_axis',(-1.,0.,0.));
#4839=DIRECTION('ref_axis',(0.,-1.,0.));
#4840=DIRECTION('',(0.,0.,1.));
#4841=DIRECTION('',(0.,-1.,0.));
#4842=DIRECTION('',(0.,0.,1.));
#4843=DIRECTION('center_axis',(0.,0.,-1.));
#4844=DIRECTION('ref_axis',(-1.,0.,0.));
#4845=DIRECTION('',(1.,0.,0.));
#4846=DIRECTION('',(0.,1.,0.));
#4847=DIRECTION('',(-1.,0.,0.));
#4848=DIRECTION('center_axis',(0.,0.,1.));
#4849=DIRECTION('ref_axis',(1.,0.,0.));
#4850=DIRECTION('',(0.974165738677139,-0.225834261323707,0.));
#4851=DIRECTION('center_axis',(0.,0.,-1.));
#4852=DIRECTION('ref_axis',(-0.659478272787061,0.751723624560113,0.));
#4853=DIRECTION('',(-0.97416573867714,-0.225834261323704,0.));
#4854=DIRECTION('',(-1.,0.,0.));
#4855=DIRECTION('',(0.,-1.,0.));
#4856=DIRECTION('',(-0.928476690885259,0.371390676354104,0.));
#4857=DIRECTION('',(-1.,0.,0.));
#4858=DIRECTION('',(0.,-1.,0.));
#4859=DIRECTION('',(-1.,0.,0.));
#4860=DIRECTION('',(0.,1.,0.));
#4861=DIRECTION('',(-1.,0.,0.));
#4862=DIRECTION('',(0.,1.,0.));
#4863=DIRECTION('',(-1.,0.,0.));
#4864=DIRECTION('',(0.928476690885259,0.371390676354104,0.));
#4865=DIRECTION('',(0.,-1.,0.));
#4866=DIRECTION('',(-1.,0.,0.));
#4867=DIRECTION('',(0.,-1.,0.));
#4868=DIRECTION('',(-0.707106781186546,-0.707106781186549,0.));
#4869=DIRECTION('',(1.,0.,0.));
#4870=DIRECTION('',(0.,-1.,0.));
#4871=DIRECTION('',(-1.,0.,0.));
#4872=DIRECTION('',(0.707106781186546,-0.707106781186549,0.));
#4873=DIRECTION('',(0.,1.,0.));
#4874=DIRECTION('',(0.974165738677022,0.225834261324212,0.));
#4875=DIRECTION('center_axis',(0.,0.,1.));
#4876=DIRECTION('ref_axis',(-0.493203994436933,0.869913685299555,0.));
#4877=DIRECTION('',(-0.974165738676994,0.22583426132433,0.));
#4878=DIRECTION('center_axis',(1.,0.,0.));
#4879=DIRECTION('ref_axis',(0.,1.,0.));
#4880=DIRECTION('',(0.,-1.,0.));
#4881=DIRECTION('',(0.,0.,1.));
#4882=DIRECTION('',(0.,0.,1.));
#4883=DIRECTION('center_axis',(0.720320213491481,0.,0.69364168706587));
#4884=DIRECTION('ref_axis',(0.69364168706587,0.,-0.720320213491481));
#4885=DIRECTION('',(0.69364168706587,0.,-0.720320213491481));
#4886=DIRECTION('',(0.,1.,0.));
#4887=DIRECTION('',(-0.69364168706587,0.,0.720320213491481));
#4888=DIRECTION('center_axis',(0.,0.,-1.));
#4889=DIRECTION('ref_axis',(-1.,0.,0.));
#4890=DIRECTION('center_axis',(0.,0.,-1.));
#4891=DIRECTION('ref_axis',(-0.707106781186547,0.707106781186547,0.));
#4892=DIRECTION('',(1.,-8.16340459283203E-18,0.));
#4893=DIRECTION('',(-1.,0.,0.));
#4894=DIRECTION('',(0.707106781186548,0.707106781186548,0.));
#4895=DIRECTION('',(0.,-1.,0.));
#4896=DIRECTION('',(1.,0.,0.));
#4897=DIRECTION('',(-1.,0.,0.));
#4898=DIRECTION('',(0.,-1.,0.));
#4899=DIRECTION('center_axis',(0.,0.,-1.));
#4900=DIRECTION('ref_axis',(-0.707106781186547,0.707106781186547,0.));
#4901=DIRECTION('center_axis',(0.,0.,1.));
#4902=DIRECTION('ref_axis',(-0.707106781186547,0.707106781186547,0.));
#4903=DIRECTION('',(0.707106781186548,0.,0.707106781186548));
#4904=DIRECTION('center_axis',(-0.707106781186546,0.,0.707106781186549));
#4905=DIRECTION('ref_axis',(0.707106781186549,0.,0.707106781186546));
#4906=DIRECTION('',(-0.707106781186549,0.,-0.707106781186546));
#4907=DIRECTION('',(0.,-1.,0.));
#4908=DIRECTION('',(-0.707106781186548,0.,-0.707106781186548));
#4909=DIRECTION('',(0.,1.,0.));
#4910=DIRECTION('center_axis',(-0.707106781186546,0.,0.707106781186549));
#4911=DIRECTION('ref_axis',(0.707106781186549,0.,0.707106781186546));
#4912=DIRECTION('',(0.707106781186549,-4.61791899612876E-17,0.707106781186546));
#4913=DIRECTION('',(0.,-1.,0.));
#4914=DIRECTION('center_axis',(0.,0.,-1.));
#4915=DIRECTION('ref_axis',(-0.707106781186548,-0.707106781186548,0.));
#4916=DIRECTION('center_axis',(0.,0.,1.));
#4917=DIRECTION('ref_axis',(-0.707106781186547,-0.707106781186547,0.));
#4918=DIRECTION('',(-3.14018491736756E-15,-0.707106781186548,-0.707106781186548));
#4919=DIRECTION('center_axis',(0.,0.,-1.));
#4920=DIRECTION('ref_axis',(-0.707106781186548,-0.707106781186548,0.));
#4921=DIRECTION('center_axis',(0.,0.,1.));
#4922=DIRECTION('ref_axis',(1.,0.,0.));
#4923=DIRECTION('',(-1.,0.,0.));
#4924=DIRECTION('',(0.,1.,0.));
#4925=DIRECTION('',(-1.,0.,0.));
#4926=DIRECTION('',(0.,-1.,0.));
#4927=DIRECTION('',(-1.,0.,0.));
#4928=DIRECTION('center_axis',(0.,-0.707106781186548,0.707106781186548));
#4929=DIRECTION('ref_axis',(1.,0.,0.));
#4930=DIRECTION('',(0.,0.707106781186548,0.707106781186548));
#4931=DIRECTION('',(1.,0.,0.));
#4932=DIRECTION('center_axis',(0.,-1.,0.));
#4933=DIRECTION('ref_axis',(1.,0.,0.));
#4934=DIRECTION('',(1.,0.,0.));
#4935=DIRECTION('',(0.,0.,1.));
#4936=DIRECTION('',(0.,0.,1.));
#4937=DIRECTION('center_axis',(-1.,0.,0.));
#4938=DIRECTION('ref_axis',(0.,-1.,0.));
#4939=DIRECTION('',(0.,1.,0.));
#4940=DIRECTION('',(0.,0.,-1.));
#4941=DIRECTION('center_axis',(-2.18547839493141E-16,-1.,0.));
#4942=DIRECTION('ref_axis',(1.,-2.18547839493141E-16,0.));
#4943=DIRECTION('',(-1.,2.18547839493141E-16,0.));
#4944=DIRECTION('',(0.,0.,-1.));
#4945=DIRECTION('center_axis',(-1.,0.,0.));
#4946=DIRECTION('ref_axis',(0.,-1.,0.));
#4947=DIRECTION('',(0.,1.,0.));
#4948=DIRECTION('center_axis',(1.,0.,0.));
#4949=DIRECTION('ref_axis',(0.,1.,0.));
#4950=DIRECTION('',(0.,-1.,0.));
#4951=DIRECTION('',(0.,0.,1.));
#4952=DIRECTION('',(0.,0.,1.));
#4953=DIRECTION('center_axis',(0.,1.,0.));
#4954=DIRECTION('ref_axis',(-1.,0.,0.));
#4955=DIRECTION('',(1.,0.,0.));
#4956=DIRECTION('',(0.,0.,1.));
#4957=DIRECTION('center_axis',(-6.53072367426563E-17,-1.,0.));
#4958=DIRECTION('ref_axis',(1.,-6.53072367426563E-17,0.));
#4959=DIRECTION('',(0.,0.,1.));
#4960=DIRECTION('',(-1.,6.53072367426563E-17,0.));
#4961=DIRECTION('',(0.,0.,-1.));
#4962=DIRECTION('center_axis',(1.,0.,0.));
#4963=DIRECTION('ref_axis',(0.,1.,0.));
#4964=DIRECTION('',(0.,-1.,0.));
#4965=DIRECTION('',(0.,0.,-1.));
#4966=DIRECTION('center_axis',(-3.00685402502647E-17,-1.,0.));
#4967=DIRECTION('ref_axis',(1.,-3.00685402502647E-17,0.));
#4968=DIRECTION('',(-1.,3.00685402502647E-17,0.));
#4969=DIRECTION('',(0.,0.,1.));
#4970=DIRECTION('center_axis',(1.,0.,0.));
#4971=DIRECTION('ref_axis',(0.,1.,0.));
#4972=DIRECTION('',(0.,-1.,0.));
#4973=DIRECTION('',(0.,0.,1.));
#4974=DIRECTION('center_axis',(8.16340459283203E-18,1.,0.));
#4975=DIRECTION('ref_axis',(1.,-8.16340459283203E-18,0.));
#4976=DIRECTION('',(1.,-8.16340459283203E-18,0.));
#4977=DIRECTION('',(0.,0.,1.));
#4978=DIRECTION('',(0.,0.,-1.));
#4979=DIRECTION('center_axis',(1.,0.,0.));
#4980=DIRECTION('ref_axis',(0.,1.,0.));
#4981=DIRECTION('',(0.,-1.,0.));
#4982=DIRECTION('',(0.,0.,1.));
#4983=DIRECTION('center_axis',(1.,0.,0.));
#4984=DIRECTION('ref_axis',(0.,1.,0.));
#4985=DIRECTION('',(0.,-1.,0.));
#4986=DIRECTION('',(0.,0.,1.));
#4987=DIRECTION('',(0.,0.,-1.));
#4988=DIRECTION('center_axis',(-0.999996867044294,0.00250317829901759,0.));
#4989=DIRECTION('ref_axis',(0.,0.,1.));
#4990=DIRECTION('',(0.,0.,1.));
#4991=DIRECTION('',(0.00250317829901759,0.999996867044294,0.));
#4992=DIRECTION('center_axis',(0.,-1.,0.));
#4993=DIRECTION('ref_axis',(1.,0.,0.));
#4994=DIRECTION('',(0.,0.,-1.));
#4995=DIRECTION('',(-1.,0.,0.));
#4996=DIRECTION('center_axis',(-0.999996867044294,-0.00250317829901759,
0.));
#4997=DIRECTION('ref_axis',(0.,0.,1.));
#4998=DIRECTION('',(-0.00250317829901759,0.999996867044294,0.));
#4999=DIRECTION('',(0.,0.,1.));
#5000=DIRECTION('center_axis',(1.,0.,0.));
#5001=DIRECTION('ref_axis',(0.,1.,0.));
#5002=DIRECTION('',(0.,1.,0.));
#5003=DIRECTION('',(0.,0.,1.));
#5004=DIRECTION('center_axis',(1.,0.,0.));
#5005=DIRECTION('ref_axis',(0.,1.,0.));
#5006=DIRECTION('',(0.,-1.,0.));
#5007=DIRECTION('',(0.,0.,1.));
#5008=DIRECTION('',(0.,0.,1.));
#5009=DIRECTION('center_axis',(8.16340459283203E-18,1.,0.));
#5010=DIRECTION('ref_axis',(1.,-8.16340459283203E-18,0.));
#5011=DIRECTION('',(0.,0.,1.));
#5012=DIRECTION('',(1.,-8.16340459283203E-18,0.));
#5013=DIRECTION('',(0.,0.,1.));
#5014=DIRECTION('center_axis',(-1.,0.,0.));
#5015=DIRECTION('ref_axis',(0.,-1.,0.));
#5016=DIRECTION('',(0.,1.,0.));
#5017=DIRECTION('',(0.,0.,1.));
#5018=DIRECTION('center_axis',(-3.00685402502647E-17,-1.,0.));
#5019=DIRECTION('ref_axis',(1.,-3.00685402502647E-17,0.));
#5020=DIRECTION('',(-1.,3.00685402502647E-17,0.));
#5021=DIRECTION('',(0.,0.,1.));
#5022=DIRECTION('center_axis',(-1.,0.,0.));
#5023=DIRECTION('ref_axis',(0.,-1.,0.));
#5024=DIRECTION('',(0.,1.,0.));
#5025=DIRECTION('',(0.,0.,1.));
#5026=DIRECTION('center_axis',(-6.53072367426563E-17,-1.,0.));
#5027=DIRECTION('ref_axis',(1.,-6.53072367426563E-17,0.));
#5028=DIRECTION('',(-1.,6.53072367426563E-17,0.));
#5029=DIRECTION('',(0.,0.,1.));
#5030=DIRECTION('center_axis',(0.,1.,0.));
#5031=DIRECTION('ref_axis',(-1.,0.,0.));
#5032=DIRECTION('',(0.,0.,1.));
#5033=DIRECTION('',(1.,0.,0.));
#5034=DIRECTION('',(0.,0.,-1.));
#5035=DIRECTION('center_axis',(-1.,0.,0.));
#5036=DIRECTION('ref_axis',(0.,-1.,0.));
#5037=DIRECTION('',(0.,1.,0.));
#5038=DIRECTION('',(0.,0.,-1.));
#5039=DIRECTION('center_axis',(0.,1.,0.));
#5040=DIRECTION('ref_axis',(-1.,0.,0.));
#5041=DIRECTION('',(0.,0.,1.));
#5042=DIRECTION('',(1.,0.,0.));
#5043=DIRECTION('center_axis',(0.,1.,0.));
#5044=DIRECTION('ref_axis',(-1.,0.,0.));
#5045=DIRECTION('',(0.,0.,-1.));
#5046=DIRECTION('',(1.,0.,0.));
#5047=DIRECTION('',(0.,0.,1.));
#5048=DIRECTION('center_axis',(0.,1.,0.));
#5049=DIRECTION('ref_axis',(-1.,0.,0.));
#5050=DIRECTION('',(0.,0.,-1.));
#5051=DIRECTION('',(1.,0.,0.));
#5052=DIRECTION('center_axis',(-0.624695047554425,-4.33469265727751E-17,
0.78086880944303));
#5053=DIRECTION('ref_axis',(0.78086880944303,0.,0.624695047554425));
#5054=DIRECTION('',(0.78086880944303,0.,0.624695047554425));
#5055=DIRECTION('',(6.93889390390896E-17,-1.,0.));
#5056=DIRECTION('',(-0.78086880944303,5.25417291791066E-16,-0.624695047554425));
#5057=DIRECTION('',(-6.93889390390896E-17,1.,0.));
#5058=DIRECTION('center_axis',(0.44172610430049,-0.441726104298282,0.78086880944303));
#5059=DIRECTION('ref_axis',(0.870388279777962,0.,-0.492365963918263));
#5060=DIRECTION('',(0.70710678118478,0.707106781188315,0.));
#5061=DIRECTION('',(0.870388279777962,0.,-0.492365963918263));
#5062=DIRECTION('',(-0.70710678118478,-0.707106781188315,0.));
#5063=DIRECTION('',(0.742971398302409,-0.30774882963122,-0.59437711864201));
#5064=DIRECTION('center_axis',(0.624695047554425,-2.08160599258679E-13,
0.78086880944303));
#5065=DIRECTION('ref_axis',(0.78086880944303,0.,-0.624695047554425));
#5066=DIRECTION('',(-3.33219544597948E-13,-1.,0.));
#5067=DIRECTION('',(-0.78086880944303,5.25417291791066E-16,0.624695047554425));
#5068=DIRECTION('',(3.33219544597948E-13,1.,0.));
#5069=DIRECTION('center_axis',(0.441726104300491,-0.441726104298283,0.78086880944303));
#5070=DIRECTION('ref_axis',(0.870388279777961,0.,-0.492365963918264));
#5071=DIRECTION('',(0.70710678118478,0.707106781188315,0.));
#5072=DIRECTION('',(0.870388279777961,3.54710514179381E-16,-0.492365963918264));
#5073=DIRECTION('',(-0.70710678118478,-0.707106781188315,0.));
#5074=DIRECTION('',(0.74297139830241,-0.307748829631217,-0.59437711864201));
#5075=DIRECTION('center_axis',(0.624695047554425,-2.08160599258679E-13,
0.78086880944303));
#5076=DIRECTION('ref_axis',(0.78086880944303,0.,-0.624695047554425));
#5077=DIRECTION('',(-3.33219544597948E-13,-1.,0.));
#5078=DIRECTION('',(-0.78086880944303,0.,0.624695047554425));
#5079=DIRECTION('',(3.33219544597948E-13,1.,0.));
#5080=DIRECTION('center_axis',(-0.624695047554425,-2.08160599258679E-13,
0.78086880944303));
#5081=DIRECTION('ref_axis',(0.78086880944303,0.,0.624695047554425));
#5082=DIRECTION('',(3.33219544597948E-13,-1.,0.));
#5083=DIRECTION('',(-0.78086880944303,0.,-0.624695047554425));
#5084=DIRECTION('',(-3.33219544597948E-13,1.,0.));
#5085=DIRECTION('',(-0.78086880944303,-3.18228523222805E-16,-0.624695047554425));
#5086=DIRECTION('center_axis',(1.,0.,0.));
#5087=DIRECTION('ref_axis',(0.,-1.,0.));
#5088=DIRECTION('',(0.,0.,1.));
#5089=DIRECTION('',(0.,0.,-1.));
#5090=DIRECTION('center_axis',(0.707106781186549,-0.707106781186546,0.));
#5091=DIRECTION('ref_axis',(0.,0.,-1.));
#5092=DIRECTION('',(0.,0.,1.));
#5093=DIRECTION('center_axis',(0.,1.,0.));
#5094=DIRECTION('ref_axis',(1.,0.,0.));
#5095=DIRECTION('',(0.,0.,1.));
#5096=DIRECTION('center_axis',(1.,0.,0.));
#5097=DIRECTION('ref_axis',(0.,0.,-1.));
#5098=DIRECTION('',(0.,0.,-1.));
#5099=DIRECTION('center_axis',(0.,-1.,0.));
#5100=DIRECTION('ref_axis',(-1.,0.,0.));
#5101=DIRECTION('',(0.,0.,-1.));
#5102=DIRECTION('center_axis',(0.707106781186549,0.707106781186546,0.));
#5103=DIRECTION('ref_axis',(0.,0.,-1.));
#5104=DIRECTION('',(0.,0.,1.));
#5105=DIRECTION('center_axis',(1.,0.,0.));
#5106=DIRECTION('ref_axis',(0.,-1.,0.));
#5107=DIRECTION('',(0.,0.,-1.));
#5108=DIRECTION('center_axis',(0.225834261324212,-0.974165738677022,0.));
#5109=DIRECTION('ref_axis',(0.974165738677022,0.225834261324212,0.));
#5110=DIRECTION('',(0.,0.,-1.));
#5111=DIRECTION('center_axis',(0.,0.,1.));
#5112=DIRECTION('ref_axis',(1.,7.239013934267E-14,0.));
#5113=DIRECTION('',(0.,0.,-1.));
#5114=DIRECTION('center_axis',(0.22583426132433,0.974165738676995,0.));
#5115=DIRECTION('ref_axis',(-0.974165738676995,0.22583426132433,0.));
#5116=DIRECTION('center_axis',(-0.225834261324327,0.974165738676995,0.));
#5117=DIRECTION('ref_axis',(-0.974165738676995,-0.225834261324327,0.));
#5118=DIRECTION('',(0.,0.,-1.));
#5119=DIRECTION('',(0.,0.,1.));
#5120=DIRECTION('center_axis',(0.,0.,1.));
#5121=DIRECTION('ref_axis',(-1.,1.89960541296085E-13,0.));
#5122=DIRECTION('',(0.,0.,-1.));
#5123=DIRECTION('center_axis',(-0.225834261323704,-0.97416573867714,0.));
#5124=DIRECTION('ref_axis',(0.97416573867714,-0.225834261323704,0.));
#5125=DIRECTION('',(0.,0.,-1.));
#5126=DIRECTION('center_axis',(1.,0.,0.));
#5127=DIRECTION('ref_axis',(0.,-1.,0.));
#5128=DIRECTION('',(0.,0.,1.));
#5129=DIRECTION('center_axis',(0.707106781186549,-0.707106781186546,0.));
#5130=DIRECTION('ref_axis',(0.,0.,-1.));
#5131=DIRECTION('',(0.,0.,-1.));
#5132=DIRECTION('center_axis',(0.,1.,0.));
#5133=DIRECTION('ref_axis',(1.,0.,0.));
#5134=DIRECTION('',(0.,0.,-1.));
#5135=DIRECTION('center_axis',(1.,0.,0.));
#5136=DIRECTION('ref_axis',(0.,0.,-1.));
#5137=DIRECTION('',(0.,0.,1.));
#5138=DIRECTION('center_axis',(0.,-1.,0.));
#5139=DIRECTION('ref_axis',(-1.,0.,0.));
#5140=DIRECTION('',(0.,0.,1.));
#5141=DIRECTION('center_axis',(0.707106781186549,0.707106781186546,0.));
#5142=DIRECTION('ref_axis',(0.,0.,-1.));
#5143=DIRECTION('',(0.,0.,-1.));
#5144=DIRECTION('center_axis',(1.,0.,0.));
#5145=DIRECTION('ref_axis',(0.,-1.,0.));
#5146=DIRECTION('center_axis',(0.,1.,0.));
#5147=DIRECTION('ref_axis',(1.,0.,0.));
#5148=DIRECTION('',(1.,0.,0.));
#5149=DIRECTION('',(0.,0.,-1.));
#5150=DIRECTION('',(0.,0.,-1.));
#5151=DIRECTION('center_axis',(1.,0.,0.));
#5152=DIRECTION('ref_axis',(0.,-1.,0.));
#5153=DIRECTION('',(0.,0.,-1.));
#5154=DIRECTION('center_axis',(0.,-1.,0.));
#5155=DIRECTION('ref_axis',(-1.,0.,0.));
#5156=DIRECTION('',(0.,0.,1.));
#5157=DIRECTION('center_axis',(-1.,0.,0.));
#5158=DIRECTION('ref_axis',(0.,1.,0.));
#5159=DIRECTION('',(0.,0.,-1.));
#5160=DIRECTION('center_axis',(0.,1.,0.));
#5161=DIRECTION('ref_axis',(1.,0.,0.));
#5162=DIRECTION('',(1.,0.,0.));
#5163=DIRECTION('',(0.,0.,-1.));
#5164=DIRECTION('center_axis',(1.,0.,0.));
#5165=DIRECTION('ref_axis',(0.,-1.,0.));
#5166=DIRECTION('',(0.,0.,-1.));
#5167=DIRECTION('center_axis',(0.,-1.,0.));
#5168=DIRECTION('ref_axis',(-1.,0.,0.));
#5169=DIRECTION('',(0.,0.,-1.));
#5170=DIRECTION('center_axis',(0.,0.,1.));
#5171=DIRECTION('ref_axis',(0.707106781186547,-0.707106781186547,0.));
#5172=DIRECTION('',(0.,0.,1.));
#5173=DIRECTION('center_axis',(1.,0.,0.));
#5174=DIRECTION('ref_axis',(0.,-1.,0.));
#5175=DIRECTION('',(0.,-1.,0.));
#5176=DIRECTION('',(0.,0.,-1.));
#5177=DIRECTION('center_axis',(0.,0.,1.));
#5178=DIRECTION('ref_axis',(0.707106781186547,0.707106781186547,0.));
#5179=DIRECTION('',(0.,0.,-1.));
#5180=DIRECTION('center_axis',(-1.,0.,0.));
#5181=DIRECTION('ref_axis',(0.,-1.,0.));
#5182=DIRECTION('',(0.,0.,1.));
#5183=DIRECTION('center_axis',(0.,1.,0.));
#5184=DIRECTION('ref_axis',(-1.,0.,0.));
#5185=DIRECTION('',(0.,0.,-1.));
#5186=DIRECTION('center_axis',(1.,0.,0.));
#5187=DIRECTION('ref_axis',(0.,0.,1.));
#5188=DIRECTION('',(0.,0.,1.));
#5189=DIRECTION('center_axis',(0.,1.,0.));
#5190=DIRECTION('ref_axis',(0.,0.,-1.));
#5191=DIRECTION('',(0.,0.,1.));
#5192=DIRECTION('center_axis',(-0.371390676354104,0.928476690885259,0.));
#5193=DIRECTION('ref_axis',(0.,0.,-1.));
#5194=DIRECTION('',(0.,0.,-1.));
#5195=DIRECTION('center_axis',(-1.,0.,0.));
#5196=DIRECTION('ref_axis',(0.,0.,1.));
#5197=DIRECTION('',(0.,0.,-1.));
#5198=DIRECTION('center_axis',(0.,-1.,0.));
#5199=DIRECTION('ref_axis',(-1.,0.,0.));
#5200=DIRECTION('',(0.,0.,1.));
#5201=DIRECTION('center_axis',(0.225834261323704,0.97416573867714,0.));
#5202=DIRECTION('ref_axis',(-0.97416573867714,0.225834261323704,0.));
#5203=DIRECTION('',(0.,0.,-1.));
#5204=DIRECTION('center_axis',(0.,0.,1.));
#5205=DIRECTION('ref_axis',(-1.,-4.01405926463145E-16,0.));
#5206=DIRECTION('',(0.,0.,-1.));
#5207=DIRECTION('center_axis',(0.225834261323705,-0.974165738677139,0.));
#5208=DIRECTION('ref_axis',(0.974165738677139,0.225834261323705,0.));
#5209=DIRECTION('',(0.,0.,-1.));
#5210=DIRECTION('center_axis',(0.,1.,0.));
#5211=DIRECTION('ref_axis',(1.,0.,0.));
#5212=DIRECTION('',(0.,0.,-1.));
#5213=DIRECTION('center_axis',(-1.,0.,0.));
#5214=DIRECTION('ref_axis',(0.,0.,1.));
#5215=DIRECTION('',(0.,0.,1.));
#5216=DIRECTION('center_axis',(-0.371390676354104,-0.928476690885259,0.));
#5217=DIRECTION('ref_axis',(0.,0.,1.));
#5218=DIRECTION('',(0.,0.,-1.));
#5219=DIRECTION('center_axis',(0.,1.,0.));
#5220=DIRECTION('ref_axis',(0.,0.,-1.));
#5221=DIRECTION('',(0.,0.,1.));
#5222=DIRECTION('center_axis',(-1.,0.,0.));
#5223=DIRECTION('ref_axis',(0.,0.,1.));
#5224=DIRECTION('',(0.,0.,1.));
#5225=DIRECTION('center_axis',(0.,-1.,0.));
#5226=DIRECTION('ref_axis',(1.,0.,0.));
#5227=DIRECTION('',(0.,0.,1.));
#5228=DIRECTION('center_axis',(-1.,0.,0.));
#5229=DIRECTION('ref_axis',(0.,-1.,0.));
#5230=DIRECTION('',(0.,0.,1.));
#5231=DIRECTION('center_axis',(-0.707106781186548,-0.707106781186548,0.));
#5232=DIRECTION('ref_axis',(0.,0.,1.));
#5233=DIRECTION('',(0.,0.,-1.));
#5234=DIRECTION('center_axis',(0.,1.,0.));
#5235=DIRECTION('ref_axis',(-1.,0.,0.));
#5236=DIRECTION('',(-1.,0.,0.));
#5237=DIRECTION('',(0.,0.,-1.));
#5238=DIRECTION('',(-1.,0.,0.));
#5239=DIRECTION('center_axis',(-0.707106781186548,0.707106781186548,0.));
#5240=DIRECTION('ref_axis',(0.,0.,1.));
#5241=DIRECTION('',(0.,0.,1.));
#5242=DIRECTION('center_axis',(-1.,0.,0.));
#5243=DIRECTION('ref_axis',(0.,-1.,0.));
#5244=DIRECTION('',(0.,0.,-1.));
#5245=DIRECTION('center_axis',(0.,1.,0.));
#5246=DIRECTION('ref_axis',(-1.,0.,0.));
#5247=DIRECTION('',(0.,0.,1.));
#5248=DIRECTION('center_axis',(-1.,0.,0.));
#5249=DIRECTION('ref_axis',(0.,0.,1.));
#5250=DIRECTION('',(0.,0.,1.));
#5251=DIRECTION('center_axis',(0.,-1.,0.));
#5252=DIRECTION('ref_axis',(0.,0.,-1.));
#5253=DIRECTION('',(0.,0.,-1.));
#5254=DIRECTION('center_axis',(-0.371390676354104,0.928476690885259,0.));
#5255=DIRECTION('ref_axis',(0.,0.,1.));
#5256=DIRECTION('',(0.,0.,1.));
#5257=DIRECTION('center_axis',(-1.,0.,0.));
#5258=DIRECTION('ref_axis',(0.,0.,1.));
#5259=DIRECTION('',(0.,0.,-1.));
#5260=DIRECTION('center_axis',(0.,-1.,0.));
#5261=DIRECTION('ref_axis',(-1.,0.,0.));
#5262=DIRECTION('',(0.,0.,-1.));
#5263=DIRECTION('center_axis',(-0.225834261323707,-0.974165738677139,0.));
#5264=DIRECTION('ref_axis',(0.974165738677139,-0.225834261323707,0.));
#5265=DIRECTION('',(0.,0.,-1.));
#5266=DIRECTION('center_axis',(0.,0.,1.));
#5267=DIRECTION('ref_axis',(1.,1.40492074262101E-15,0.));
#5268=DIRECTION('',(0.,0.,-1.));
#5269=DIRECTION('center_axis',(-0.225834261323704,0.97416573867714,0.));
#5270=DIRECTION('ref_axis',(-0.97416573867714,-0.225834261323704,0.));
#5271=DIRECTION('',(0.,0.,1.));
#5272=DIRECTION('center_axis',(0.,1.,0.));
#5273=DIRECTION('ref_axis',(1.,0.,0.));
#5274=DIRECTION('',(0.,0.,-1.));
#5275=DIRECTION('center_axis',(-1.,0.,0.));
#5276=DIRECTION('ref_axis',(0.,0.,1.));
#5277=DIRECTION('',(0.,0.,-1.));
#5278=DIRECTION('center_axis',(-0.371390676354104,-0.928476690885259,0.));
#5279=DIRECTION('ref_axis',(0.,0.,-1.));
#5280=DIRECTION('',(0.,0.,-1.));
#5281=DIRECTION('center_axis',(0.,-1.,0.));
#5282=DIRECTION('ref_axis',(0.,0.,-1.));
#5283=DIRECTION('',(0.,0.,-1.));
#5284=DIRECTION('center_axis',(1.,0.,0.));
#5285=DIRECTION('ref_axis',(0.,0.,1.));
#5286=DIRECTION('',(0.,0.,-1.));
#5287=DIRECTION('center_axis',(0.,-1.,0.));
#5288=DIRECTION('ref_axis',(1.,0.,0.));
#5289=DIRECTION('',(0.,0.,1.));
#5290=DIRECTION('center_axis',(-1.,0.,0.));
#5291=DIRECTION('ref_axis',(0.,-1.,0.));
#5292=DIRECTION('',(0.,0.,1.));
#5293=DIRECTION('center_axis',(0.,0.,-1.));
#5294=DIRECTION('ref_axis',(-0.707106781186547,0.707106781186547,0.));
#5295=DIRECTION('',(0.,0.,1.));
#5296=DIRECTION('center_axis',(-1.,0.,0.));
#5297=DIRECTION('ref_axis',(0.,1.,0.));
#5298=DIRECTION('',(0.,0.,-1.));
#5299=DIRECTION('',(0.,1.,0.));
#5300=DIRECTION('center_axis',(0.,0.,1.));
#5301=DIRECTION('ref_axis',(-0.707106781186547,-0.707106781186547,0.));
#5302=DIRECTION('',(0.,0.,1.));
#5303=DIRECTION('center_axis',(0.,-1.,0.));
#5304=DIRECTION('ref_axis',(-1.,0.,0.));
#5305=DIRECTION('',(0.,0.,1.));
#5306=DIRECTION('center_axis',(-1.,0.,0.));
#5307=DIRECTION('ref_axis',(0.,1.,0.));
#5308=DIRECTION('center_axis',(0.,1.,0.));
#5309=DIRECTION('ref_axis',(-1.,0.,0.));
#5310=DIRECTION('',(0.,0.,1.));
#5311=DIRECTION('',(1.,0.,0.));
#5312=DIRECTION('',(0.,0.,1.));
#5313=DIRECTION('center_axis',(1.,6.93889390390896E-17,0.));
#5314=DIRECTION('ref_axis',(-6.93889390390896E-17,1.,0.));
#5315=DIRECTION('',(0.,0.,1.));
#5316=DIRECTION('center_axis',(-6.72862439166741E-16,-1.,0.));
#5317=DIRECTION('ref_axis',(1.,-6.72862439166741E-16,0.));
#5318=DIRECTION('',(0.,0.,1.));
#5319=DIRECTION('',(-1.,6.72862439166741E-16,0.));
#5320=DIRECTION('center_axis',(-1.,3.33219544597948E-13,0.));
#5321=DIRECTION('ref_axis',(-3.33219544597948E-13,-1.,0.));
#5322=DIRECTION('',(0.,0.,-1.));
#5323=DIRECTION('center_axis',(-0.707106781188315,0.70710678118478,0.));
#5324=DIRECTION('ref_axis',(-0.70710678118478,-0.707106781188315,0.));
#5325=DIRECTION('center_axis',(0.,-1.,0.));
#5326=DIRECTION('ref_axis',(1.,0.,0.));
#5327=DIRECTION('',(0.,0.,1.));
#5328=DIRECTION('',(1.,0.,0.));
#5329=DIRECTION('',(0.,0.,1.));
#5330=DIRECTION('center_axis',(-1.,3.33219544597948E-13,0.));
#5331=DIRECTION('ref_axis',(-3.33219544597948E-13,-1.,0.));
#5332=DIRECTION('',(0.,0.,-1.));
#5333=DIRECTION('center_axis',(-0.707106781188315,0.70710678118478,0.));
#5334=DIRECTION('ref_axis',(-0.70710678118478,-0.707106781188315,0.));
#5335=DIRECTION('',(0.,0.,1.));
#5336=DIRECTION('center_axis',(-4.07531354018081E-16,1.,0.));
#5337=DIRECTION('ref_axis',(-1.,-4.07531354018081E-16,0.));
#5338=DIRECTION('',(-1.,4.07531354018081E-16,0.));
#5339=DIRECTION('',(0.,0.,-1.));
#5340=DIRECTION('center_axis',(-1.,-3.33219544597948E-13,0.));
#5341=DIRECTION('ref_axis',(3.33219544597948E-13,-1.,0.));
#5342=DIRECTION('center_axis',(-1.,0.,0.));
#5343=DIRECTION('ref_axis',(0.,-1.,0.));
#5344=DIRECTION('',(0.,0.,1.));
#5345=DIRECTION('',(0.,1.,0.));
#5346=DIRECTION('center_axis',(-2.15612202142327E-16,1.,0.));
#5347=DIRECTION('ref_axis',(-1.,-2.15612202142327E-16,0.));
#5348=DIRECTION('',(-1.,-2.15612202142327E-16,0.));
#5349=DIRECTION('center_axis',(0.,0.,-1.));
#5350=DIRECTION('ref_axis',(-1.,0.,0.));
#5351=DIRECTION('',(0.,-1.,0.));
#5352=DIRECTION('center_axis',(1.,0.,0.));
#5353=DIRECTION('ref_axis',(0.,1.,0.));
#5354=DIRECTION('center_axis',(0.,0.,-1.));
#5355=DIRECTION('ref_axis',(-1.,0.,0.));
#5356=DIRECTION('',(0.,1.,0.));
#5357=DIRECTION('',(1.,0.,0.));
#5358=DIRECTION('',(0.,-1.,0.));
#5359=DIRECTION('',(-1.,0.,0.));
#5360=DIRECTION('center_axis',(-3.38989578006894E-94,-0.707106781186548,
0.707106781186547));
#5361=DIRECTION('ref_axis',(1.,0.,4.79403658720482E-94));
#5362=DIRECTION('',(1.,-4.79403658720481E-94,0.));
#5363=DIRECTION('',(3.38989578006893E-94,0.707106781186547,0.707106781186548));
#5364=DIRECTION('',(-1.,4.79403658720481E-94,0.));
#5365=DIRECTION('',(-0.281084637714822,-0.678598344545845,-0.678598344545848));
#5366=DIRECTION('center_axis',(-0.5,-0.5,0.707106781186548));
#5367=DIRECTION('ref_axis',(0.816496580927727,0.,0.577350269189625));
#5368=DIRECTION('',(-0.707106781186548,0.707106781186547,0.));
#5369=DIRECTION('',(0.816496580927727,0.,0.577350269189625));
#5370=DIRECTION('',(0.707106781186548,-0.707106781186547,0.));
#5371=DIRECTION('center_axis',(-4.79403658720481E-94,-1.,0.));
#5372=DIRECTION('ref_axis',(1.,-4.79403658720481E-94,0.));
#5373=DIRECTION('',(0.,0.,1.));
#5374=DIRECTION('',(-1.,0.,0.));
#5375=DIRECTION('',(0.,0.,1.));
#5376=DIRECTION('center_axis',(-0.707106781186547,-0.707106781186548,0.));
#5377=DIRECTION('ref_axis',(0.,0.,1.));
#5378=DIRECTION('',(0.,0.,1.));
#5379=DIRECTION('',(0.707106781186548,-0.707106781186547,0.));
#5380=DIRECTION('center_axis',(-0.5,0.5,0.707106781186548));
#5381=DIRECTION('ref_axis',(0.816496580927726,0.,0.577350269189625));
#5382=DIRECTION('',(-0.707106781186548,-0.707106781186548,0.));
#5383=DIRECTION('',(-0.816496580927726,0.,-0.577350269189625));
#5384=DIRECTION('',(0.707106781186548,0.707106781186548,0.));
#5385=DIRECTION('',(-0.281084637714822,0.678598344545847,-0.678598344545847));
#5386=DIRECTION('center_axis',(3.38989578006894E-94,0.707106781186548,0.707106781186548));
#5387=DIRECTION('ref_axis',(1.,0.,-4.79403658720481E-94));
#5388=DIRECTION('',(1.,-4.79403658720481E-94,0.));
#5389=DIRECTION('',(3.38989578006894E-94,0.707106781186548,-0.707106781186548));
#5390=DIRECTION('',(-1.,4.79403658720481E-94,0.));
#5391=DIRECTION('center_axis',(1.,-4.79403658720481E-94,0.));
#5392=DIRECTION('ref_axis',(4.79403658720481E-94,1.,0.));
#5393=DIRECTION('',(-4.79403658720481E-94,-1.,0.));
#5394=DIRECTION('',(0.,0.,-1.));
#5395=DIRECTION('',(4.79403658720481E-94,1.,0.));
#5396=DIRECTION('center_axis',(0.,0.,1.));
#5397=DIRECTION('ref_axis',(1.,0.,0.));
#5398=DIRECTION('',(1.,0.,0.));
#5399=DIRECTION('',(0.,-1.,0.));
#5400=DIRECTION('',(-1.,0.,0.));
#5401=DIRECTION('center_axis',(-0.707106781186548,0.,0.707106781186548));
#5402=DIRECTION('ref_axis',(0.707106781186548,0.,0.707106781186548));
#5403=DIRECTION('',(0.707106781186547,0.,0.707106781186547));
#5404=DIRECTION('',(0.,1.,0.));
#5405=DIRECTION('',(-0.707106781186547,0.,-0.707106781186547));
#5406=DIRECTION('',(0.,-1.,0.));
#5407=DIRECTION('center_axis',(0.,1.,0.));
#5408=DIRECTION('ref_axis',(-1.,0.,0.));
#5409=DIRECTION('',(-1.,0.,0.));
#5410=DIRECTION('',(-0.707106781186547,0.,0.707106781186547));
#5411=DIRECTION('',(0.,0.,1.));
#5412=DIRECTION('',(0.,0.,1.));
#5413=DIRECTION('center_axis',(0.,0.,1.));
#5414=DIRECTION('ref_axis',(1.,0.,0.));
#5415=DIRECTION('',(1.,0.,0.));
#5416=DIRECTION('',(0.,-1.,0.));
#5417=DIRECTION('center_axis',(0.707106781186548,0.,0.707106781186548));
#5418=DIRECTION('ref_axis',(0.707106781186548,0.,-0.707106781186548));
#5419=DIRECTION('',(0.707106781186548,0.,-0.707106781186548));
#5420=DIRECTION('',(0.,1.,0.));
#5421=DIRECTION('center_axis',(1.,0.,0.));
#5422=DIRECTION('ref_axis',(0.,1.,0.));
#5423=DIRECTION('',(0.,0.,1.));
#5424=DIRECTION('center_axis',(0.,-1.,0.));
#5425=DIRECTION('ref_axis',(1.,0.,0.));
#5426=DIRECTION('',(0.,0.,1.));
#5427=DIRECTION('center_axis',(-0.707106781186548,0.707106781186548,0.));
#5428=DIRECTION('ref_axis',(0.,0.,1.));
#5429=DIRECTION('',(0.,0.,-1.));
#5430=DIRECTION('',(-0.707106781186548,-0.707106781186548,0.));
#5431=DIRECTION('',(0.,0.,1.));
#5432=DIRECTION('center_axis',(-1.,0.,0.));
#5433=DIRECTION('ref_axis',(0.,0.,1.));
#5434=DIRECTION('',(4.79403658720481E-94,1.,0.));
#5435=DIRECTION('',(0.,-2.44005060357177E-16,1.));
#5436=DIRECTION('',(0.,0.,-1.));
#5437=DIRECTION('',(4.79403658720481E-94,1.,0.));
#5438=DIRECTION('',(4.79403658720481E-94,1.,0.));
#5439=DIRECTION('',(0.,0.,-1.));
#5440=DIRECTION('',(0.,1.,0.));
#5441=DIRECTION('',(0.,0.,1.));
#5442=DIRECTION('center_axis',(0.,0.,-1.));
#5443=DIRECTION('ref_axis',(-1.,0.,0.));
#5444=DIRECTION('',(1.,-4.79403658720481E-94,0.));
#5445=DIRECTION('',(1.,0.,0.));
#5446=DIRECTION('',(0.,1.,0.));
#5447=DIRECTION('',(-1.,0.,0.));
#5448=DIRECTION('',(1.,0.,0.));
#5449=DIRECTION('',(0.,1.,0.));
#5450=DIRECTION('',(-1.,0.,0.));
#5451=DIRECTION('center_axis',(0.,0.,1.));
#5452=DIRECTION('ref_axis',(0.,-1.,0.));
#5453=DIRECTION('',(1.,0.,0.));
#5454=DIRECTION('',(0.,-1.,0.));
#5455=DIRECTION('',(1.,0.,0.));
#5456=DIRECTION('center_axis',(0.,-1.,0.));
#5457=DIRECTION('ref_axis',(0.,0.,-1.));
#5458=DIRECTION('',(0.,0.,-1.));
#5459=DIRECTION('center_axis',(0.,1.,2.44005060357177E-16));
#5460=DIRECTION('ref_axis',(0.,-2.44005060357177E-16,1.));
#5461=DIRECTION('',(0.,0.,-1.));
#5462=DIRECTION('center_axis',(0.,-1.,0.));
#5463=DIRECTION('ref_axis',(0.,0.,-1.));
#5464=DIRECTION('',(0.,0.,-1.));
#5465=DIRECTION('center_axis',(0.,1.,0.));
#5466=DIRECTION('ref_axis',(0.,0.,1.));
#5467=DIRECTION('',(0.,0.,1.));
#5468=DIRECTION('center_axis',(1.,0.,0.));
#5469=DIRECTION('ref_axis',(0.,0.,-1.));
#5470=DIRECTION('center_axis',(4.79403658720481E-94,1.,0.));
#5471=DIRECTION('ref_axis',(-1.,4.79403658720481E-94,0.));
#5472=DIRECTION('center_axis',(0.,0.,-1.));
#5473=DIRECTION('ref_axis',(-1.,0.,0.));
#5474=DIRECTION('',(0.,-1.,0.));
#5475=DIRECTION('',(-1.,0.,0.));
#5476=DIRECTION('',(0.,1.,0.));
#5477=DIRECTION('',(1.,0.,0.));
#5478=DIRECTION('center_axis',(-3.38989578006894E-94,0.707106781186548,
0.707106781186548));
#5479=DIRECTION('ref_axis',(1.,0.,4.79403658720481E-94));
#5480=DIRECTION('',(-1.,-4.79403658720481E-94,0.));
#5481=DIRECTION('',(3.38989578006894E-94,-0.707106781186548,0.707106781186548));
#5482=DIRECTION('',(1.,4.79403658720481E-94,0.));
#5483=DIRECTION('',(0.281084637714822,0.678598344545847,-0.678598344545847));
#5484=DIRECTION('center_axis',(0.5,0.5,0.707106781186548));
#5485=DIRECTION('ref_axis',(0.816496580927726,0.,-0.577350269189625));
#5486=DIRECTION('',(0.707106781186548,-0.707106781186548,0.));
#5487=DIRECTION('',(-0.816496580927726,0.,0.577350269189625));
#5488=DIRECTION('',(-0.707106781186548,0.707106781186548,0.));
#5489=DIRECTION('center_axis',(4.79403658720481E-94,-1.,0.));
#5490=DIRECTION('ref_axis',(1.,4.79403658720481E-94,0.));
#5491=DIRECTION('',(0.,0.,-1.));
#5492=DIRECTION('',(-1.,-4.79403658720481E-94,0.));
#5493=DIRECTION('',(0.,0.,-1.));
#5494=DIRECTION('center_axis',(-0.707106781186548,-0.707106781186548,0.));
#5495=DIRECTION('ref_axis',(0.,0.,1.));
#5496=DIRECTION('',(0.,0.,1.));
#5497=DIRECTION('',(0.707106781186548,-0.707106781186548,0.));
#5498=DIRECTION('center_axis',(0.5,-0.5,0.707106781186548));
#5499=DIRECTION('ref_axis',(0.816496580927727,0.,-0.577350269189625));
#5500=DIRECTION('',(0.707106781186548,0.707106781186547,0.));
#5501=DIRECTION('',(0.816496580927727,0.,-0.577350269189625));
#5502=DIRECTION('',(-0.707106781186548,-0.707106781186547,0.));
#5503=DIRECTION('',(0.281084637714822,-0.678598344545847,-0.678598344545847));
#5504=DIRECTION('center_axis',(3.38989578006894E-94,-0.707106781186548,
0.707106781186548));
#5505=DIRECTION('ref_axis',(1.,0.,-4.79403658720481E-94));
#5506=DIRECTION('',(-1.,-4.79403658720481E-94,0.));
#5507=DIRECTION('',(3.38989578006894E-94,-0.707106781186548,-0.707106781186548));
#5508=DIRECTION('',(1.,4.79403658720481E-94,0.));
#5509=DIRECTION('center_axis',(1.,4.79403658720481E-94,0.));
#5510=DIRECTION('ref_axis',(-4.79403658720481E-94,1.,0.));
#5511=DIRECTION('',(4.79403658720481E-94,-1.,0.));
#5512=DIRECTION('',(0.,0.,1.));
#5513=DIRECTION('',(-4.79403658720481E-94,1.,0.));
#5514=DIRECTION('center_axis',(0.,0.,-1.));
#5515=DIRECTION('ref_axis',(-1.,0.,0.));
#5516=DIRECTION('',(1.,0.,0.));
#5517=DIRECTION('',(0.,-1.,0.));
#5518=DIRECTION('',(-1.,0.,0.));
#5519=DIRECTION('center_axis',(-0.707106781186548,0.,-0.707106781186548));
#5520=DIRECTION('ref_axis',(-0.707106781186548,0.,0.707106781186548));
#5521=DIRECTION('',(-0.707106781186547,0.,0.707106781186547));
#5522=DIRECTION('',(0.,-1.,0.));
#5523=DIRECTION('',(0.707106781186547,0.,-0.707106781186547));
#5524=DIRECTION('',(0.,1.,0.));
#5525=DIRECTION('center_axis',(0.,-1.,0.));
#5526=DIRECTION('ref_axis',(1.,0.,0.));
#5527=DIRECTION('',(0.,0.,1.));
#5528=DIRECTION('',(0.,0.,1.));
#5529=DIRECTION('',(0.707106781186547,0.,0.707106781186547));
#5530=DIRECTION('',(1.,0.,0.));
#5531=DIRECTION('center_axis',(0.,0.,-1.));
#5532=DIRECTION('ref_axis',(-1.,0.,0.));
#5533=DIRECTION('',(0.,-1.,0.));
#5534=DIRECTION('',(-1.,0.,0.));
#5535=DIRECTION('center_axis',(0.707106781186548,0.,-0.707106781186548));
#5536=DIRECTION('ref_axis',(-0.707106781186548,0.,-0.707106781186548));
#5537=DIRECTION('',(0.,1.,0.));
#5538=DIRECTION('',(-0.707106781186548,0.,-0.707106781186548));
#5539=DIRECTION('center_axis',(1.,0.,0.));
#5540=DIRECTION('ref_axis',(0.,1.,0.));
#5541=DIRECTION('',(0.,0.,1.));
#5542=DIRECTION('center_axis',(0.,1.,0.));
#5543=DIRECTION('ref_axis',(-1.,0.,0.));
#5544=DIRECTION('',(0.,0.,1.));
#5545=DIRECTION('center_axis',(-1.,0.,0.));
#5546=DIRECTION('ref_axis',(0.,0.,1.));
#5547=DIRECTION('',(0.,0.,1.));
#5548=DIRECTION('',(-4.79403658720481E-94,1.,0.));
#5549=DIRECTION('',(0.,0.,-1.));
#5550=DIRECTION('',(0.,-2.44005060357177E-16,1.));
#5551=DIRECTION('',(-4.79403658720481E-94,1.,0.));
#5552=DIRECTION('',(-4.79403658720481E-94,1.,0.));
#5553=DIRECTION('',(0.,0.,1.));
#5554=DIRECTION('',(0.,1.,0.));
#5555=DIRECTION('',(0.,0.,-1.));
#5556=DIRECTION('center_axis',(0.,0.,1.));
#5557=DIRECTION('ref_axis',(1.,0.,0.));
#5558=DIRECTION('',(1.,0.,0.));
#5559=DIRECTION('',(0.,1.,0.));
#5560=DIRECTION('',(-1.,0.,0.));
#5561=DIRECTION('',(1.,0.,0.));
#5562=DIRECTION('',(0.,1.,0.));
#5563=DIRECTION('',(-1.,0.,0.));
#5564=DIRECTION('',(-0.707106781186548,-0.707106781186547,0.));
#5565=DIRECTION('',(1.,0.,0.));
#5566=DIRECTION('center_axis',(-0.707106781186547,0.707106781186548,0.));
#5567=DIRECTION('ref_axis',(0.,0.,1.));
#5568=DIRECTION('',(0.,0.,1.));
#5569=DIRECTION('center_axis',(-4.79403658720481E-94,1.,0.));
#5570=DIRECTION('ref_axis',(-1.,-4.79403658720481E-94,0.));
#5571=DIRECTION('center_axis',(0.,0.,-1.));
#5572=DIRECTION('ref_axis',(0.,-1.,0.));
#5573=DIRECTION('',(-1.,0.,0.));
#5574=DIRECTION('',(0.,-1.,0.));
#5575=DIRECTION('',(-1.,0.,0.));
#5576=DIRECTION('center_axis',(0.,1.,0.));
#5577=DIRECTION('ref_axis',(0.,0.,-1.));
#5578=DIRECTION('',(0.,0.,-1.));
#5579=DIRECTION('center_axis',(0.,-1.,-2.44005060357177E-16));
#5580=DIRECTION('ref_axis',(0.,-2.44005060357177E-16,1.));
#5581=DIRECTION('',(0.,0.,-1.));
#5582=DIRECTION('center_axis',(0.,1.,0.));
#5583=DIRECTION('ref_axis',(0.,0.,-1.));
#5584=DIRECTION('',(0.,0.,-1.));
#5585=DIRECTION('center_axis',(0.,-1.,0.));
#5586=DIRECTION('ref_axis',(0.,0.,1.));
#5587=DIRECTION('',(0.,0.,1.));
#5588=DIRECTION('center_axis',(1.,0.,0.));
#5589=DIRECTION('ref_axis',(0.,0.,-1.));
#5590=CARTESIAN_POINT('',(0.,0.,0.));
#5591=CARTESIAN_POINT('Origin',(7.74101699508767,14.0000003764942,33.22));
#5592=CARTESIAN_POINT('',(6.47101699508767,23.8000003764942,33.22));
#5593=CARTESIAN_POINT('',(9.01101699508767,23.8000003764942,33.22));
#5594=CARTESIAN_POINT('',(7.10601699508767,23.8000003764942,33.22));
#5595=CARTESIAN_POINT('',(6.47101699508767,4.2000003764942,33.22));
#5596=CARTESIAN_POINT('',(6.47101699508767,8.81420300339666,33.22));
#5597=CARTESIAN_POINT('',(9.01101699508767,4.2000003764942,33.22));
#5598=CARTESIAN_POINT('',(8.37601699508767,4.2000003764942,33.22));
#5599=CARTESIAN_POINT('',(9.01101699508767,19.2154742759372,33.22));
#5600=CARTESIAN_POINT('Origin',(6.47101699508767,3.62840563029911,33.));
#5601=CARTESIAN_POINT('',(6.47101699508767,23.8000003764942,34.62));
#5602=CARTESIAN_POINT('',(6.47101699508767,23.8000003764942,33.));
#5603=CARTESIAN_POINT('',(6.47101699508767,4.2000003764942,34.62));
#5604=CARTESIAN_POINT('',(6.47101699508767,8.81420300339645,34.62));
#5605=CARTESIAN_POINT('',(6.47101699508767,4.2000003764942,33.));
#5606=CARTESIAN_POINT('Origin',(6.47101699508767,23.8000003764942,33.));
#5607=CARTESIAN_POINT('',(9.01101699508767,23.8000003764942,34.62));
#5608=CARTESIAN_POINT('',(9.01101699508767,23.8000003764942,33.));
#5609=CARTESIAN_POINT('',(-9.01106407258319,23.8000003764942,34.62));
#5610=CARTESIAN_POINT('Origin',(-7.74106407258319,14.0000003764942,33.22));
#5611=CARTESIAN_POINT('',(-9.01106407258319,4.2000003764942,33.22));
#5612=CARTESIAN_POINT('',(-9.01106407258319,23.8000003764942,33.22));
#5613=CARTESIAN_POINT('',(-9.01106407258319,19.2154742759372,33.22));
#5614=CARTESIAN_POINT('',(-6.47106407258319,4.2000003764942,33.22));
#5615=CARTESIAN_POINT('',(-7.10606407258319,4.2000003764942,33.22));
#5616=CARTESIAN_POINT('',(-6.47106407258319,23.8000003764942,33.22));
#5617=CARTESIAN_POINT('',(-6.47106407258319,8.81420300339665,33.22));
#5618=CARTESIAN_POINT('',(-8.37606407258319,23.8000003764942,33.22));
#5619=CARTESIAN_POINT('Origin',(-6.47106407258319,4.2000003764942,33.));
#5620=CARTESIAN_POINT('',(-9.01106407258319,4.2000003764942,34.62));
#5621=CARTESIAN_POINT('',(-9.01106407258319,4.2000003764942,33.));
#5622=CARTESIAN_POINT('',(-6.47106407258319,4.2000003764942,34.62));
#5623=CARTESIAN_POINT('',(-9.01106407258319,4.2000003764942,34.62));
#5624=CARTESIAN_POINT('',(-6.47106407258319,4.2000003764942,33.));
#5625=CARTESIAN_POINT('Origin',(-9.01106407258319,24.4309481753801,33.));
#5626=CARTESIAN_POINT('',(-9.01106407258319,23.8000003764942,34.62));
#5627=CARTESIAN_POINT('',(-9.01106407258319,23.8000003764942,33.));
#5628=CARTESIAN_POINT('',(-9.01106407258319,19.2154742759369,34.62));
#5629=CARTESIAN_POINT('Origin',(-2.35387477642846E-5,14.0000003764938,33.02));
#5630=CARTESIAN_POINT('',(-7.90002353874776,-19.9075396630136,33.02));
#5631=CARTESIAN_POINT('',(-7.90002353874776,-21.9075396630136,33.02));
#5632=CARTESIAN_POINT('',(-7.90002353874776,-3.95376964325992,33.02));
#5633=CARTESIAN_POINT('',(-14.5000235387478,-21.9075396630136,33.02));
#5634=CARTESIAN_POINT('',(8.49997646125224,-21.9075396630136,33.02));
#5635=CARTESIAN_POINT('',(-17.0000235387478,-19.4075396630136,33.02));
#5636=CARTESIAN_POINT('Origin',(-14.5000235387478,-19.4075396630136,33.02));
#5637=CARTESIAN_POINT('',(-17.0000235387478,-0.407539663013621,33.02));
#5638=CARTESIAN_POINT('',(-17.0000235387478,-3.95376964325992,33.02));
#5639=CARTESIAN_POINT('',(-16.0000225850735,1.59246105224174,33.02));
#5640=CARTESIAN_POINT('Origin',(-14.5000235387478,-0.407539663013621,33.02));
#5641=CARTESIAN_POINT('',(-16.0000225850735,10.0000003764942,33.02));
#5642=CARTESIAN_POINT('',(-16.0000225850735,12.000000376494,33.02));
#5643=CARTESIAN_POINT('',(-21.1520225850735,10.0000003764942,33.02));
#5644=CARTESIAN_POINT('',(-10.3750230619106,10.0000003764942,33.02));
#5645=CARTESIAN_POINT('',(-21.1520225850735,8.9000003764942,33.02));
#5646=CARTESIAN_POINT('',(-21.1520225850735,12.000000376494,33.02));
#5647=CARTESIAN_POINT('',(-21.2500225850735,8.9000003764942,33.02));
#5648=CARTESIAN_POINT('',(-11.2255230619106,8.9000003764942,33.02));
#5649=CARTESIAN_POINT('',(-23.7500225850735,9.9000003764942,33.02));
#5650=CARTESIAN_POINT('',(-13.5948505823468,5.83793157540353,33.02));
#5651=CARTESIAN_POINT('',(-23.7500225850735,12.750001519351,33.02));
#5652=CARTESIAN_POINT('',(-23.7500225850735,16.000000376494,33.02));
#5653=CARTESIAN_POINT('',(-21.0000003054738,12.750001519351,33.02));
#5654=CARTESIAN_POINT('',(-11.8750230619106,12.750001519351,33.02));
#5655=CARTESIAN_POINT('',(-18.9712144626577,13.2203212339598,33.02));
#5656=CARTESIAN_POINT('',(-9.88363022662498,15.3270344878547,33.02));
#5657=CARTESIAN_POINT('',(-18.9712144626577,14.7796795190285,33.02));
#5658=CARTESIAN_POINT('Origin',(-18.2872111435555,14.0000003764942,33.02));
#5659=CARTESIAN_POINT('',(-21.0000003054738,15.2499992336374,33.02));
#5660=CARTESIAN_POINT('',(-10.898023148033,12.9081261224381,33.02));
#5661=CARTESIAN_POINT('',(-23.7500225850735,15.2499992336374,33.02));
#5662=CARTESIAN_POINT('',(-10.2500119221108,15.2499992336374,33.02));
#5663=CARTESIAN_POINT('',(-23.7500225850735,18.1000003764942,33.02));
#5664=CARTESIAN_POINT('',(-23.7500225850735,16.000000376494,33.02));
#5665=CARTESIAN_POINT('',(-21.2500225850735,19.1000003764942,33.02));
#5666=CARTESIAN_POINT('',(-13.594850582347,22.1620691775848,33.02));
#5667=CARTESIAN_POINT('',(-21.1520225850735,19.1000003764942,33.02));
#5668=CARTESIAN_POINT('',(-11.2255230619106,19.1000003764942,33.02));
#5669=CARTESIAN_POINT('',(-21.1520225850735,18.0000003764942,33.02));
#5670=CARTESIAN_POINT('',(-21.1520225850735,16.000000376494,33.02));
#5671=CARTESIAN_POINT('',(-16.0000225850735,18.0000003764942,33.02));
#5672=CARTESIAN_POINT('',(-8.00002306191062,18.0000003764942,33.02));
#5673=CARTESIAN_POINT('',(-16.0000225850735,23.8075394623269,33.02));
#5674=CARTESIAN_POINT('',(-16.0000225850735,19.9537699194103,33.02));
#5675=CARTESIAN_POINT('',(-13.9000225850735,25.9075394623269,33.02));
#5676=CARTESIAN_POINT('',(-13.9269075949503,25.88065445245,33.02));
#5677=CARTESIAN_POINT('',(13.8999755075779,25.9075394623269,33.02));
#5678=CARTESIAN_POINT('',(7.99997598441509,25.9075394623269,33.02));
#5679=CARTESIAN_POINT('',(15.9999755075779,23.8075394623269,33.02));
#5680=CARTESIAN_POINT('',(13.9268605174548,25.88065445245,33.02));
#5681=CARTESIAN_POINT('',(15.9999755075779,18.0000003764942,33.02));
#5682=CARTESIAN_POINT('',(15.9999755075779,19.9537699194103,33.02));
#5683=CARTESIAN_POINT('',(21.1519755075779,18.0000003764942,33.02));
#5684=CARTESIAN_POINT('',(7.99997598441509,18.0000003764942,33.02));
#5685=CARTESIAN_POINT('',(21.1519755075779,19.1000003764942,33.02));
#5686=CARTESIAN_POINT('',(21.1519755075779,16.000000376494,33.02));
#5687=CARTESIAN_POINT('',(21.249975507578,19.1000003764942,33.02));
#5688=CARTESIAN_POINT('',(11.2254759844151,19.1000003764942,33.02));
#5689=CARTESIAN_POINT('',(23.749975507578,18.1000003764942,33.02));
#5690=CARTESIAN_POINT('',(13.5948035048514,22.1620691775848,33.02));
#5691=CARTESIAN_POINT('',(23.749975507578,15.2499992336374,33.02));
#5692=CARTESIAN_POINT('',(23.749975507578,16.000000376494,33.02));
#5693=CARTESIAN_POINT('',(20.9999532279783,15.2499992336374,33.02));
#5694=CARTESIAN_POINT('',(10.2499648446153,15.2499992336374,33.02));
#5695=CARTESIAN_POINT('',(18.9711673851621,14.7796795190286,33.02));
#5696=CARTESIAN_POINT('',(9.88358314912938,12.6729662651337,33.02));
#5697=CARTESIAN_POINT('',(18.9711673851621,13.2203212339598,33.02));
#5698=CARTESIAN_POINT('Origin',(18.2871640660599,14.0000003764942,33.02));
#5699=CARTESIAN_POINT('',(20.9999532279783,12.750001519351,33.02));
#5700=CARTESIAN_POINT('',(10.8979760705375,15.0918746305502,33.02));
#5701=CARTESIAN_POINT('',(23.749975507578,12.750001519351,33.02));
#5702=CARTESIAN_POINT('',(11.8749759844151,12.750001519351,33.02));
#5703=CARTESIAN_POINT('',(23.749975507578,9.9000003764942,33.02));
#5704=CARTESIAN_POINT('',(23.749975507578,16.000000376494,33.02));
#5705=CARTESIAN_POINT('',(21.249975507578,8.9000003764942,33.02));
#5706=CARTESIAN_POINT('',(13.5948035048513,5.83793157540352,33.02));
#5707=CARTESIAN_POINT('',(21.1519755075779,8.9000003764942,33.02));
#5708=CARTESIAN_POINT('',(11.2254759844151,8.9000003764942,33.02));
#5709=CARTESIAN_POINT('',(21.1519755075779,10.0000003764942,33.02));
#5710=CARTESIAN_POINT('',(21.1519755075779,12.000000376494,33.02));
#5711=CARTESIAN_POINT('',(15.9999755075779,10.0000003764942,33.02));
#5712=CARTESIAN_POINT('',(10.3749759844151,10.0000003764942,33.02));
#5713=CARTESIAN_POINT('',(15.9999755075779,1.59246105224174,33.02));
#5714=CARTESIAN_POINT('',(15.9999755075779,12.000000376494,33.02));
#5715=CARTESIAN_POINT('',(16.9999764612522,-0.407539663013621,33.02));
#5716=CARTESIAN_POINT('Origin',(14.4999764612522,-0.407539663013621,33.02));
#5717=CARTESIAN_POINT('',(16.9999764612522,-19.4075396630136,33.02));
#5718=CARTESIAN_POINT('',(16.9999764612522,8.04623035674008,33.02));
#5719=CARTESIAN_POINT('',(14.4999764612522,-21.9075396630136,33.02));
#5720=CARTESIAN_POINT('Origin',(14.4999764612522,-19.4075396630136,33.02));
#5721=CARTESIAN_POINT('',(7.89997646125224,-21.9075396630136,33.02));
#5722=CARTESIAN_POINT('',(8.49997646125224,-21.9075396630136,33.02));
#5723=CARTESIAN_POINT('',(7.89997646125224,-19.9075396630136,33.02));
#5724=CARTESIAN_POINT('',(7.89997646125224,-2.95376964325992,33.02));
#5725=CARTESIAN_POINT('',(7.49997646125224,-19.9075396630136,33.02));
#5726=CARTESIAN_POINT('',(3.74997646125224,-19.9075396630136,33.02));
#5727=CARTESIAN_POINT('',(7.49997646125224,-21.9075396630136,33.02));
#5728=CARTESIAN_POINT('',(7.49997646125224,-3.95376964325992,33.02));
#5729=CARTESIAN_POINT('',(-7.50002353874776,-21.9075396630136,33.02));
#5730=CARTESIAN_POINT('',(8.49997646125224,-21.9075396630136,33.02));
#5731=CARTESIAN_POINT('',(-7.50002353874776,-19.9075396630136,33.02));
#5732=CARTESIAN_POINT('',(-7.50002353874776,-2.95376964325992,33.02));
#5733=CARTESIAN_POINT('',(-3.95002353874776,-19.9075396630136,33.02));
#5734=CARTESIAN_POINT('',(1.64405230115876,4.79061289471011,33.02));
#5735=CARTESIAN_POINT('',(1.64405230115743,8.79061289470911,33.02));
#5736=CARTESIAN_POINT('',(1.64405230115666,11.107438669957,33.02));
#5737=CARTESIAN_POINT('',(-1.06836344736656,8.79061289470911,33.02));
#5738=CARTESIAN_POINT('',(0.827938541299024,8.79061289470911,33.02));
#5739=CARTESIAN_POINT('',(-1.64409937865315,8.21487696341964,33.02));
#5740=CARTESIAN_POINT('',(0.501068400232976,10.3600447423165,33.02));
#5741=CARTESIAN_POINT('',(-1.64409937865429,4.79061289471011,33.02));
#5742=CARTESIAN_POINT('',(-1.64409937865218,11.107438669957,33.02));
#5743=CARTESIAN_POINT('',(-0.822061458701027,4.79061289471011,33.02));
#5744=CARTESIAN_POINT('',(-1.06836344736656,16.0906281347401,33.02));
#5745=CARTESIAN_POINT('',(-1.64409937865315,15.5148922034506,33.02));
#5746=CARTESIAN_POINT('',(-1.32393540977477,15.8350561723306,33.02));
#5747=CARTESIAN_POINT('',(-1.64409937865429,12.0906281347411,33.02));
#5748=CARTESIAN_POINT('',(-1.6440993786534,14.7574462899725,33.02));
#5749=CARTESIAN_POINT('',(1.65590062134581,12.0906281347411,33.02));
#5750=CARTESIAN_POINT('',(-0.822061458701027,12.0906281347411,33.02));
#5751=CARTESIAN_POINT('',(1.65590062134581,16.0906281347401,33.02));
#5752=CARTESIAN_POINT('',(1.65590062134581,13.0453142556174,33.02));
#5753=CARTESIAN_POINT('',(0.827938541299023,16.0906281347401,33.02));
#5754=CARTESIAN_POINT('',(20.4999532279783,15.7499992336374,33.02));
#5755=CARTESIAN_POINT('',(20.4999532279783,16.5000003764942,33.02));
#5756=CARTESIAN_POINT('',(20.4999532279783,15.500000376494,33.02));
#5757=CARTESIAN_POINT('',(19.9999532279783,17.0000003764942,33.02));
#5758=CARTESIAN_POINT('',(15.8749590362969,21.1249945681756,33.02));
#5759=CARTESIAN_POINT('',(16.249975507578,17.0000003764942,33.02));
#5760=CARTESIAN_POINT('',(11.8749759844151,17.0000003764942,33.02));
#5761=CARTESIAN_POINT('',(16.249975507578,11.0000003764942,33.02));
#5762=CARTESIAN_POINT('',(16.249975507578,15.500000376494,33.02));
#5763=CARTESIAN_POINT('',(19.9999532279783,11.0000003764942,33.02));
#5764=CARTESIAN_POINT('',(8.8749759844151,11.0000003764942,33.02));
#5765=CARTESIAN_POINT('',(20.4999532279783,11.5000003764942,33.02));
#5766=CARTESIAN_POINT('',(15.8749590362967,6.87500618481259,33.02));
#5767=CARTESIAN_POINT('',(20.4999532279783,12.250001519351,33.02));
#5768=CARTESIAN_POINT('',(20.4999532279783,13.375000376494,33.02));
#5769=CARTESIAN_POINT('',(19.0946320027495,12.575787644054,33.02));
#5770=CARTESIAN_POINT('',(9.87756517952598,14.7125179712984,33.02));
#5771=CARTESIAN_POINT('',(19.09463200275,15.4242131089341,33.02));
#5772=CARTESIAN_POINT('Origin',(18.2871640660599,14.0000003764942,33.02));
#5773=CARTESIAN_POINT('',(10.5802257921427,13.4503758440354,33.02));
#5774=CARTESIAN_POINT('',(-20.5000003054738,15.7499992336374,33.02));
#5775=CARTESIAN_POINT('',(-19.0946790802452,15.4242131089335,33.02));
#5776=CARTESIAN_POINT('',(-9.87761225702391,13.2874827816834,33.02));
#5777=CARTESIAN_POINT('',(-19.094679080245,12.5757876440547,33.02));
#5778=CARTESIAN_POINT('Origin',(-18.2872111435555,14.0000003764942,33.02));
#5779=CARTESIAN_POINT('',(-20.5000003054738,12.250001519351,33.02));
#5780=CARTESIAN_POINT('',(-10.5802728696378,14.5496249089519,33.02));
#5781=CARTESIAN_POINT('',(-20.5000003054738,11.5000003764942,33.02));
#5782=CARTESIAN_POINT('',(-20.5000003054738,13.375000376494,33.02));
#5783=CARTESIAN_POINT('',(-20.0000003054738,11.0000003764942,33.02));
#5784=CARTESIAN_POINT('',(-15.8750061137922,6.87500618481259,33.02));
#5785=CARTESIAN_POINT('',(-16.2500225850735,11.0000003764942,33.02));
#5786=CARTESIAN_POINT('',(-8.87502306191062,11.0000003764942,33.02));
#5787=CARTESIAN_POINT('',(-16.2500225850735,17.0000003764942,33.02));
#5788=CARTESIAN_POINT('',(-16.2500225850735,15.500000376494,33.02));
#5789=CARTESIAN_POINT('',(-20.0000003054738,17.0000003764942,33.02));
#5790=CARTESIAN_POINT('',(-11.8750230619106,17.0000003764942,33.02));
#5791=CARTESIAN_POINT('',(-20.5000003054738,16.5000003764942,33.02));
#5792=CARTESIAN_POINT('',(-15.8750061137924,21.1249945681756,33.02));
#5793=CARTESIAN_POINT('',(-20.5000003054738,15.500000376494,33.02));
#5794=CARTESIAN_POINT('Origin',(-9.01106407258319,23.8000003764942,33.));
#5795=CARTESIAN_POINT('',(-6.47106407258319,23.8000003764942,34.62));
#5796=CARTESIAN_POINT('',(-6.47106407258319,23.8000003764942,33.));
#5797=CARTESIAN_POINT('',(-9.01106407258319,23.8000003764942,34.62));
#5798=CARTESIAN_POINT('Origin',(-2.35387477620641E-5,2.86043346047989,36.22));
#5799=CARTESIAN_POINT('',(-7.74106407258319,3.42840563029911,36.22));
#5800=CARTESIAN_POINT('',(7.74101699508767,3.42840563029911,36.22));
#5801=CARTESIAN_POINT('',(-3.24151876586205,3.42840563029911,36.22));
#5802=CARTESIAN_POINT('',(-7.74106407258319,2.09246129066068,36.22));
#5803=CARTESIAN_POINT('',(-7.74106407258319,2.09246129066068,36.22));
#5804=CARTESIAN_POINT('',(7.74101699508767,2.09246129066068,36.22));
#5805=CARTESIAN_POINT('',(-7.74106407258319,2.09246129066068,36.22));
#5806=CARTESIAN_POINT('',(7.74101699508767,2.09246129066068,36.22));
#5807=CARTESIAN_POINT('Origin',(-12.5729926042876,0.0924603369863793,39.12));
#5808=CARTESIAN_POINT('',(-11.6306442928062,0.0924603369863797,38.62));
#5809=CARTESIAN_POINT('',(-11.6306442928062,-0.407539663013621,39.12));
#5810=CARTESIAN_POINT('Origin',(-11.6306442928062,0.0924603369863793,39.12));
#5811=CARTESIAN_POINT('',(-15.4000235387478,-0.407539663013621,39.12));
#5812=CARTESIAN_POINT('',(-12.5729926042876,-0.407539663013621,39.12));
#5813=CARTESIAN_POINT('',(-15.4000235387478,0.0924603369863797,38.62));
#5814=CARTESIAN_POINT('Origin',(-15.4000235387478,0.0924603369863793,39.12));
#5815=CARTESIAN_POINT('',(-14.2576822272584,0.0924603369863797,38.62));
#5816=CARTESIAN_POINT('Origin',(-11.6306442928062,-0.407539663013621,39.62));
#5817=CARTESIAN_POINT('',(-11.6306442928062,-0.407539663013621,39.62));
#5818=CARTESIAN_POINT('',(-11.6306442928062,-0.407539663013621,39.62));
#5819=CARTESIAN_POINT('',(-15.4000235387478,-0.407539663013621,39.62));
#5820=CARTESIAN_POINT('',(-15.4000235387478,-0.407539663013621,39.62));
#5821=CARTESIAN_POINT('',(-15.4000235387478,-0.407539663013621,37.12));
#5822=CARTESIAN_POINT('Origin',(-14.315333915777,-0.717885090987884,39.62));
#5823=CARTESIAN_POINT('',(-14.5000235387478,1.59246033698638,39.62));
#5824=CARTESIAN_POINT('',(-11.6306442928062,1.59246033698638,39.62));
#5825=CARTESIAN_POINT('',(-15.6576787272624,1.59246033698638,39.62));
#5826=CARTESIAN_POINT('',(-16.5000235387478,-0.407539663013621,39.62));
#5827=CARTESIAN_POINT('Origin',(-14.5000235387478,-0.407539663013621,39.62));
#5828=CARTESIAN_POINT('',(-16.5000235387478,-3.52823051896215,39.62));
#5829=CARTESIAN_POINT('',(-16.5000235387478,-11.3127123770008,39.62));
#5830=CARTESIAN_POINT('',(-15.4000235387478,-3.52823051896215,39.62));
#5831=CARTESIAN_POINT('',(-17.0000235387478,-3.52823051896215,39.62));
#5832=CARTESIAN_POINT('',(-15.4000235387478,-2.12305780497501,39.62));
#5833=CARTESIAN_POINT('',(-11.6306442928062,-0.407539663013621,39.62));
#5834=CARTESIAN_POINT('Origin',(-15.6576787272624,1.84246033698638,39.37));
#5835=CARTESIAN_POINT('',(-11.6306442928062,2.09246033698638,39.12));
#5836=CARTESIAN_POINT('',(-11.6306442928062,2.59246033698638,38.62));
#5837=CARTESIAN_POINT('',(-14.5000235387478,2.09246033698638,39.12));
#5838=CARTESIAN_POINT('',(-15.6576787272624,2.09246033698638,39.12));
#5839=CARTESIAN_POINT('',(-14.5000235387478,1.59246033698638,39.62));
#5840=CARTESIAN_POINT('Origin',(15.1576311729297,1.84246033698638,39.37));
#5841=CARTESIAN_POINT('',(11.6305972153107,2.09246033698638,39.12));
#5842=CARTESIAN_POINT('',(11.6305972153107,1.59246033698638,39.62));
#5843=CARTESIAN_POINT('',(11.6305972153107,3.09246033698638,38.12));
#5844=CARTESIAN_POINT('',(14.4999764612522,1.59246033698638,39.62));
#5845=CARTESIAN_POINT('',(15.1576311729297,1.59246033698638,39.62));
#5846=CARTESIAN_POINT('',(14.4999764612522,2.09246033698638,39.12));
#5847=CARTESIAN_POINT('',(14.4999764612522,2.09246033698638,39.12));
#5848=CARTESIAN_POINT('',(15.1576311729297,2.09246033698638,39.12));
#5849=CARTESIAN_POINT('Origin',(14.4576351497628,0.0924603369863784,39.12));
#5850=CARTESIAN_POINT('',(11.6305972153107,-0.407539663013622,39.12));
#5851=CARTESIAN_POINT('',(11.6305972153107,0.0924603369863788,38.62));
#5852=CARTESIAN_POINT('Origin',(11.6305972153107,0.0924603369863784,39.12));
#5853=CARTESIAN_POINT('',(15.3999764612522,0.0924603369863788,38.62));
#5854=CARTESIAN_POINT('',(12.5729455267921,0.0924603369863788,38.62));
#5855=CARTESIAN_POINT('',(15.3999764612522,-0.407539663013622,39.12));
#5856=CARTESIAN_POINT('Origin',(15.3999764612522,0.0924603369863784,39.12));
#5857=CARTESIAN_POINT('',(14.4576351497628,-0.407539663013622,39.12));
#5858=CARTESIAN_POINT('Origin',(15.3999764612522,-0.407539663013622,39.62));
#5859=CARTESIAN_POINT('',(15.3999764612522,-0.407539663013622,39.62));
#5860=CARTESIAN_POINT('',(15.3999764612522,-0.407539663013622,37.12));
#5861=CARTESIAN_POINT('',(11.6305972153107,-0.407539663013622,39.62));
#5862=CARTESIAN_POINT('',(15.3999764612522,-0.407539663013622,39.62));
#5863=CARTESIAN_POINT('',(11.6305972153107,-0.407539663013622,39.62));
#5864=CARTESIAN_POINT('Origin',(14.3152868382814,-0.717885090987885,39.62));
#5865=CARTESIAN_POINT('',(16.4999764612522,-0.407539663013621,39.62));
#5866=CARTESIAN_POINT('',(16.4999764612522,-3.52823051896215,39.62));
#5867=CARTESIAN_POINT('',(16.4999764612522,0.687287622999247,39.62));
#5868=CARTESIAN_POINT('Origin',(14.4999764612522,-0.407539663013621,39.62));
#5869=CARTESIAN_POINT('',(11.6305972153107,2.09246033698638,39.62));
#5870=CARTESIAN_POINT('',(15.3999764612522,-3.52823051896215,39.62));
#5871=CARTESIAN_POINT('',(15.3999764612522,-0.312712377000753,39.62));
#5872=CARTESIAN_POINT('',(-17.0000235387478,-3.52823051896215,39.62));
#5873=CARTESIAN_POINT('Origin',(-2.35387477554028E-5,-18.9343215244228,
39.62));
#5874=CARTESIAN_POINT('',(7.49997646125224,-21.4075396630136,39.62));
#5875=CARTESIAN_POINT('',(-7.50002353874776,-21.4075396630136,39.62));
#5876=CARTESIAN_POINT('',(8.49997646125224,-21.4075396630136,39.62));
#5877=CARTESIAN_POINT('',(7.49997646125224,-19.9075396630136,39.62));
#5878=CARTESIAN_POINT('',(7.49997646125224,-19.9075396630136,39.62));
#5879=CARTESIAN_POINT('',(-7.50002353874776,-19.9075396630136,39.62));
#5880=CARTESIAN_POINT('',(-3.75002353874776,-19.9075396630136,39.62));
#5881=CARTESIAN_POINT('',(-7.50002353874776,-19.4209305937182,39.62));
#5882=CARTESIAN_POINT('Origin',(-3.75002353874776,-19.9075396630136,39.12));
#5883=CARTESIAN_POINT('',(-7.50002353874776,-19.9075396630136,38.62));
#5884=CARTESIAN_POINT('Origin',(-7.50002353874776,-19.9075396630136,39.12));
#5885=CARTESIAN_POINT('',(7.49997646125224,-19.9075396630136,38.62));
#5886=CARTESIAN_POINT('Origin',(7.49997646125224,-19.9075396630136,39.12));
#5887=CARTESIAN_POINT('',(7.49997646125224,-19.9075396630136,38.62));
#5888=CARTESIAN_POINT('Origin',(8.49997646125224,-21.6575396630136,39.37));
#5889=CARTESIAN_POINT('',(7.49997646125225,-21.9075396630136,39.12));
#5890=CARTESIAN_POINT('',(7.49997646125224,-21.6575396630136,39.37));
#5891=CARTESIAN_POINT('',(-7.50002353874776,-21.9075396630136,39.12));
#5892=CARTESIAN_POINT('',(-7.50002353874776,-21.1575396630136,39.87));
#5893=CARTESIAN_POINT('',(8.49997646125224,-21.9075396630136,39.12));
#5894=CARTESIAN_POINT('Origin',(-2.35387477554028E-5,-18.9343215244228,
39.62));
#5895=CARTESIAN_POINT('',(16.4999764612522,-15.9611033858319,39.62));
#5896=CARTESIAN_POINT('',(16.4999764612522,-19.4075396630136,39.62));
#5897=CARTESIAN_POINT('',(16.4999764612522,-8.4209305937182,39.62));
#5898=CARTESIAN_POINT('',(15.3999764612522,-15.9611033858319,39.62));
#5899=CARTESIAN_POINT('',(-17.0000235387478,-15.9611033858319,39.62));
#5900=CARTESIAN_POINT('',(15.3999764612522,-19.9075396630136,39.62));
#5901=CARTESIAN_POINT('',(15.3999764612522,-17.4477124551273,39.62));
#5902=CARTESIAN_POINT('',(7.89997646125224,-19.9075396630136,39.62));
#5903=CARTESIAN_POINT('',(14.9999764612522,-19.9075396630136,39.62));
#5904=CARTESIAN_POINT('',(7.89997646125224,-21.4075396630136,39.62));
#5905=CARTESIAN_POINT('',(7.89997646125224,-19.4209305937182,39.62));
#5906=CARTESIAN_POINT('',(14.4999764612522,-21.4075396630136,39.62));
#5907=CARTESIAN_POINT('',(8.49997646125224,-21.4075396630136,39.62));
#5908=CARTESIAN_POINT('Origin',(14.4999764612522,-19.4075396630136,39.62));
#5909=CARTESIAN_POINT('Origin',(8.49997646125224,-21.6575396630136,39.37));
#5910=CARTESIAN_POINT('',(7.89997646125225,-21.9075396630136,39.12));
#5911=CARTESIAN_POINT('',(7.89997646125224,-21.1575396630136,39.87));
#5912=CARTESIAN_POINT('',(14.4999764612522,-21.9075396630136,39.12));
#5913=CARTESIAN_POINT('',(8.49997646125224,-21.9075396630136,39.12));
#5914=CARTESIAN_POINT('',(14.4999764612522,-21.4075396630136,39.62));
#5915=CARTESIAN_POINT('Origin',(14.4999764612522,-19.4075396630136,39.37));
#5916=CARTESIAN_POINT('',(16.9999764612522,-19.4075396630136,39.12));
#5917=CARTESIAN_POINT('Origin',(14.4999764612522,-19.4075396630136,39.12));
#5918=CARTESIAN_POINT('',(16.9999764612522,-19.4075396630136,39.12));
#5919=CARTESIAN_POINT('Origin',(16.7499764612522,-8.4209305937182,39.37));
#5920=CARTESIAN_POINT('',(16.9999764612522,-15.9611033858319,39.12));
#5921=CARTESIAN_POINT('',(17.9999764612522,-15.9611033858319,38.12));
#5922=CARTESIAN_POINT('',(16.9999764612522,-8.4209305937182,39.12));
#5923=CARTESIAN_POINT('Origin',(16.7499764612522,0.687287622999247,39.37));
#5924=CARTESIAN_POINT('',(16.9999764612522,-3.52823051896215,39.12));
#5925=CARTESIAN_POINT('',(17.4999764612522,-3.52823051896215,38.62));
#5926=CARTESIAN_POINT('',(16.9999764612522,-0.407539663013621,39.12));
#5927=CARTESIAN_POINT('',(16.9999764612522,0.687287622999247,39.12));
#5928=CARTESIAN_POINT('',(16.4999764612522,-0.407539663013621,39.62));
#5929=CARTESIAN_POINT('Origin',(14.4999764612522,-0.407539663013621,39.37));
#5930=CARTESIAN_POINT('Origin',(14.4999764612522,-0.407539663013621,39.12));
#5931=CARTESIAN_POINT('Origin',(18.374975507578,14.0000003764942,36.));
#5932=CARTESIAN_POINT('',(20.9999532279783,15.2499992336374,36.));
#5933=CARTESIAN_POINT('',(23.749975507578,15.2499992336374,36.));
#5934=CARTESIAN_POINT('',(20.4999532279783,15.2499992336374,36.));
#5935=CARTESIAN_POINT('',(23.749975507578,18.1000003764942,36.));
#5936=CARTESIAN_POINT('',(23.749975507578,10.0000003764942,36.));
#5937=CARTESIAN_POINT('',(21.249975507578,19.1000003764942,36.));
#5938=CARTESIAN_POINT('',(21.5150617144745,18.9939658937356,36.));
#5939=CARTESIAN_POINT('',(21.1519755075779,19.1000003764942,36.));
#5940=CARTESIAN_POINT('',(23.749975507578,19.1000003764942,36.));
#5941=CARTESIAN_POINT('',(21.1519755075779,18.0000003764942,36.));
#5942=CARTESIAN_POINT('',(21.1519755075779,18.0000003764942,36.));
#5943=CARTESIAN_POINT('',(15.9999755075779,18.0000003764942,36.));
#5944=CARTESIAN_POINT('',(20.749975507578,18.0000003764942,36.));
#5945=CARTESIAN_POINT('',(15.9999755075779,10.0000003764942,36.));
#5946=CARTESIAN_POINT('',(15.9999755075779,18.0000003764942,36.));
#5947=CARTESIAN_POINT('',(21.1519755075779,10.0000003764942,36.));
#5948=CARTESIAN_POINT('',(20.749975507578,10.0000003764942,36.));
#5949=CARTESIAN_POINT('',(21.1519755075779,8.9000003764942,36.));
#5950=CARTESIAN_POINT('',(21.1519755075779,10.0000003764942,36.));
#5951=CARTESIAN_POINT('',(21.249975507578,8.9000003764942,36.));
#5952=CARTESIAN_POINT('',(23.749975507578,8.9000003764942,36.));
#5953=CARTESIAN_POINT('',(23.749975507578,9.9000003764942,36.));
#5954=CARTESIAN_POINT('',(21.5150617144745,9.00603485925281,36.));
#5955=CARTESIAN_POINT('',(23.749975507578,12.750001519351,36.));
#5956=CARTESIAN_POINT('',(23.749975507578,10.0000003764942,36.));
#5957=CARTESIAN_POINT('',(20.9999532279783,12.750001519351,36.));
#5958=CARTESIAN_POINT('',(20.4999532279783,12.750001519351,36.));
#5959=CARTESIAN_POINT('',(18.9711673851621,13.2203212339598,36.));
#5960=CARTESIAN_POINT('',(20.9999532279783,12.750001519351,36.));
#5961=CARTESIAN_POINT('',(18.9711673851621,14.7796795190286,36.));
#5962=CARTESIAN_POINT('Origin',(18.2871640660599,14.0000003764942,36.));
#5963=CARTESIAN_POINT('',(20.9999532279783,15.2499992336374,36.));
#5964=CARTESIAN_POINT('',(20.4999532279783,15.7499992336374,36.));
#5965=CARTESIAN_POINT('',(19.09463200275,15.4242131089341,36.));
#5966=CARTESIAN_POINT('',(20.4999532279783,15.7499992336374,36.));
#5967=CARTESIAN_POINT('',(19.0946320027495,12.575787644054,36.));
#5968=CARTESIAN_POINT('Origin',(18.2871640660599,14.0000003764942,36.));
#5969=CARTESIAN_POINT('',(20.4999532279783,12.250001519351,36.));
#5970=CARTESIAN_POINT('',(20.4999532279783,12.250001519351,36.));
#5971=CARTESIAN_POINT('',(20.4999532279783,11.5000003764942,36.));
#5972=CARTESIAN_POINT('',(20.4999532279783,11.0000003764942,36.));
#5973=CARTESIAN_POINT('',(19.9999532279783,11.0000003764942,36.));
#5974=CARTESIAN_POINT('',(20.4687087978782,11.4687559463941,36.));
#5975=CARTESIAN_POINT('',(16.249975507578,11.0000003764942,36.));
#5976=CARTESIAN_POINT('',(18.062475507578,11.0000003764942,36.));
#5977=CARTESIAN_POINT('',(16.249975507578,17.0000003764942,36.));
#5978=CARTESIAN_POINT('',(16.249975507578,15.5000003764942,36.));
#5979=CARTESIAN_POINT('',(19.9999532279783,17.0000003764942,36.));
#5980=CARTESIAN_POINT('',(18.062475507578,17.0000003764942,36.));
#5981=CARTESIAN_POINT('',(20.4999532279783,16.5000003764942,36.));
#5982=CARTESIAN_POINT('',(20.4687087978782,16.5312448065943,36.));
#5983=CARTESIAN_POINT('',(20.4999532279783,17.0000003764942,36.));
#5984=CARTESIAN_POINT('Origin',(15.9999755075779,10.0000003764942,34.62));
#5985=CARTESIAN_POINT('',(15.9999755075779,18.0000003764942,35.97));
#5986=CARTESIAN_POINT('',(15.9999755075779,10.0000003764942,35.97));
#5987=CARTESIAN_POINT('',(15.9999755075779,12.000000376494,35.97));
#5988=CARTESIAN_POINT('',(15.9999755075779,10.0000003764942,34.62));
#5989=CARTESIAN_POINT('',(15.9999755075779,18.0000003764942,34.62));
#5990=CARTESIAN_POINT('Origin',(15.3499755075779,12.000000376494,35.295));
#5991=CARTESIAN_POINT('',(14.6999755075779,10.0000003764942,34.62));
#5992=CARTESIAN_POINT('',(16.0757086036634,10.0000003764942,36.0486459074733));
#5993=CARTESIAN_POINT('',(14.6999755075779,18.0000003764942,34.62));
#5994=CARTESIAN_POINT('',(14.9330039773288,18.0000003764942,34.8619911032029));
#5995=CARTESIAN_POINT('',(14.6999755075779,12.000000376494,34.62));
#5996=CARTESIAN_POINT('Origin',(0.0278914566558286,25.1498678918183,36.22));
#5997=CARTESIAN_POINT('',(6.47101699508766,25.9075394623269,36.22));
#5998=CARTESIAN_POINT('',(6.47101699508767,24.6246232987472,36.22));
#5999=CARTESIAN_POINT('',(6.47101699508767,24.4309481753801,36.22));
#6000=CARTESIAN_POINT('',(-6.47106407258319,25.9075394623269,36.22));
#6001=CARTESIAN_POINT('',(-16.0000225850735,25.9075394623269,36.22));
#6002=CARTESIAN_POINT('',(-6.47106407258319,24.6246232987472,36.22));
#6003=CARTESIAN_POINT('',(-6.47106407258319,24.4309481753801,36.22));
#6004=CARTESIAN_POINT('',(-6.47104824023966,24.6309481753801,36.22));
#6005=CARTESIAN_POINT('',(-6.47038632330133,24.8953779464573,36.22));
#6006=CARTESIAN_POINT('',(6.47100116274413,24.6309481753801,36.22));
#6007=CARTESIAN_POINT('',(7.71447382200358,24.6309481753801,36.22));
#6008=CARTESIAN_POINT('',(6.4703392458058,24.8953779464573,36.22));
#6009=CARTESIAN_POINT('Origin',(-12.5153719211922,14.0000003764938,36.02));
#6010=CARTESIAN_POINT('',(-11.8653719211922,25.9075394623269,36.02));
#6011=CARTESIAN_POINT('',(-13.1653719211922,25.9075394623269,36.02));
#6012=CARTESIAN_POINT('',(-7.71132508397832,25.9075394623269,36.02));
#6013=CARTESIAN_POINT('',(-13.1653719211922,2.09246129066067,36.02));
#6014=CARTESIAN_POINT('',(-13.1653719211922,2.09246129066068,36.02));
#6015=CARTESIAN_POINT('',(-11.8653719211922,2.09246129066067,36.02));
#6016=CARTESIAN_POINT('',(-16.0000225850735,2.09246129066068,36.02));
#6017=CARTESIAN_POINT('',(-11.8653719211922,25.9075394623269,36.02));
#6018=CARTESIAN_POINT('Origin',(-13.1653719211922,25.9075394623269,34.62));
#6019=CARTESIAN_POINT('',(-13.1653719211922,2.09246129066068,34.62));
#6020=CARTESIAN_POINT('',(-13.1653719211922,25.9075394623269,34.62));
#6021=CARTESIAN_POINT('',(-13.1653719211922,19.9537699194103,34.62));
#6022=CARTESIAN_POINT('',(-13.1653719211922,2.09246129066068,34.62));
#6023=CARTESIAN_POINT('',(-13.1653719211922,25.9075394623269,34.62));
#6024=CARTESIAN_POINT('Origin',(-2.35387477598437E-5,14.0000003764938,34.62));
#6025=CARTESIAN_POINT('',(15.9999755075779,23.8075394623269,34.62));
#6026=CARTESIAN_POINT('',(13.8999755075779,25.9075394623269,34.62));
#6027=CARTESIAN_POINT('',(13.9268605174548,25.88065445245,34.62));
#6028=CARTESIAN_POINT('',(13.1653248436967,25.9075394623269,34.62));
#6029=CARTESIAN_POINT('',(15.9999755075779,25.9075394623269,34.62));
#6030=CARTESIAN_POINT('',(13.1653248436967,2.09246129066068,34.62));
#6031=CARTESIAN_POINT('',(13.1653248436967,19.9537699194103,34.62));
#6032=CARTESIAN_POINT('',(14.4999764612522,2.09246033698638,34.62));
#6033=CARTESIAN_POINT('',(8.49997646125224,2.09246033698638,34.62));
#6034=CARTESIAN_POINT('',(15.9999755075779,1.59246105224175,34.62));
#6035=CARTESIAN_POINT('Origin',(14.4999764612522,-0.407539663013621,34.62));
#6036=CARTESIAN_POINT('',(15.9999755075779,10.0000003764942,34.62));
#6037=CARTESIAN_POINT('',(15.9999755075779,2.09246129066068,34.62));
#6038=CARTESIAN_POINT('',(10.3749759844151,10.0000003764942,34.62));
#6039=CARTESIAN_POINT('',(15.9999755075779,18.0000003764942,34.62));
#6040=CARTESIAN_POINT('',(7.99997598441509,18.0000003764942,34.62));
#6041=CARTESIAN_POINT('',(15.9999755075779,2.09246129066068,34.62));
#6042=CARTESIAN_POINT('Origin',(13.1653248436967,25.9075394623269,34.62));
#6043=CARTESIAN_POINT('',(13.1653248436967,25.9075394623269,36.02));
#6044=CARTESIAN_POINT('',(13.1653248436967,25.9075394623269,34.62));
#6045=CARTESIAN_POINT('',(13.1653248436967,2.09246129066067,36.02));
#6046=CARTESIAN_POINT('',(13.1653248436967,2.09246129066068,36.02));
#6047=CARTESIAN_POINT('',(13.1653248436967,2.09246129066068,34.62));
#6048=CARTESIAN_POINT('Origin',(12.5153248436967,14.0000003764938,36.02));
#6049=CARTESIAN_POINT('',(11.8653248436967,25.9075394623269,36.02));
#6050=CARTESIAN_POINT('',(7.71127800648279,25.9075394623269,36.02));
#6051=CARTESIAN_POINT('',(11.8653248436967,2.09246129066067,36.02));
#6052=CARTESIAN_POINT('',(11.8653248436967,25.9075394623269,36.02));
#6053=CARTESIAN_POINT('',(15.9999755075779,2.09246129066068,36.02));
#6054=CARTESIAN_POINT('Origin',(-18.3750225850735,14.0000003764942,36.));
#6055=CARTESIAN_POINT('',(-21.0000003054738,15.2499992336374,36.));
#6056=CARTESIAN_POINT('',(-18.9712144626577,14.7796795190285,36.));
#6057=CARTESIAN_POINT('',(-21.0000003054738,15.2499992336374,36.));
#6058=CARTESIAN_POINT('',(-18.9712144626577,13.2203212339598,36.));
#6059=CARTESIAN_POINT('Origin',(-18.2872111435555,14.0000003764942,36.));
#6060=CARTESIAN_POINT('',(-21.0000003054738,12.750001519351,36.));
#6061=CARTESIAN_POINT('',(-21.0000003054738,12.750001519351,36.));
#6062=CARTESIAN_POINT('',(-23.7500225850735,12.750001519351,36.));
#6063=CARTESIAN_POINT('',(-20.5000003054738,12.750001519351,36.));
#6064=CARTESIAN_POINT('',(-23.7500225850735,9.9000003764942,36.));
#6065=CARTESIAN_POINT('',(-23.7500225850735,10.0000003764942,36.));
#6066=CARTESIAN_POINT('',(-21.2500225850735,8.9000003764942,36.));
#6067=CARTESIAN_POINT('',(-21.51510879197,9.00603485925281,36.));
#6068=CARTESIAN_POINT('',(-21.1520225850735,8.9000003764942,36.));
#6069=CARTESIAN_POINT('',(-23.7500225850735,8.9000003764942,36.));
#6070=CARTESIAN_POINT('',(-21.1520225850735,10.0000003764942,36.));
#6071=CARTESIAN_POINT('',(-21.1520225850735,10.0000003764942,36.));
#6072=CARTESIAN_POINT('',(-16.0000225850735,10.0000003764942,36.));
#6073=CARTESIAN_POINT('',(-20.7500225850735,10.0000003764942,36.));
#6074=CARTESIAN_POINT('',(-16.0000225850735,18.0000003764942,36.));
#6075=CARTESIAN_POINT('',(-16.0000225850735,18.0000003764942,36.));
#6076=CARTESIAN_POINT('',(-21.1520225850735,18.0000003764942,36.));
#6077=CARTESIAN_POINT('',(-20.7500225850735,18.0000003764942,36.));
#6078=CARTESIAN_POINT('',(-21.1520225850735,19.1000003764942,36.));
#6079=CARTESIAN_POINT('',(-21.1520225850735,18.0000003764942,36.));
#6080=CARTESIAN_POINT('',(-21.2500225850735,19.1000003764942,36.));
#6081=CARTESIAN_POINT('',(-23.7500225850735,19.1000003764942,36.));
#6082=CARTESIAN_POINT('',(-23.7500225850735,18.1000003764942,36.));
#6083=CARTESIAN_POINT('',(-21.51510879197,18.9939658937356,36.));
#6084=CARTESIAN_POINT('',(-23.7500225850735,15.2499992336374,36.));
#6085=CARTESIAN_POINT('',(-23.7500225850735,10.0000003764942,36.));
#6086=CARTESIAN_POINT('',(-20.5000003054738,15.2499992336374,36.));
#6087=CARTESIAN_POINT('',(-20.5000003054738,16.5000003764942,36.));
#6088=CARTESIAN_POINT('',(-20.5000003054738,15.7499992336374,36.));
#6089=CARTESIAN_POINT('',(-20.5000003054738,17.0000003764942,36.));
#6090=CARTESIAN_POINT('',(-20.0000003054738,17.0000003764942,36.));
#6091=CARTESIAN_POINT('',(-20.4687558753737,16.5312448065943,36.));
#6092=CARTESIAN_POINT('',(-16.2500225850735,17.0000003764942,36.));
#6093=CARTESIAN_POINT('',(-18.0625225850735,17.0000003764942,36.));
#6094=CARTESIAN_POINT('',(-16.2500225850735,11.0000003764942,36.));
#6095=CARTESIAN_POINT('',(-16.2500225850735,15.5000003764942,36.));
#6096=CARTESIAN_POINT('',(-20.0000003054738,11.0000003764942,36.));
#6097=CARTESIAN_POINT('',(-18.0625225850735,11.0000003764942,36.));
#6098=CARTESIAN_POINT('',(-20.5000003054738,11.5000003764942,36.));
#6099=CARTESIAN_POINT('',(-20.4687558753737,11.4687559463941,36.));
#6100=CARTESIAN_POINT('',(-20.5000003054738,12.250001519351,36.));
#6101=CARTESIAN_POINT('',(-20.5000003054738,11.0000003764942,36.));
#6102=CARTESIAN_POINT('',(-19.094679080245,12.5757876440547,36.));
#6103=CARTESIAN_POINT('',(-20.5000003054738,12.250001519351,36.));
#6104=CARTESIAN_POINT('',(-19.0946790802452,15.4242131089335,36.));
#6105=CARTESIAN_POINT('Origin',(-18.2872111435555,14.0000003764942,36.));
#6106=CARTESIAN_POINT('',(-20.5000003054738,15.7499992336374,36.));
#6107=CARTESIAN_POINT('Origin',(-16.0000225850735,10.0000003764942,34.62));
#6108=CARTESIAN_POINT('',(-16.0000225850735,18.0000003764942,35.97));
#6109=CARTESIAN_POINT('',(-16.0000225850735,10.0000003764942,35.97));
#6110=CARTESIAN_POINT('',(-16.0000225850735,12.000000376494,35.97));
#6111=CARTESIAN_POINT('',(-16.0000225850735,18.0000003764942,34.62));
#6112=CARTESIAN_POINT('',(-16.0000225850735,10.0000003764942,34.62));
#6113=CARTESIAN_POINT('Origin',(-15.3500225850735,12.000000376494,35.295));
#6114=CARTESIAN_POINT('',(-14.7000225850735,10.0000003764942,34.62));
#6115=CARTESIAN_POINT('',(-16.0757556811589,10.0000003764942,36.0486459074733));
#6116=CARTESIAN_POINT('',(-14.7000225850735,18.0000003764942,34.62));
#6117=CARTESIAN_POINT('',(-14.7000225850735,12.000000376494,34.62));
#6118=CARTESIAN_POINT('',(-14.9330510548244,18.0000003764942,34.8619911032029));
#6119=CARTESIAN_POINT('Origin',(-2.35387477598437E-5,14.0000003764938,34.62));
#6120=CARTESIAN_POINT('',(-16.0000225850735,1.59246105224174,34.62));
#6121=CARTESIAN_POINT('',(-14.5000235387478,2.09246033698638,34.62));
#6122=CARTESIAN_POINT('Origin',(-14.5000235387478,-0.407539663013621,34.62));
#6123=CARTESIAN_POINT('',(-5.81533391577696,2.09246033698638,34.62));
#6124=CARTESIAN_POINT('',(-13.9000225850735,25.9075394623269,34.62));
#6125=CARTESIAN_POINT('',(-16.0000225850735,25.9075394623269,34.62));
#6126=CARTESIAN_POINT('',(-16.0000225850735,23.8075394623269,34.62));
#6127=CARTESIAN_POINT('',(-13.9269075949503,25.88065445245,34.62));
#6128=CARTESIAN_POINT('',(-16.0000225850735,18.0000003764942,34.62));
#6129=CARTESIAN_POINT('',(-16.0000225850735,2.09246129066068,34.62));
#6130=CARTESIAN_POINT('',(-8.00002306191062,18.0000003764942,34.62));
#6131=CARTESIAN_POINT('',(-16.0000225850735,10.0000003764942,34.62));
#6132=CARTESIAN_POINT('',(-10.3750230619106,10.0000003764942,34.62));
#6133=CARTESIAN_POINT('',(-16.0000225850735,2.09246129066068,34.62));
#6134=CARTESIAN_POINT('Origin',(-14.5000235387478,-0.407539663013621,39.37));
#6135=CARTESIAN_POINT('',(-17.0000235387478,-0.407539663013621,39.12));
#6136=CARTESIAN_POINT('Origin',(-14.5000235387478,-0.407539663013621,39.12));
#6137=CARTESIAN_POINT('',(-17.0000235387478,-0.407539663013621,39.12));
#6138=CARTESIAN_POINT('Origin',(-16.7500235387478,-20.4209305937182,39.37));
#6139=CARTESIAN_POINT('',(-16.5000235387478,-15.9611033858319,39.62));
#6140=CARTESIAN_POINT('',(-17.0000235387478,-15.9611033858319,39.12));
#6141=CARTESIAN_POINT('',(-17.5000235387478,-15.9611033858319,38.62));
#6142=CARTESIAN_POINT('',(-17.0000235387478,-19.4075396630136,39.12));
#6143=CARTESIAN_POINT('',(-17.0000235387478,-20.4209305937182,39.12));
#6144=CARTESIAN_POINT('',(-16.5000235387478,-19.4075396630136,39.62));
#6145=CARTESIAN_POINT('',(-16.5000235387478,-19.4075396630136,39.62));
#6146=CARTESIAN_POINT('',(-16.5000235387478,-20.4209305937182,39.62));
#6147=CARTESIAN_POINT('Origin',(-16.7500235387478,-11.3127123770008,39.37));
#6148=CARTESIAN_POINT('',(-17.0000235387478,-3.52823051896215,39.12));
#6149=CARTESIAN_POINT('',(-18.0000235387478,-3.52823051896215,38.12));
#6150=CARTESIAN_POINT('',(-17.0000235387478,-11.3127123770008,39.12));
#6151=CARTESIAN_POINT('Origin',(-14.5000235387478,-19.4075396630136,39.37));
#6152=CARTESIAN_POINT('',(-14.5000235387478,-21.9075396630136,39.12));
#6153=CARTESIAN_POINT('Origin',(-14.5000235387478,-19.4075396630136,39.12));
#6154=CARTESIAN_POINT('',(-14.5000235387478,-21.4075396630136,39.62));
#6155=CARTESIAN_POINT('',(-14.5000235387478,-21.4075396630136,39.62));
#6156=CARTESIAN_POINT('Origin',(-14.5000235387478,-19.4075396630136,39.62));
#6157=CARTESIAN_POINT('Origin',(-2.35387477554028E-5,-18.9343215244228,
39.62));
#6158=CARTESIAN_POINT('',(-7.90002353874776,-21.4075396630136,39.62));
#6159=CARTESIAN_POINT('',(8.49997646125224,-21.4075396630136,39.62));
#6160=CARTESIAN_POINT('',(-7.90002353874776,-19.9075396630136,39.62));
#6161=CARTESIAN_POINT('',(-7.90002353874776,-20.4209305937182,39.62));
#6162=CARTESIAN_POINT('',(-15.4000235387478,-19.9075396630136,39.62));
#6163=CARTESIAN_POINT('',(14.9999764612522,-19.9075396630136,39.62));
#6164=CARTESIAN_POINT('',(-15.4000235387478,-15.9611033858319,39.62));
#6165=CARTESIAN_POINT('',(-15.4000235387478,-19.4209305937182,39.62));
#6166=CARTESIAN_POINT('',(-17.0000235387478,-15.9611033858319,39.62));
#6167=CARTESIAN_POINT('Origin',(8.49997646125224,-21.6575396630136,39.37));
#6168=CARTESIAN_POINT('',(-7.90002353874776,-21.9075396630136,39.12));
#6169=CARTESIAN_POINT('',(-7.90002353874776,-21.6575396630136,39.37));
#6170=CARTESIAN_POINT('',(8.49997646125224,-21.9075396630136,39.12));
#6171=CARTESIAN_POINT('Origin',(-16.0000225850735,2.09246129066068,33.));
#6172=CARTESIAN_POINT('',(-7.74106407258319,2.09246129066068,34.62));
#6173=CARTESIAN_POINT('',(7.74101699508767,2.09246129066068,34.62));
#6174=CARTESIAN_POINT('',(-2.35387477620641E-5,2.09246129066068,34.62));
#6175=CARTESIAN_POINT('',(7.74101699508767,2.09246129066068,34.62));
#6176=CARTESIAN_POINT('',(-7.74106407258319,2.09246129066068,34.62));
#6177=CARTESIAN_POINT('Origin',(7.74101699508767,3.62840563029911,34.62));
#6178=CARTESIAN_POINT('',(7.74101699508767,3.42840563029911,34.62));
#6179=CARTESIAN_POINT('',(7.74101699508767,8.81420300339645,34.62));
#6180=CARTESIAN_POINT('',(7.74101699508767,3.42840563029911,33.81));
#6181=CARTESIAN_POINT('Origin',(6.48296691548081,3.42840563029911,33.));
#6182=CARTESIAN_POINT('',(-7.74106407258319,3.42840563029911,34.62));
#6183=CARTESIAN_POINT('',(3.24147168836652,3.42840563029911,34.62));
#6184=CARTESIAN_POINT('',(-7.74106407258319,3.42840563029911,33.81));
#6185=CARTESIAN_POINT('Origin',(-7.74106407258319,3.62840563029911,34.62));
#6186=CARTESIAN_POINT('',(-7.74106407258319,8.81420300339645,34.62));
#6187=CARTESIAN_POINT('Origin',(-15.4000235387478,-19.9075396630136,34.62));
#6188=CARTESIAN_POINT('',(-15.4000235387478,-15.9611033858319,34.62));
#6189=CARTESIAN_POINT('',(-15.4000235387478,-19.9075396630136,34.62));
#6190=CARTESIAN_POINT('',(-15.4000235387478,-2.95376964325992,34.62));
#6191=CARTESIAN_POINT('',(-15.4000235387478,-15.9611033858319,34.62));
#6192=CARTESIAN_POINT('',(-15.4000235387478,-19.9075396630136,34.62));
#6193=CARTESIAN_POINT('Origin',(-15.0000235387478,-15.9611033858319,34.62));
#6194=CARTESIAN_POINT('',(-17.0000235387478,-15.9611033858319,34.62));
#6195=CARTESIAN_POINT('',(-7.50002353874776,-15.9611033858319,34.62));
#6196=CARTESIAN_POINT('',(-17.0000235387478,-15.9611033858319,34.62));
#6197=CARTESIAN_POINT('Origin',(-17.0000235387478,-3.52823051896215,34.62));
#6198=CARTESIAN_POINT('',(-17.0000235387478,-3.52823051896215,34.62));
#6199=CARTESIAN_POINT('',(-17.0000235387478,-3.52823051896215,34.62));
#6200=CARTESIAN_POINT('',(-15.4000235387478,-3.52823051896215,34.62));
#6201=CARTESIAN_POINT('',(-8.50002353874776,-3.52823051896215,34.62));
#6202=CARTESIAN_POINT('',(-15.4000235387478,-3.52823051896215,34.62));
#6203=CARTESIAN_POINT('Origin',(-15.4000235387478,-3.52823051896215,34.62));
#6204=CARTESIAN_POINT('',(-15.4000235387478,0.0924603369863798,34.62));
#6205=CARTESIAN_POINT('',(-15.4000235387478,5.23588492876582,34.62));
#6206=CARTESIAN_POINT('',(-15.4000235387478,0.0924603369863797,34.62));
#6207=CARTESIAN_POINT('Origin',(-15.0000235387478,0.0924603369863797,34.62));
#6208=CARTESIAN_POINT('',(-11.6306442928062,0.0924603369863797,34.62));
#6209=CARTESIAN_POINT('',(-7.50002353874776,0.0924603369863797,34.62));
#6210=CARTESIAN_POINT('',(-11.6306442928062,0.0924603369863797,34.62));
#6211=CARTESIAN_POINT('Origin',(-11.6306442928062,0.0924603369863797,34.62));
#6212=CARTESIAN_POINT('',(-11.6306442928062,2.09246033698638,34.62));
#6213=CARTESIAN_POINT('',(-11.6306442928062,7.04623035674008,34.62));
#6214=CARTESIAN_POINT('',(-11.6306442928062,2.09246033698638,34.62));
#6215=CARTESIAN_POINT('Origin',(-17.0000235387478,2.09246033698638,34.62));
#6216=CARTESIAN_POINT('',(-11.8653719211922,2.09246129066068,34.62));
#6217=CARTESIAN_POINT('',(-5.81533391577696,2.09246033698638,34.62));
#6218=CARTESIAN_POINT('',(-11.8653719211922,2.09246129066068,34.62));
#6219=CARTESIAN_POINT('',(-14.5000235387478,2.09246033698638,34.62));
#6220=CARTESIAN_POINT('Origin',(-11.8653719211922,2.09246129066067,34.62));
#6221=CARTESIAN_POINT('',(-11.8653719211922,25.9075394623269,34.62));
#6222=CARTESIAN_POINT('',(-11.8653719211922,8.04623083357723,34.62));
#6223=CARTESIAN_POINT('',(-11.8653719211922,25.9075394623269,34.62));
#6224=CARTESIAN_POINT('Origin',(-6.47106407258319,3.62840563029911,33.));
#6225=CARTESIAN_POINT('',(-6.47106407258319,25.9075394623269,34.62));
#6226=CARTESIAN_POINT('',(-6.47106407258319,24.6246232987472,34.62));
#6227=CARTESIAN_POINT('',(-6.47106407258319,13.9219399531181,34.62));
#6228=CARTESIAN_POINT('',(-6.47106407258319,24.6246232987473,33.81));
#6229=CARTESIAN_POINT('',(-6.47106407258319,25.9075394623269,33.));
#6230=CARTESIAN_POINT('Origin',(-6.47106407258319,24.6246232987473,34.62));
#6231=CARTESIAN_POINT('',(-6.47104824023966,24.6309481753801,34.62));
#6232=CARTESIAN_POINT('',(-6.47104824023966,24.6309481753801,34.62));
#6233=CARTESIAN_POINT('',(-6.47106407258319,24.6246232987472,34.62));
#6234=CARTESIAN_POINT('Origin',(-7.71132508397832,24.6309481753801,34.62));
#6235=CARTESIAN_POINT('',(6.47100116274413,24.6309481753801,34.62));
#6236=CARTESIAN_POINT('',(6.47100116274413,24.6309481753801,34.62));
#6237=CARTESIAN_POINT('',(-3.85567431136304,24.6309481753801,34.62));
#6238=CARTESIAN_POINT('Origin',(6.47101699508767,24.6246232987473,34.62));
#6239=CARTESIAN_POINT('',(6.47101699508767,24.6246232987472,34.62));
#6240=CARTESIAN_POINT('',(6.47101699508767,24.6246232987472,34.62));
#6241=CARTESIAN_POINT('',(6.47101699508767,24.6246232987473,33.81));
#6242=CARTESIAN_POINT('Origin',(6.47101699508767,3.62840563029911,33.));
#6243=CARTESIAN_POINT('',(6.47101699508767,25.9075394623269,34.62));
#6244=CARTESIAN_POINT('',(6.47101699508767,13.9219399531181,34.62));
#6245=CARTESIAN_POINT('',(6.47101699508767,25.9075394623269,33.));
#6246=CARTESIAN_POINT('Origin',(11.8653248436967,2.09246129066067,34.62));
#6247=CARTESIAN_POINT('',(11.8653248436967,25.9075394623269,34.62));
#6248=CARTESIAN_POINT('',(11.8653248436967,2.09246129066068,34.62));
#6249=CARTESIAN_POINT('',(11.8653248436967,8.04623083357723,34.62));
#6250=CARTESIAN_POINT('',(11.8653248436967,2.09246129066068,34.62));
#6251=CARTESIAN_POINT('',(11.8653248436967,25.9075394623269,34.62));
#6252=CARTESIAN_POINT('Origin',(15.9999755075779,2.09246033698638,34.62));
#6253=CARTESIAN_POINT('',(14.4999764612522,2.09246033698638,34.62));
#6254=CARTESIAN_POINT('',(11.6305972153107,2.09246033698638,34.62));
#6255=CARTESIAN_POINT('',(8.49997646125224,2.09246033698638,34.62));
#6256=CARTESIAN_POINT('',(11.6305972153107,2.09246033698638,34.62));
#6257=CARTESIAN_POINT('Origin',(11.6305972153107,2.09246033698638,34.62));
#6258=CARTESIAN_POINT('',(11.6305972153107,0.0924603369863788,34.62));
#6259=CARTESIAN_POINT('',(11.6305972153107,8.04623035674008,34.62));
#6260=CARTESIAN_POINT('',(11.6305972153107,0.0924603369863788,34.62));
#6261=CARTESIAN_POINT('Origin',(11.6305972153107,0.0924603369863789,34.62));
#6262=CARTESIAN_POINT('',(15.3999764612522,0.0924603369863794,34.62));
#6263=CARTESIAN_POINT('',(5.81528683828145,0.0924603369863797,34.62));
#6264=CARTESIAN_POINT('',(15.3999764612522,0.0924603369863788,34.62));
#6265=CARTESIAN_POINT('Origin',(15.3999764612522,0.0924603369863788,34.62));
#6266=CARTESIAN_POINT('',(15.3999764612522,-3.52823051896215,34.62));
#6267=CARTESIAN_POINT('',(15.3999764612522,7.04623035674008,34.62));
#6268=CARTESIAN_POINT('',(15.3999764612522,-3.52823051896215,34.62));
#6269=CARTESIAN_POINT('Origin',(14.9999764612522,-3.52823051896215,34.62));
#6270=CARTESIAN_POINT('',(16.9999764612522,-3.52823051896215,34.62));
#6271=CARTESIAN_POINT('',(7.49997646125224,-3.52823051896215,34.62));
#6272=CARTESIAN_POINT('',(16.9999764612522,-3.52823051896215,34.62));
#6273=CARTESIAN_POINT('Origin',(16.9999764612522,-15.9611033858319,34.62));
#6274=CARTESIAN_POINT('',(16.9999764612522,-15.9611033858319,34.62));
#6275=CARTESIAN_POINT('',(16.9999764612522,-15.9611033858319,34.62));
#6276=CARTESIAN_POINT('',(15.3999764612522,-15.9611033858319,34.62));
#6277=CARTESIAN_POINT('',(8.49997646125224,-15.9611033858319,34.62));
#6278=CARTESIAN_POINT('',(15.3999764612522,-15.9611033858319,34.62));
#6279=CARTESIAN_POINT('Origin',(15.3999764612522,-15.9611033858319,34.62));
#6280=CARTESIAN_POINT('',(15.3999764612522,-19.9075396630136,34.62));
#6281=CARTESIAN_POINT('',(15.3999764612522,-0.980551504669068,34.62));
#6282=CARTESIAN_POINT('',(15.3999764612522,-19.9075396630136,34.62));
#6283=CARTESIAN_POINT('Origin',(14.9999764612522,-19.9075396630136,34.62));
#6284=CARTESIAN_POINT('',(7.89997646125224,-19.9075396630136,34.62));
#6285=CARTESIAN_POINT('',(7.89997646125224,-19.9075396630136,37.12));
#6286=CARTESIAN_POINT('',(7.49997646125224,-19.9075396630136,34.62));
#6287=CARTESIAN_POINT('Origin',(14.9999764612522,-19.9075396630136,34.62));
#6288=CARTESIAN_POINT('',(7.49997646125224,-19.9075396630136,34.62));
#6289=CARTESIAN_POINT('',(7.49997646125224,-19.9075396630136,37.12));
#6290=CARTESIAN_POINT('',(-7.50002353874776,-19.9075396630136,34.62));
#6291=CARTESIAN_POINT('',(7.49997646125224,-19.9075396630136,34.62));
#6292=CARTESIAN_POINT('',(-7.50002353874776,-19.9075396630136,37.12));
#6293=CARTESIAN_POINT('Origin',(14.9999764612522,-19.9075396630136,34.62));
#6294=CARTESIAN_POINT('',(-7.90002353874776,-19.9075396630136,34.62));
#6295=CARTESIAN_POINT('',(-7.90002353874776,-19.9075396630136,37.12));
#6296=CARTESIAN_POINT('',(7.49997646125224,-19.9075396630136,34.62));
#6297=CARTESIAN_POINT('Origin',(2.15590062134581,13.0453142556174,34.22));
#6298=CARTESIAN_POINT('',(2.65590062134581,16.0906281347401,34.62));
#6299=CARTESIAN_POINT('',(1.65590062134581,16.0906281347401,33.82));
#6300=CARTESIAN_POINT('',(1.70590062134581,16.0906281347401,33.86));
#6301=CARTESIAN_POINT('',(1.65590062134581,12.0906281347411,33.82));
#6302=CARTESIAN_POINT('',(1.65590062134581,13.0453142556174,33.82));
#6303=CARTESIAN_POINT('',(2.65590062134581,12.0906281347411,34.62));
#6304=CARTESIAN_POINT('',(0.699803060370172,12.0906281347411,33.0551219512195));
#6305=CARTESIAN_POINT('',(2.65590062134581,13.0453142556174,34.62));
#6306=CARTESIAN_POINT('Origin',(-1.67748880036893,16.188609562923,34.22));
#6307=CARTESIAN_POINT('',(-1.64409937865315,15.5148922034506,33.82));
#6308=CARTESIAN_POINT('',(-1.06836344736656,16.0906281347401,33.82));
#6309=CARTESIAN_POINT('',(-1.32393540977477,15.8350561723306,33.82));
#6310=CARTESIAN_POINT('',(-2.48257700973612,16.0906281347401,34.62));
#6311=CARTESIAN_POINT('',(-0.177179131386854,16.0906281347401,33.3158700215057));
#6312=CARTESIAN_POINT('',(-2.64409937865301,15.9291057658224,34.62));
#6313=CARTESIAN_POINT('',(-2.03104219096309,16.5421629535154,34.62));
#6314=CARTESIAN_POINT('',(-2.64409937865301,15.9291057658224,34.62));
#6315=CARTESIAN_POINT('Origin',(-2.1440993786534,14.7574462899727,34.22));
#6316=CARTESIAN_POINT('',(-2.64409937865429,12.0906281347411,34.62));
#6317=CARTESIAN_POINT('',(-2.6440993786534,14.7574462899728,34.62));
#6318=CARTESIAN_POINT('',(-1.64409937865429,12.0906281347411,33.82));
#6319=CARTESIAN_POINT('',(-1.69409937865402,12.0906281347411,33.8599999999998));
#6320=CARTESIAN_POINT('',(-1.6440993786534,14.7574462899725,33.82));
#6321=CARTESIAN_POINT('Origin',(0.147515009638819,10.7135981329089,34.22));
#6322=CARTESIAN_POINT('',(-1.64409937865315,8.21487696341964,33.82));
#6323=CARTESIAN_POINT('',(-1.06836344736656,8.79061289470911,33.82));
#6324=CARTESIAN_POINT('',(0.501068400232977,10.3600447423165,33.82));
#6325=CARTESIAN_POINT('',(-2.48257700973612,8.79061289470911,34.62));
#6326=CARTESIAN_POINT('',(0.514110190584939,8.79061289470911,32.9248177276422));
#6327=CARTESIAN_POINT('',(-2.64409937865301,8.6290905257914,34.62));
#6328=CARTESIAN_POINT('',(-0.206038380955338,11.0671515235013,34.62));
#6329=CARTESIAN_POINT('',(-2.64409937865301,8.6290905257914,34.62));
#6330=CARTESIAN_POINT('Origin',(-2.14409937865218,11.1074386699572,34.22));
#6331=CARTESIAN_POINT('',(-2.64409937865429,4.79061289471011,34.62));
#6332=CARTESIAN_POINT('',(-2.64409937865218,11.1074386699573,34.62));
#6333=CARTESIAN_POINT('',(-1.64409937865429,4.79061289471011,33.82));
#6334=CARTESIAN_POINT('',(-1.69409937865365,4.79061289471011,33.8599999999995));
#6335=CARTESIAN_POINT('',(-1.64409937865218,11.107438669957,33.82));
#6336=CARTESIAN_POINT('Origin',(2.14405230115666,11.1074386699572,34.22));
#6337=CARTESIAN_POINT('',(1.64405230115743,8.79061289470911,33.82));
#6338=CARTESIAN_POINT('',(1.64405230115876,4.79061289471011,33.82));
#6339=CARTESIAN_POINT('',(1.64405230115666,11.107438669957,33.82));
#6340=CARTESIAN_POINT('',(2.64405230115876,4.79061289471011,34.62));
#6341=CARTESIAN_POINT('',(0.691567032922437,4.79061289471011,33.0580117854109));
#6342=CARTESIAN_POINT('',(2.64405230115743,8.79061289470911,34.62));
#6343=CARTESIAN_POINT('',(2.64405230115666,11.1074386699573,34.62));
#6344=CARTESIAN_POINT('',(1.69766459389756,8.79061289470911,33.8628898341921));
#6345=CARTESIAN_POINT('Origin',(-20.5000003054738,17.0000003764942,36.));
#6346=CARTESIAN_POINT('',(-20.5000003054738,15.7499992336374,36.));
#6347=CARTESIAN_POINT('',(-20.5000003054738,16.5000003764942,36.));
#6348=CARTESIAN_POINT('Origin',(-20.2500003054738,16.7500003764942,36.));
#6349=CARTESIAN_POINT('',(-20.0000003054738,17.0000003764942,36.));
#6350=CARTESIAN_POINT('Origin',(-23.7500225850735,17.0000003764942,36.));
#6351=CARTESIAN_POINT('',(-16.2500225850735,17.0000003764942,36.));
#6352=CARTESIAN_POINT('Origin',(-16.2500225850735,17.0000003764942,36.));
#6353=CARTESIAN_POINT('',(-16.2500225850735,11.0000003764942,33.42));
#6354=CARTESIAN_POINT('Origin',(-17.7500225850735,11.0000003764942,36.));
#6355=CARTESIAN_POINT('',(-20.0000003054738,11.0000003764942,36.));
#6356=CARTESIAN_POINT('Origin',(-20.2500003054738,11.2500003764942,36.));
#6357=CARTESIAN_POINT('',(-20.5000003054738,11.5000003764942,36.));
#6358=CARTESIAN_POINT('Origin',(-20.5000003054738,12.7500003764942,36.));
#6359=CARTESIAN_POINT('',(-20.5000003054738,12.250001519351,36.));
#6360=CARTESIAN_POINT('Origin',(-20.5000003054738,12.250001519351,33.));
#6361=CARTESIAN_POINT('',(-19.094679080245,12.5757876440547,33.42));
#6362=CARTESIAN_POINT('Origin',(-18.2872111435555,14.0000003764942,33.));
#6363=CARTESIAN_POINT('',(-19.0946790802452,15.4242131089335,33.42));
#6364=CARTESIAN_POINT('Origin',(-19.0946790802452,15.4242131089335,33.));
#6365=CARTESIAN_POINT('Origin',(20.4999532279783,15.7499992336374,33.));
#6366=CARTESIAN_POINT('',(19.09463200275,15.4242131089341,33.42));
#6367=CARTESIAN_POINT('',(20.4999532279783,15.7499992336374,36.));
#6368=CARTESIAN_POINT('Origin',(18.2871640660599,14.0000003764942,33.));
#6369=CARTESIAN_POINT('',(19.0946320027495,12.575787644054,33.42));
#6370=CARTESIAN_POINT('Origin',(19.0946320027495,12.575787644054,33.));
#6371=CARTESIAN_POINT('',(20.4999532279783,12.250001519351,36.));
#6372=CARTESIAN_POINT('Origin',(20.4999532279783,12.7500003764942,36.));
#6373=CARTESIAN_POINT('',(20.4999532279783,11.5000003764942,36.));
#6374=CARTESIAN_POINT('Origin',(20.2499532279783,11.2500003764942,36.));
#6375=CARTESIAN_POINT('',(19.9999532279783,11.0000003764942,36.));
#6376=CARTESIAN_POINT('Origin',(17.749975507578,11.0000003764942,36.));
#6377=CARTESIAN_POINT('',(16.249975507578,11.0000003764942,36.));
#6378=CARTESIAN_POINT('Origin',(16.249975507578,17.0000003764942,36.));
#6379=CARTESIAN_POINT('',(16.249975507578,17.0000003764942,36.));
#6380=CARTESIAN_POINT('Origin',(23.749975507578,17.0000003764942,36.));
#6381=CARTESIAN_POINT('',(19.9999532279783,17.0000003764942,36.));
#6382=CARTESIAN_POINT('Origin',(20.2499532279783,16.7500003764942,36.));
#6383=CARTESIAN_POINT('',(20.4999532279783,16.5000003764942,36.));
#6384=CARTESIAN_POINT('Origin',(20.4999532279783,17.0000003764942,36.));
#6385=CARTESIAN_POINT('Origin',(-7.90002353874776,-19.9075396630136,39.62));
#6386=CARTESIAN_POINT('',(7.49997646125224,-19.9075396630136,34.62));
#6387=CARTESIAN_POINT('',(-7.90002353874776,-19.9075396630136,33.42));
#6388=CARTESIAN_POINT('',(-7.50002353874776,-19.9075396630136,33.42));
#6389=CARTESIAN_POINT('Origin',(-7.50002353874776,-19.9075396630136,39.62));
#6390=CARTESIAN_POINT('',(-7.50002353874776,-21.9075396630136,37.12));
#6391=CARTESIAN_POINT('Origin',(16.9999764612522,-21.9075396630136,34.62));
#6392=CARTESIAN_POINT('',(7.49997646125225,-21.9075396630136,37.12));
#6393=CARTESIAN_POINT('Origin',(7.49997646125224,-21.9075396630136,39.62));
#6394=CARTESIAN_POINT('',(7.49997646125224,-19.9075396630136,33.42));
#6395=CARTESIAN_POINT('Origin',(7.49997646125224,-19.9075396630136,39.62));
#6396=CARTESIAN_POINT('',(7.49997646125224,-19.9075396630136,34.62));
#6397=CARTESIAN_POINT('',(7.89997646125224,-19.9075396630136,33.42));
#6398=CARTESIAN_POINT('Origin',(7.89997646125224,-19.9075396630136,39.62));
#6399=CARTESIAN_POINT('',(7.89997646125225,-21.9075396630136,37.12));
#6400=CARTESIAN_POINT('Origin',(16.9999764612522,-21.9075396630136,34.62));
#6401=CARTESIAN_POINT('',(14.4999764612522,-21.9075396630136,34.62));
#6402=CARTESIAN_POINT('Origin',(14.4999764612522,-19.4075396630136,34.62));
#6403=CARTESIAN_POINT('',(16.9999764612522,-19.4075396630136,34.62));
#6404=CARTESIAN_POINT('Origin',(16.9999764612522,2.09246033698638,34.62));
#6405=CARTESIAN_POINT('',(16.9999764612522,2.09246033698638,34.62));
#6406=CARTESIAN_POINT('',(16.9999764612522,-0.407539663013621,34.62));
#6407=CARTESIAN_POINT('Origin',(14.4999764612522,-0.407539663013621,34.62));
#6408=CARTESIAN_POINT('',(15.9999755075779,1.59246105224175,33.42));
#6409=CARTESIAN_POINT('Origin',(15.9999755075779,10.0000003764942,33.));
#6410=CARTESIAN_POINT('',(15.9999755075779,10.0000003764942,33.));
#6411=CARTESIAN_POINT('Origin',(20.749975507578,10.0000003764942,33.));
#6412=CARTESIAN_POINT('',(21.1519755075779,10.0000003764942,33.));
#6413=CARTESIAN_POINT('Origin',(21.1519755075779,10.0000003764942,33.));
#6414=CARTESIAN_POINT('',(21.1519755075779,8.9000003764942,36.));
#6415=CARTESIAN_POINT('Origin',(22.450975507578,8.9000003764942,34.5));
#6416=CARTESIAN_POINT('',(21.249975507578,8.9000003764942,33.75));
#6417=CARTESIAN_POINT('Origin',(22.499975507578,9.40000037649419,33.75));
#6418=CARTESIAN_POINT('',(23.749975507578,9.9000003764942,33.75));
#6419=CARTESIAN_POINT('Origin',(23.749975507578,18.0000003764942,33.));
#6420=CARTESIAN_POINT('',(23.749975507578,12.750001519351,36.));
#6421=CARTESIAN_POINT('Origin',(23.749975507578,12.750001519351,36.));
#6422=CARTESIAN_POINT('',(20.9999532279783,12.750001519351,36.));
#6423=CARTESIAN_POINT('Origin',(20.9999532279783,12.750001519351,33.));
#6424=CARTESIAN_POINT('',(18.9711673851621,13.2203212339598,33.42));
#6425=CARTESIAN_POINT('Origin',(18.2871640660599,14.0000003764942,33.));
#6426=CARTESIAN_POINT('',(18.9711673851621,14.7796795190286,33.42));
#6427=CARTESIAN_POINT('Origin',(18.9711673851621,14.7796795190286,33.));
#6428=CARTESIAN_POINT('',(20.9999532279783,15.2499992336374,36.));
#6429=CARTESIAN_POINT('Origin',(20.4999532279783,15.2499992336374,36.));
#6430=CARTESIAN_POINT('',(23.749975507578,15.2499992336374,36.));
#6431=CARTESIAN_POINT('Origin',(23.749975507578,18.0000003764942,33.));
#6432=CARTESIAN_POINT('',(23.749975507578,18.1000003764942,33.75));
#6433=CARTESIAN_POINT('Origin',(22.499975507578,18.6000003764942,33.75));
#6434=CARTESIAN_POINT('',(21.249975507578,19.1000003764942,33.75));
#6435=CARTESIAN_POINT('Origin',(22.450975507578,19.1000003764942,34.5));
#6436=CARTESIAN_POINT('',(21.1519755075779,19.1000003764942,36.));
#6437=CARTESIAN_POINT('Origin',(21.1519755075779,18.0000003764942,33.));
#6438=CARTESIAN_POINT('',(21.1519755075779,18.0000003764942,33.));
#6439=CARTESIAN_POINT('Origin',(15.9999755075779,18.0000003764942,33.));
#6440=CARTESIAN_POINT('',(15.9999755075779,18.0000003764942,33.));
#6441=CARTESIAN_POINT('Origin',(15.9999755075779,25.9075394623269,33.));
#6442=CARTESIAN_POINT('',(15.9999755075779,23.8075394623269,33.));
#6443=CARTESIAN_POINT('Origin',(14.9499755075779,24.8575394623269,33.));
#6444=CARTESIAN_POINT('',(13.8999755075779,25.9075394623269,33.42));
#6445=CARTESIAN_POINT('Origin',(15.9999755075779,25.9075394623269,33.));
#6446=CARTESIAN_POINT('',(7.99997598441509,25.9075394623269,34.62));
#6447=CARTESIAN_POINT('',(-13.9000225850735,25.9075394623269,33.));
#6448=CARTESIAN_POINT('',(-16.0000225850735,25.9075394623269,34.62));
#6449=CARTESIAN_POINT('Origin',(-14.9500225850735,24.8575394623269,33.));
#6450=CARTESIAN_POINT('',(-16.0000225850735,23.8075394623269,33.));
#6451=CARTESIAN_POINT('Origin',(-16.0000225850735,25.9075394623269,33.));
#6452=CARTESIAN_POINT('',(-16.0000225850735,18.0000003764942,33.42));
#6453=CARTESIAN_POINT('Origin',(-16.0000225850735,18.0000003764942,33.));
#6454=CARTESIAN_POINT('',(-21.1520225850735,18.0000003764942,33.));
#6455=CARTESIAN_POINT('Origin',(-21.1520225850735,18.0000003764942,33.));
#6456=CARTESIAN_POINT('',(-21.1520225850735,19.1000003764942,36.));
#6457=CARTESIAN_POINT('Origin',(-22.4510225850735,19.1000003764942,34.5));
#6458=CARTESIAN_POINT('',(-21.2500225850735,19.1000003764942,33.75));
#6459=CARTESIAN_POINT('Origin',(-22.5000225850735,18.6000003764942,33.75));
#6460=CARTESIAN_POINT('',(-23.7500225850735,18.1000003764942,33.75));
#6461=CARTESIAN_POINT('Origin',(-23.7500225850735,18.0000003764942,33.));
#6462=CARTESIAN_POINT('',(-23.7500225850735,15.2499992336374,36.));
#6463=CARTESIAN_POINT('Origin',(-20.5000003054738,15.2499992336374,36.));
#6464=CARTESIAN_POINT('',(-21.0000003054738,15.2499992336374,36.));
#6465=CARTESIAN_POINT('Origin',(-21.0000003054738,15.2499992336374,33.));
#6466=CARTESIAN_POINT('',(-18.9712144626577,14.7796795190285,33.42));
#6467=CARTESIAN_POINT('Origin',(-18.2872111435555,14.0000003764942,33.));
#6468=CARTESIAN_POINT('',(-18.9712144626577,13.2203212339598,33.42));
#6469=CARTESIAN_POINT('Origin',(-18.9712144626577,13.2203212339598,33.));
#6470=CARTESIAN_POINT('',(-21.0000003054738,12.750001519351,36.));
#6471=CARTESIAN_POINT('Origin',(-23.7500225850735,12.750001519351,36.));
#6472=CARTESIAN_POINT('',(-23.7500225850735,12.750001519351,36.));
#6473=CARTESIAN_POINT('Origin',(-23.7500225850735,18.0000003764942,33.));
#6474=CARTESIAN_POINT('',(-23.7500225850735,9.9000003764942,33.75));
#6475=CARTESIAN_POINT('Origin',(-22.5000225850735,9.40000037649419,33.75));
#6476=CARTESIAN_POINT('',(-21.2500225850735,8.9000003764942,33.42));
#6477=CARTESIAN_POINT('Origin',(-22.4510225850735,8.9000003764942,34.5));
#6478=CARTESIAN_POINT('',(-21.1520225850735,8.9000003764942,33.42));
#6479=CARTESIAN_POINT('Origin',(-21.1520225850735,10.0000003764942,33.));
#6480=CARTESIAN_POINT('',(-21.1520225850735,10.0000003764942,33.));
#6481=CARTESIAN_POINT('Origin',(-20.7500225850735,10.0000003764942,33.));
#6482=CARTESIAN_POINT('',(-16.0000225850735,10.0000003764942,33.));
#6483=CARTESIAN_POINT('Origin',(-16.0000225850735,10.0000003764942,33.));
#6484=CARTESIAN_POINT('',(-16.0000225850735,1.59246105224174,34.62));
#6485=CARTESIAN_POINT('Origin',(-14.5000235387478,-0.407539663013621,34.62));
#6486=CARTESIAN_POINT('',(-17.0000235387478,-0.407539663013621,34.62));
#6487=CARTESIAN_POINT('Origin',(-17.0000235387478,-21.9075396630136,34.62));
#6488=CARTESIAN_POINT('',(-17.0000235387478,-19.4075396630136,34.62));
#6489=CARTESIAN_POINT('',(-17.0000235387478,-21.9075396630136,34.62));
#6490=CARTESIAN_POINT('Origin',(-14.5000235387478,-19.4075396630136,34.62));
#6491=CARTESIAN_POINT('',(-14.5000235387478,-21.9075396630136,34.62));
#6492=CARTESIAN_POINT('Origin',(16.9999764612522,-21.9075396630136,34.62));
#6493=CARTESIAN_POINT('',(-7.90002353874776,-21.9075396630136,37.12));
#6494=CARTESIAN_POINT('Origin',(-7.90002353874776,-21.9075396630136,39.62));
#6495=CARTESIAN_POINT('Origin',(1.65590062134581,16.0906281347401,33.));
#6496=CARTESIAN_POINT('',(1.65590062134581,16.0906281347401,33.));
#6497=CARTESIAN_POINT('',(0.827938541299026,16.0906281347401,34.62));
#6498=CARTESIAN_POINT('',(-1.06836344736656,16.0906281347401,33.));
#6499=CARTESIAN_POINT('Origin',(1.65590062134581,12.0906281347411,33.));
#6500=CARTESIAN_POINT('',(1.65590062134581,12.0906281347411,33.));
#6501=CARTESIAN_POINT('Origin',(-1.64409937865429,12.0906281347411,33.));
#6502=CARTESIAN_POINT('',(-1.64409937865429,12.0906281347411,33.));
#6503=CARTESIAN_POINT('',(-0.822061458701025,12.0906281347411,34.62));
#6504=CARTESIAN_POINT('Origin',(-1.64409937865315,15.5148922034506,33.));
#6505=CARTESIAN_POINT('',(-1.64409937865315,15.5148922034506,33.42));
#6506=CARTESIAN_POINT('Origin',(-1.06836344736656,16.0906281347401,33.));
#6507=CARTESIAN_POINT('Origin',(-1.64409937865429,4.79061289471011,33.));
#6508=CARTESIAN_POINT('',(-1.64409937865429,4.79061289471011,33.));
#6509=CARTESIAN_POINT('',(0.822014381205503,4.79061289471011,34.62));
#6510=CARTESIAN_POINT('',(1.64405230115876,4.79061289471011,33.));
#6511=CARTESIAN_POINT('Origin',(-1.64409937865315,8.21487696341964,33.));
#6512=CARTESIAN_POINT('',(-1.64409937865315,8.21487696341964,33.42));
#6513=CARTESIAN_POINT('Origin',(-1.06836344736656,8.79061289470911,33.));
#6514=CARTESIAN_POINT('',(-1.06836344736656,8.79061289470911,33.));
#6515=CARTESIAN_POINT('Origin',(1.65590062134581,8.79061289470911,33.));
#6516=CARTESIAN_POINT('',(-0.827985618794548,8.79061289470911,34.62));
#6517=CARTESIAN_POINT('',(1.64405230115743,8.79061289470911,33.));
#6518=CARTESIAN_POINT('Origin',(1.64405230115762,8.21487696341964,33.));
#6519=CARTESIAN_POINT('Origin',(9.01101699508767,24.4309481753801,33.));
#6520=CARTESIAN_POINT('',(9.01101699508767,4.2000003764942,34.62));
#6521=CARTESIAN_POINT('',(9.01101699508767,4.2000003764942,33.));
#6522=CARTESIAN_POINT('',(9.01101699508767,19.2154742759369,34.62));
#6523=CARTESIAN_POINT('Origin',(9.01101699508767,4.2000003764942,33.));
#6524=CARTESIAN_POINT('',(-9.01106407258319,4.2000003764942,34.62));
#6525=CARTESIAN_POINT('Origin',(-2.35387477598437E-5,14.0000003764938,34.62));
#6526=CARTESIAN_POINT('',(-6.47106407258319,8.81420300339645,34.62));
#6527=CARTESIAN_POINT('Origin',(-6.47106407258319,3.62840563029911,33.));
#6528=CARTESIAN_POINT('Origin',(-20.7520225850735,8.90000037649379,27.9200521649608));
#6529=CARTESIAN_POINT('',(-20.7520225850735,8.90000037649379,27.9200521649608));
#6530=CARTESIAN_POINT('',(-20.7520225850735,19.1000003764938,27.9200521649608));
#6531=CARTESIAN_POINT('',(-20.7520225850735,17.4037699194103,27.9200521649608));
#6532=CARTESIAN_POINT('',(-16.0020225850735,19.1000003764938,27.9200521649608));
#6533=CARTESIAN_POINT('',(-20.7520225850735,19.1000003764938,27.9200521649608));
#6534=CARTESIAN_POINT('',(-16.0020225850735,8.90000037649379,27.9200521649608));
#6535=CARTESIAN_POINT('',(-16.0020225850735,11.4500003764938,27.9200521649608));
#6536=CARTESIAN_POINT('',(-20.7520225850735,8.90000037649379,27.9200521649608));
#6537=CARTESIAN_POINT('Origin',(-14.3270225850735,2.34246129066068,37.1700521649608));
#6538=CARTESIAN_POINT('',(-13.9520225850735,2.09246129066068,36.9200521649608));
#6539=CARTESIAN_POINT('',(-9.30202258507347,2.09246129066067,36.9200521649608));
#6540=CARTESIAN_POINT('',(-14.3270225850735,2.09246129066068,36.9200521649608));
#6541=CARTESIAN_POINT('',(-9.30202258507347,2.59246129066067,37.4200521649608));
#6542=CARTESIAN_POINT('',(-9.30202258507347,2.04246129066067,36.8700521649608));
#6543=CARTESIAN_POINT('',(-13.7449158038869,2.59246129066067,37.4200521649608));
#6544=CARTESIAN_POINT('',(-14.3270225850735,2.59246129066067,37.4200521649608));
#6545=CARTESIAN_POINT('',(-13.7449158038869,2.59246129066067,37.4200521649608));
#6546=CARTESIAN_POINT('Origin',(-18.1271306612351,6.62112275741559,37.1700521649608));
#6547=CARTESIAN_POINT('',(-20.0449158038869,8.89246129066068,37.4200521649608));
#6548=CARTESIAN_POINT('',(-17.9503539659385,6.79789945271223,37.4200521649608));
#6549=CARTESIAN_POINT('',(-20.7520225850735,8.89246129066068,36.9200521649608));
#6550=CARTESIAN_POINT('',(-19.700281915164,8.89246129066068,37.6637451247034));
#6551=CARTESIAN_POINT('',(-18.3039073565317,6.44434606211895,36.9200521649608));
#6552=CARTESIAN_POINT('Origin',(-16.0020225850735,2.09246129066068,36.2200521649608));
#6553=CARTESIAN_POINT('',(-13.9520225850735,2.09246129066068,36.0000521649608));
#6554=CARTESIAN_POINT('',(-13.9520225850735,2.09246129066068,36.2200521649608));
#6555=CARTESIAN_POINT('',(-9.30202258507347,2.09246129066067,36.0000521649608));
#6556=CARTESIAN_POINT('',(-16.0020225850735,2.09246129066068,36.0000521649608));
#6557=CARTESIAN_POINT('',(-9.30202258507347,2.09246129066067,36.2200521649608));
#6558=CARTESIAN_POINT('Origin',(-17.3520225850735,5.49246129066068,36.2200521649608));
#6559=CARTESIAN_POINT('',(-20.7520225850735,8.89246129066068,36.0000521649608));
#6560=CARTESIAN_POINT('',(-20.7520225850735,8.89246129066068,37.2200521649608));
#6561=CARTESIAN_POINT('',(-18.3039073565317,6.44434606211895,36.0000521649608));
#6562=CARTESIAN_POINT('Origin',(-18.1271306612351,21.378877995572,37.1700521649608));
#6563=CARTESIAN_POINT('',(-13.9520225850735,25.9075394623269,36.9200521649608));
#6564=CARTESIAN_POINT('',(-20.7520225850735,19.1075394623269,36.9200521649608));
#6565=CARTESIAN_POINT('',(-18.3039073565317,21.5556546908686,36.9200521649608));
#6566=CARTESIAN_POINT('',(-20.0449158038869,19.1075394623269,37.4200521649608));
#6567=CARTESIAN_POINT('',(-19.100281915164,19.1075394623269,38.0880091934153));
#6568=CARTESIAN_POINT('',(-13.7449158038869,25.4075394623269,37.4200521649608));
#6569=CARTESIAN_POINT('',(-17.9503539659385,21.2021013002753,37.4200521649608));
#6570=CARTESIAN_POINT('',(-13.7449158038869,25.4075394623269,37.4200521649608));
#6571=CARTESIAN_POINT('Origin',(-10.9770225850735,25.6575394623269,37.1700521649608));
#6572=CARTESIAN_POINT('',(-9.30202258507347,25.4075394623269,37.4200521649608));
#6573=CARTESIAN_POINT('',(-10.9770225850735,25.4075394623269,37.4200521649608));
#6574=CARTESIAN_POINT('',(-9.30202258507347,25.9075394623269,36.9200521649608));
#6575=CARTESIAN_POINT('',(-9.30202258507347,20.0037699194103,42.8238217078773));
#6576=CARTESIAN_POINT('',(-10.9770225850735,25.9075394623269,36.9200521649608));
#6577=CARTESIAN_POINT('Origin',(-9.30202258507347,2.09246129066067,36.2200521649608));
#6578=CARTESIAN_POINT('',(-9.30202258507347,25.9075394623269,36.0000521649608));
#6579=CARTESIAN_POINT('',(-9.30202258507347,25.9075394623269,36.0000521649608));
#6580=CARTESIAN_POINT('',(-9.30202258507347,25.9075394623269,36.2200521649608));
#6581=CARTESIAN_POINT('',(-9.30202258507347,25.9075394623269,37.4200521649608));
#6582=CARTESIAN_POINT('Origin',(-12.6520225850735,14.0000003764938,37.4200521649608));
#6583=CARTESIAN_POINT('',(-18.9520225850735,19.1075394623269,37.4200521649608));
#6584=CARTESIAN_POINT('',(-15.8020225850735,19.1075394623269,37.4200521649608));
#6585=CARTESIAN_POINT('',(-18.9520225850735,8.89246129066068,37.4200521649608));
#6586=CARTESIAN_POINT('',(-18.9520225850735,11.4462308335772,37.4200521649608));
#6587=CARTESIAN_POINT('',(-16.7020225850735,8.89246129066068,37.4200521649608));
#6588=CARTESIAN_POINT('Origin',(-20.5520225850735,19.9537699194103,38.7200521649608));
#6589=CARTESIAN_POINT('',(-20.7520225850735,8.89246129066068,38.5200521649608));
#6590=CARTESIAN_POINT('',(-20.3520225850735,8.89246129066068,38.9200521649608));
#6591=CARTESIAN_POINT('',(-20.9270225850735,8.89246129066068,38.3450521649608));
#6592=CARTESIAN_POINT('',(-20.3520225850735,19.1075394623269,38.9200521649608));
#6593=CARTESIAN_POINT('',(-20.3520225850735,19.9537699194103,38.9200521649608));
#6594=CARTESIAN_POINT('',(-20.7520225850735,19.1075394623269,38.5200521649608));
#6595=CARTESIAN_POINT('',(-20.4770225850735,19.1075394623269,38.7950521649608));
#6596=CARTESIAN_POINT('',(-20.7520225850735,19.9537699194103,38.5200521649608));
#6597=CARTESIAN_POINT('Origin',(-18.9520225850735,19.1075394623269,37.4200521649608));
#6598=CARTESIAN_POINT('',(-19.3520225850735,19.1075394623269,38.9200521649608));
#6599=CARTESIAN_POINT('',(-18.9520225850735,19.1075394623269,38.9200521649608));
#6600=CARTESIAN_POINT('',(-18.9520225850735,19.1075394623269,38.5200521649608));
#6601=CARTESIAN_POINT('',(-18.7770225850735,19.1075394623269,38.3450521649608));
#6602=CARTESIAN_POINT('',(-18.9520225850735,19.1075394623269,37.4200521649608));
#6603=CARTESIAN_POINT('',(-20.7520225850735,19.1075394623269,36.2200521649608));
#6604=CARTESIAN_POINT('Origin',(-19.8520225850735,14.0000003764938,38.9200521649608));
#6605=CARTESIAN_POINT('',(-19.3520225850735,8.89246129066068,38.9200521649608));
#6606=CARTESIAN_POINT('',(-20.7520225850735,8.89246129066068,38.9200521649608));
#6607=CARTESIAN_POINT('',(-19.3520225850735,11.4462308335772,38.9200521649608));
#6608=CARTESIAN_POINT('Origin',(-19.1520225850735,11.4462308335772,38.7200521649608));
#6609=CARTESIAN_POINT('',(-18.9520225850735,8.89246129066068,38.5200521649608));
#6610=CARTESIAN_POINT('',(-19.2270225850735,8.89246129066068,38.7950521649608));
#6611=CARTESIAN_POINT('',(-18.9520225850735,11.4462308335772,38.5200521649608));
#6612=CARTESIAN_POINT('Origin',(-18.9520225850735,8.89246129066068,37.4200521649608));
#6613=CARTESIAN_POINT('',(-18.9520225850735,8.89246129066068,37.4200521649608));
#6614=CARTESIAN_POINT('Origin',(-20.7520225850735,8.89246129066068,37.4200521649608));
#6615=CARTESIAN_POINT('',(-20.7520225850735,8.89246129066068,37.2200521649608));
#6616=CARTESIAN_POINT('Origin',(-17.3520225850735,22.5075394623269,36.2200521649608));
#6617=CARTESIAN_POINT('',(-13.9520225850735,25.9075394623269,36.0000521649608));
#6618=CARTESIAN_POINT('',(-13.9520225850735,25.9075394623269,36.2200521649608));
#6619=CARTESIAN_POINT('',(-20.7520225850735,19.1075394623269,36.0000521649608));
#6620=CARTESIAN_POINT('',(-18.3039073565317,21.5556546908686,36.0000521649608));
#6621=CARTESIAN_POINT('',(-20.7520225850735,19.1075394623269,36.2200521649608));
#6622=CARTESIAN_POINT('Origin',(-20.7520225850735,25.9075394623269,36.2200521649608));
#6623=CARTESIAN_POINT('',(-20.7520225850735,19.1000003764938,36.0000521649608));
#6624=CARTESIAN_POINT('',(-20.7520225850735,2.09246129066068,36.0000521649608));
#6625=CARTESIAN_POINT('',(-20.7520225850735,19.1000003764938,27.9000521649608));
#6626=CARTESIAN_POINT('',(-20.7520225850735,8.90000037649379,36.0000521649608));
#6627=CARTESIAN_POINT('',(-20.7520225850735,8.90000037649379,37.0000521649608));
#6628=CARTESIAN_POINT('',(-20.7520225850735,2.09246129066068,36.0000521649608));
#6629=CARTESIAN_POINT('',(-20.7520225850735,9.90000037649379,36.0000521649608));
#6630=CARTESIAN_POINT('',(-20.7520225850735,18.1000003764938,36.0000521649608));
#6631=CARTESIAN_POINT('',(-20.7520225850735,2.09246129066068,36.0000521649608));
#6632=CARTESIAN_POINT('',(-20.7520225850735,9.90000037649379,28.9000521649608));
#6633=CARTESIAN_POINT('',(-20.7520225850735,9.90000037649379,36.0000521649608));
#6634=CARTESIAN_POINT('',(-20.7520225850735,18.1000003764938,28.9000521649608));
#6635=CARTESIAN_POINT('',(-20.7520225850735,9.90000037649379,28.9000521649608));
#6636=CARTESIAN_POINT('',(-20.7520225850735,18.1000003764938,28.9000521649608));
#6637=CARTESIAN_POINT('Origin',(-12.6520225850735,14.0000003764938,36.0000521649608));
#6638=CARTESIAN_POINT('',(-16.0020225850735,25.9075394623269,36.0000521649608));
#6639=CARTESIAN_POINT('',(-16.0020225850735,8.90000037649379,36.0000521649608));
#6640=CARTESIAN_POINT('',(-16.7020225850735,8.90000037649379,36.0000521649608));
#6641=CARTESIAN_POINT('',(-16.0020225850735,9.90000037649379,36.0000521649608));
#6642=CARTESIAN_POINT('',(-16.0020225850735,14.0000003764938,36.0000521649608));
#6643=CARTESIAN_POINT('',(-16.7020225850735,9.90000037649379,36.0000521649608));
#6644=CARTESIAN_POINT('',(-16.0020225850735,18.1000003764938,36.0000521649608));
#6645=CARTESIAN_POINT('',(-16.7020225850735,18.1000003764938,36.0000521649608));
#6646=CARTESIAN_POINT('',(-16.0020225850735,19.1000003764938,36.0000521649608));
#6647=CARTESIAN_POINT('',(-16.0020225850735,14.0000003764938,36.0000521649608));
#6648=CARTESIAN_POINT('',(-16.7020225850735,19.1000003764938,36.0000521649608));
#6649=CARTESIAN_POINT('Origin',(-20.7520225850735,18.1000003764938,28.9000521649608));
#6650=CARTESIAN_POINT('',(-16.0020225850735,9.90000037649379,28.9000521649608));
#6651=CARTESIAN_POINT('',(-20.7520225850735,9.90000037649379,28.9000521649608));
#6652=CARTESIAN_POINT('',(-16.0020225850735,18.1000003764938,28.9000521649608));
#6653=CARTESIAN_POINT('',(-16.0020225850735,9.90000037649379,28.9000521649608));
#6654=CARTESIAN_POINT('',(-20.7520225850735,18.1000003764938,28.9000521649608));
#6655=CARTESIAN_POINT('Origin',(-20.7520225850735,18.1000003764938,36.0000521649608));
#6656=CARTESIAN_POINT('',(-16.0020225850735,18.1000003764938,28.9000521649608));
#6657=CARTESIAN_POINT('Origin',(-20.7520225850735,19.1000003764938,27.9000521649608));
#6658=CARTESIAN_POINT('',(-16.0020225850735,19.1000003764938,28.3200521649608));
#6659=CARTESIAN_POINT('Origin',(-20.7520225850735,8.90000037649379,36.0000521649608));
#6660=CARTESIAN_POINT('',(-16.0020225850735,8.90000037649379,37.0000521649608));
#6661=CARTESIAN_POINT('Origin',(-20.7520225850735,9.90000037649379,28.9000521649608));
#6662=CARTESIAN_POINT('',(-16.0020225850735,9.90000037649379,36.0000521649608));
#6663=CARTESIAN_POINT('Origin',(-16.0020225850735,14.0000003764938,31.9500521649608));
#6664=CARTESIAN_POINT('Origin',(-9.30202258507347,25.9075394623269,36.2200521649608));
#6665=CARTESIAN_POINT('Origin',(20.7520225850735,8.90000037649379,27.9200521649608));
#6666=CARTESIAN_POINT('',(20.7520225850735,19.1000003764938,27.9200521649608));
#6667=CARTESIAN_POINT('',(20.7520225850735,8.90000037649379,27.9200521649608));
#6668=CARTESIAN_POINT('',(20.7520225850735,17.4037699194103,27.9200521649608));
#6669=CARTESIAN_POINT('',(16.0020225850735,8.90000037649379,27.9200521649608));
#6670=CARTESIAN_POINT('',(20.7520225850735,8.90000037649379,27.9200521649608));
#6671=CARTESIAN_POINT('',(16.0020225850735,19.1000003764938,27.9200521649608));
#6672=CARTESIAN_POINT('',(16.0020225850735,11.4500003764938,27.9200521649608));
#6673=CARTESIAN_POINT('',(20.7520225850735,19.1000003764938,27.9200521649608));
#6674=CARTESIAN_POINT('Origin',(10.9770225850735,25.6575394623269,37.1700521649608));
#6675=CARTESIAN_POINT('',(13.9520225850735,25.9075394623269,36.9200521649608));
#6676=CARTESIAN_POINT('',(9.30202258507347,25.9075394623269,36.9200521649608));
#6677=CARTESIAN_POINT('',(10.9770225850735,25.9075394623269,36.9200521649608));
#6678=CARTESIAN_POINT('',(9.30202258507347,25.4075394623269,37.4200521649608));
#6679=CARTESIAN_POINT('',(9.30202258507347,20.0037699194103,42.8238217078773));
#6680=CARTESIAN_POINT('',(13.7449158038869,25.4075394623269,37.4200521649608));
#6681=CARTESIAN_POINT('',(10.9770225850735,25.4075394623269,37.4200521649608));
#6682=CARTESIAN_POINT('',(13.7449158038869,25.4075394623269,37.4200521649608));
#6683=CARTESIAN_POINT('Origin',(18.1271306612351,21.378877995572,37.1700521649608));
#6684=CARTESIAN_POINT('',(20.0449158038869,19.1075394623269,37.4200521649608));
#6685=CARTESIAN_POINT('',(17.9503539659385,21.2021013002753,37.4200521649608));
#6686=CARTESIAN_POINT('',(20.7520225850735,19.1075394623269,36.9200521649608));
#6687=CARTESIAN_POINT('',(19.100281915164,19.1075394623269,38.0880091934153));
#6688=CARTESIAN_POINT('',(18.3039073565317,21.5556546908686,36.9200521649608));
#6689=CARTESIAN_POINT('Origin',(9.30202258507347,25.9075394623269,36.2200521649608));
#6690=CARTESIAN_POINT('',(13.9520225850735,25.9075394623269,36.0000521649608));
#6691=CARTESIAN_POINT('',(13.9520225850735,25.9075394623269,36.2200521649608));
#6692=CARTESIAN_POINT('',(9.30202258507347,25.9075394623269,36.0000521649608));
#6693=CARTESIAN_POINT('',(16.0020225850735,25.9075394623269,36.0000521649608));
#6694=CARTESIAN_POINT('',(9.30202258507347,25.9075394623269,36.2200521649608));
#6695=CARTESIAN_POINT('Origin',(17.3520225850735,22.5075394623269,36.2200521649608));
#6696=CARTESIAN_POINT('',(20.7520225850735,19.1075394623269,36.0000521649608));
#6697=CARTESIAN_POINT('',(20.7520225850735,19.1075394623269,36.2200521649608));
#6698=CARTESIAN_POINT('',(18.3039073565317,21.5556546908686,36.0000521649608));
#6699=CARTESIAN_POINT('Origin',(18.1271306612351,6.62112275741559,37.1700521649608));
#6700=CARTESIAN_POINT('',(13.9520225850735,2.09246129066068,36.9200521649608));
#6701=CARTESIAN_POINT('',(20.7520225850735,8.89246129066068,36.9200521649608));
#6702=CARTESIAN_POINT('',(18.3039073565317,6.44434606211895,36.9200521649608));
#6703=CARTESIAN_POINT('',(20.0449158038869,8.89246129066068,37.4200521649608));
#6704=CARTESIAN_POINT('',(19.700281915164,8.89246129066068,37.6637451247034));
#6705=CARTESIAN_POINT('',(13.7449158038869,2.59246129066067,37.4200521649608));
#6706=CARTESIAN_POINT('',(17.9503539659385,6.79789945271223,37.4200521649608));
#6707=CARTESIAN_POINT('',(13.7449158038869,2.59246129066067,37.4200521649608));
#6708=CARTESIAN_POINT('Origin',(14.3270225850735,2.34246129066068,37.1700521649608));
#6709=CARTESIAN_POINT('',(9.30202258507347,2.59246129066067,37.4200521649608));
#6710=CARTESIAN_POINT('',(14.3270225850735,2.59246129066067,37.4200521649608));
#6711=CARTESIAN_POINT('',(9.30202258507347,2.09246129066067,36.9200521649608));
#6712=CARTESIAN_POINT('',(9.30202258507347,2.04246129066067,36.8700521649608));
#6713=CARTESIAN_POINT('',(14.3270225850735,2.09246129066068,36.9200521649608));
#6714=CARTESIAN_POINT('Origin',(9.30202258507347,2.09246129066067,36.2200521649608));
#6715=CARTESIAN_POINT('',(9.30202258507347,2.09246129066067,36.0000521649608));
#6716=CARTESIAN_POINT('',(9.30202258507347,25.9075394623269,36.0000521649608));
#6717=CARTESIAN_POINT('',(9.30202258507347,2.09246129066067,36.2200521649608));
#6718=CARTESIAN_POINT('',(9.30202258507347,25.9075394623269,37.4200521649608));
#6719=CARTESIAN_POINT('Origin',(12.6520225850735,14.0000003764938,37.4200521649608));
#6720=CARTESIAN_POINT('',(18.9520225850735,8.89246129066068,37.4200521649608));
#6721=CARTESIAN_POINT('',(16.7020225850735,8.89246129066068,37.4200521649608));
#6722=CARTESIAN_POINT('',(18.9520225850735,19.1075394623269,37.4200521649608));
#6723=CARTESIAN_POINT('',(18.9520225850735,11.4462308335772,37.4200521649608));
#6724=CARTESIAN_POINT('',(15.8020225850735,19.1075394623269,37.4200521649608));
#6725=CARTESIAN_POINT('Origin',(20.5520225850735,19.9537699194103,38.7200521649608));
#6726=CARTESIAN_POINT('',(20.7520225850735,8.89246129066068,38.5200521649608));
#6727=CARTESIAN_POINT('',(20.3520225850735,8.89246129066068,38.9200521649608));
#6728=CARTESIAN_POINT('',(20.9270225850735,8.89246129066068,38.3450521649608));
#6729=CARTESIAN_POINT('',(20.7520225850735,19.1075394623269,38.5200521649608));
#6730=CARTESIAN_POINT('',(20.7520225850735,19.9537699194103,38.5200521649608));
#6731=CARTESIAN_POINT('',(20.3520225850735,19.1075394623269,38.9200521649608));
#6732=CARTESIAN_POINT('',(20.4770225850735,19.1075394623269,38.7950521649608));
#6733=CARTESIAN_POINT('',(20.3520225850735,19.9537699194103,38.9200521649608));
#6734=CARTESIAN_POINT('Origin',(18.9520225850735,19.1075394623269,37.4200521649608));
#6735=CARTESIAN_POINT('',(20.7520225850735,19.1075394623269,36.2200521649608));
#6736=CARTESIAN_POINT('',(18.9520225850735,19.1075394623269,38.5200521649608));
#6737=CARTESIAN_POINT('',(18.9520225850735,19.1075394623269,37.4200521649608));
#6738=CARTESIAN_POINT('',(19.3520225850735,19.1075394623269,38.9200521649608));
#6739=CARTESIAN_POINT('',(18.7770225850735,19.1075394623269,38.3450521649608));
#6740=CARTESIAN_POINT('',(18.9520225850735,19.1075394623269,38.9200521649608));
#6741=CARTESIAN_POINT('Origin',(19.8520225850735,14.0000003764938,38.9200521649608));
#6742=CARTESIAN_POINT('',(19.3520225850735,8.89246129066068,38.9200521649608));
#6743=CARTESIAN_POINT('',(19.3520225850735,11.4462308335772,38.9200521649608));
#6744=CARTESIAN_POINT('',(20.7520225850735,8.89246129066068,38.9200521649608));
#6745=CARTESIAN_POINT('Origin',(19.1520225850735,11.4462308335772,38.7200521649608));
#6746=CARTESIAN_POINT('',(18.9520225850735,8.89246129066068,38.5200521649608));
#6747=CARTESIAN_POINT('',(18.9520225850735,11.4462308335772,38.5200521649608));
#6748=CARTESIAN_POINT('',(19.2270225850735,8.89246129066068,38.7950521649608));
#6749=CARTESIAN_POINT('Origin',(18.9520225850735,8.89246129066068,37.4200521649608));
#6750=CARTESIAN_POINT('',(18.9520225850735,8.89246129066068,37.4200521649608));
#6751=CARTESIAN_POINT('Origin',(20.7520225850735,8.89246129066068,37.4200521649608));
#6752=CARTESIAN_POINT('',(20.7520225850735,8.89246129066068,37.4200521649608));
#6753=CARTESIAN_POINT('Origin',(20.7520225850735,25.9075394623269,36.2200521649608));
#6754=CARTESIAN_POINT('',(20.7520225850735,8.89246129066068,36.0000521649608));
#6755=CARTESIAN_POINT('',(20.7520225850735,8.89246129066068,37.2200521649608));
#6756=CARTESIAN_POINT('',(20.7520225850735,8.90000037649379,36.0000521649608));
#6757=CARTESIAN_POINT('',(20.7520225850735,2.09246129066068,36.0000521649608));
#6758=CARTESIAN_POINT('',(20.7520225850735,8.90000037649379,28.3200521649608));
#6759=CARTESIAN_POINT('',(20.7520225850735,19.1000003764938,36.0000521649608));
#6760=CARTESIAN_POINT('',(20.7520225850735,19.1000003764938,27.9000521649608));
#6761=CARTESIAN_POINT('',(20.7520225850735,2.09246129066068,36.0000521649608));
#6762=CARTESIAN_POINT('',(20.7520225850735,9.90000037649379,36.0000521649608));
#6763=CARTESIAN_POINT('',(20.7520225850735,18.1000003764938,36.0000521649608));
#6764=CARTESIAN_POINT('',(20.7520225850735,2.09246129066068,36.0000521649608));
#6765=CARTESIAN_POINT('',(20.7520225850735,18.1000003764938,28.9000521649608));
#6766=CARTESIAN_POINT('',(20.7520225850735,18.1000003764938,28.9000521649608));
#6767=CARTESIAN_POINT('',(20.7520225850735,9.90000037649379,28.9000521649608));
#6768=CARTESIAN_POINT('',(20.7520225850735,9.90000037649379,28.9000521649608));
#6769=CARTESIAN_POINT('',(20.7520225850735,9.90000037649379,36.0000521649608));
#6770=CARTESIAN_POINT('Origin',(12.6520225850735,14.0000003764938,36.0000521649608));
#6771=CARTESIAN_POINT('',(16.0020225850735,19.1000003764938,36.0000521649608));
#6772=CARTESIAN_POINT('',(16.7020225850735,19.1000003764938,36.0000521649608));
#6773=CARTESIAN_POINT('',(16.0020225850735,18.1000003764938,36.0000521649608));
#6774=CARTESIAN_POINT('',(16.0020225850735,14.0000003764938,36.0000521649608));
#6775=CARTESIAN_POINT('',(16.7020225850735,18.1000003764938,36.0000521649608));
#6776=CARTESIAN_POINT('',(16.0020225850735,9.90000037649379,36.0000521649608));
#6777=CARTESIAN_POINT('',(16.7020225850735,9.90000037649379,36.0000521649608));
#6778=CARTESIAN_POINT('',(16.0020225850735,8.90000037649379,36.0000521649608));
#6779=CARTESIAN_POINT('',(16.0020225850735,14.0000003764938,36.0000521649608));
#6780=CARTESIAN_POINT('',(16.7020225850735,8.90000037649379,36.0000521649608));
#6781=CARTESIAN_POINT('',(13.9520225850735,2.09246129066068,36.0000521649608));
#6782=CARTESIAN_POINT('',(18.3039073565317,6.44434606211895,36.0000521649608));
#6783=CARTESIAN_POINT('',(16.0020225850735,2.09246129066068,36.0000521649608));
#6784=CARTESIAN_POINT('Origin',(17.3520225850735,5.49246129066068,36.2200521649608));
#6785=CARTESIAN_POINT('',(13.9520225850735,2.09246129066068,36.2200521649608));
#6786=CARTESIAN_POINT('Origin',(16.0020225850735,2.09246129066068,36.2200521649608));
#6787=CARTESIAN_POINT('Origin',(20.7520225850735,18.1000003764938,28.9000521649608));
#6788=CARTESIAN_POINT('',(16.0020225850735,18.1000003764938,28.9000521649608));
#6789=CARTESIAN_POINT('',(20.7520225850735,18.1000003764938,28.9000521649608));
#6790=CARTESIAN_POINT('',(16.0020225850735,9.90000037649379,28.9000521649608));
#6791=CARTESIAN_POINT('',(16.0020225850735,9.90000037649379,28.9000521649608));
#6792=CARTESIAN_POINT('',(20.7520225850735,9.90000037649379,28.9000521649608));
#6793=CARTESIAN_POINT('Origin',(20.7520225850735,18.1000003764938,36.0000521649608));
#6794=CARTESIAN_POINT('',(16.0020225850735,18.1000003764938,28.9000521649608));
#6795=CARTESIAN_POINT('Origin',(20.7520225850735,19.1000003764938,27.9000521649608));
#6796=CARTESIAN_POINT('',(16.0020225850735,19.1000003764938,28.3200521649608));
#6797=CARTESIAN_POINT('Origin',(20.7520225850735,8.90000037649379,36.0000521649608));
#6798=CARTESIAN_POINT('',(16.0020225850735,8.90000037649379,28.3200521649608));
#6799=CARTESIAN_POINT('Origin',(20.7520225850735,9.90000037649379,28.9000521649608));
#6800=CARTESIAN_POINT('',(16.0020225850735,9.90000037649379,36.0000521649608));
#6801=CARTESIAN_POINT('Origin',(16.0020225850735,14.0000003764938,31.9500521649608));
#6802=UNCERTAINTY_MEASURE_WITH_UNIT(LENGTH_MEASURE(0.01),#6806,
'DISTANCE_ACCURACY_VALUE',
'Maximum model space distance between geometric entities at asserted c
onnectivities');
#6803=UNCERTAINTY_MEASURE_WITH_UNIT(LENGTH_MEASURE(0.01),#6806,
'DISTANCE_ACCURACY_VALUE',
'Maximum model space distance between geometric entities at asserted c
onnectivities');
#6804=(
GEOMETRIC_REPRESENTATION_CONTEXT(3)
GLOBAL_UNCERTAINTY_ASSIGNED_CONTEXT((#6802))
GLOBAL_UNIT_ASSIGNED_CONTEXT((#6806,#6807,#6808))
REPRESENTATION_CONTEXT('','3D')
);
#6805=(
GEOMETRIC_REPRESENTATION_CONTEXT(3)
GLOBAL_UNCERTAINTY_ASSIGNED_CONTEXT((#6803))
GLOBAL_UNIT_ASSIGNED_CONTEXT((#6806,#6807,#6808))
REPRESENTATION_CONTEXT('','3D')
);
#6806=(
LENGTH_UNIT()
NAMED_UNIT(*)
SI_UNIT(.MILLI.,.METRE.)
);
#6807=(
NAMED_UNIT(*)
PLANE_ANGLE_UNIT()
SI_UNIT($,.RADIAN.)
);
#6808=(
NAMED_UNIT(*)
SI_UNIT($,.STERADIAN.)
SOLID_ANGLE_UNIT()
);
#6809=SHAPE_DEFINITION_REPRESENTATION(#6810,#6811);
#6810=PRODUCT_DEFINITION_SHAPE('',$,#6813);
#6811=SHAPE_REPRESENTATION('',(#4284),#6804);
#6812=PRODUCT_DEFINITION_CONTEXT('part definition',#6817,'design');
#6813=PRODUCT_DEFINITION('\X2\914D7F6E\X0\ 1',
'BRD 1.6mm\X2\5E95677F539A5EA6\X0\ v3',#6814,#6812);
#6814=PRODUCT_DEFINITION_FORMATION('',$,#6819);
#6815=PRODUCT_RELATED_PRODUCT_CATEGORY('BRD 1.6mm\X2\5E95677F539A5EA6\X0\ 
v3','BRD 1.6mm\X2\5E95677F539A5EA6\X0\ v3',(#6819));
#6816=APPLICATION_PROTOCOL_DEFINITION('international standard',
'automotive_design',2009,#6817);
#6817=APPLICATION_CONTEXT(
'Core Data for Automotive Mechanical Design Process');
#6818=PRODUCT_CONTEXT('part definition',#6817,'mechanical');
#6819=PRODUCT('\X2\914D7F6E\X0\ 1','BRD 1.6mm\X2\5E95677F539A5EA6\X0\ 
v3',$,(#6818));
#6820=PRESENTATION_STYLE_ASSIGNMENT((#6822));
#6821=PRESENTATION_STYLE_ASSIGNMENT((#6823));
#6822=SURFACE_STYLE_USAGE(.BOTH.,#6824);
#6823=SURFACE_STYLE_USAGE(.BOTH.,#6825);
#6824=SURFACE_SIDE_STYLE('',(#6826));
#6825=SURFACE_SIDE_STYLE('',(#6827));
#6826=SURFACE_STYLE_FILL_AREA(#6828);
#6827=SURFACE_STYLE_FILL_AREA(#6829);
#6828=FILL_AREA_STYLE('\X2\94A2\X0\ - \X2\7F0E5149\X0\',(#6830));
#6829=FILL_AREA_STYLE('\X2\94A2\X0\ - \X2\7F0E5149\X0\',(#6831));
#6830=FILL_AREA_STYLE_COLOUR('\X2\94A2\X0\ - \X2\7F0E5149\X0\',#6832);
#6831=FILL_AREA_STYLE_COLOUR('\X2\94A2\X0\ - \X2\7F0E5149\X0\',#6833);
#6832=COLOUR_RGB('\X2\94A2\X0\ - \X2\7F0E5149\X0\',0.627450980392157,0.627450980392157,
0.627450980392157);
#6833=COLOUR_RGB('\X2\94A2\X0\ - \X2\7F0E5149\X0\',1.,0.647058823529412,
0.266666666666667);
ENDSEC;
END-ISO-10303-21;
